/home/ati/startup.sh: line 3: /usr/bin/go: No such file or directory
/home/ati/startup.sh: line 3: /usr/bin/go: No such file or directory
/home/ati/startup.sh: line 3: /usr/bin/go: No such file or directory
/home/ati/startup.sh: line 3: /usr/bin/go: No such file or directory
/home/ati/startup.sh: line 3: /usr/bin/go: No such file or directory
Session is running.
Session is running.
2026/01/08 13:11:19 PlatformError: X11: The DISPLAY environment variable is missing
panic: NotInitialized: The GLFW library is not initialized

goroutine 1 [running, locked to thread]:
github.com/go-gl/glfw/v3.3/glfw.acceptError({0x0, 0x0, 0xc00013c018?})
	/home/ati/go/pkg/mod/github.com/go-gl/glfw/v3.3/glfw@v0.0.0-20240506104042-037f3cc74f2a/error.go:177 +0x16f
github.com/go-gl/glfw/v3.3/glfw.panicError(...)
	/home/ati/go/pkg/mod/github.com/go-gl/glfw/v3.3/glfw@v0.0.0-20240506104042-037f3cc74f2a/error.go:188
github.com/go-gl/glfw/v3.3/glfw.CreateStandardCursor(0xc000255d00?)
	/home/ati/go/pkg/mod/github.com/go-gl/glfw/v3.3/glfw@v0.0.0-20240506104042-037f3cc74f2a/input.go:512 +0x3a
fyne.io/fyne/v2/internal/driver/glfw.initCursors()
	/home/ati/go/pkg/mod/fyne.io/fyne/v2@v2.7.1/internal/driver/glfw/window_desktop.go:56 +0x1c
fyne.io/fyne/v2/internal/driver/glfw.(*gLDriver).initGLFW(0x0?)
	/home/ati/go/pkg/mod/fyne.io/fyne/v2@v2.7.1/internal/driver/glfw/loop_desktop.go:18 +0x3a
fyne.io/fyne/v2/internal/driver/glfw.(*gLDriver).init(...)
	/home/ati/go/pkg/mod/fyne.io/fyne/v2@v2.7.1/internal/driver/glfw/driver.go:45
fyne.io/fyne/v2/internal/driver/glfw.(*gLDriver).createWindow(0xc0000f6210, {0x0?, 0x6e40cc?}, 0x1)
	/home/ati/go/pkg/mod/fyne.io/fyne/v2@v2.7.1/internal/driver/glfw/window.go:940 +0x55
fyne.io/fyne/v2/internal/driver/glfw.(*gLDriver).CreateWindow.func1()
	/home/ati/go/pkg/mod/fyne.io/fyne/v2@v2.7.1/internal/driver/glfw/window.go:901 +0x2d
fyne.io/fyne/v2/internal/async.EnsureMain(0xc000140030)
	/home/ati/go/pkg/mod/fyne.io/fyne/v2@v2.7.1/internal/async/goroutine.go:46 +0x3f
fyne.io/fyne/v2/internal/driver/glfw.(*gLDriver).CreateWindow(0xc0000f6210, {0x0, 0x0})
	/home/ati/go/pkg/mod/fyne.io/fyne/v2@v2.7.1/internal/driver/glfw/window.go:900 +0x9b
fyne.io/fyne/v2/app.(*fyneApp).NewWindow(0xc0000e63f0?, {0x0?, 0x2?})
	/home/ati/go/pkg/mod/fyne.io/fyne/v2@v2.7.1/app/app.go:67 +0x22
main.main()
	/home/ati/projects/code/FrozenPea/main.go:69 +0x1bc
exit status 2
Session is running.
Mandatory break starts in 1 minute! Make sure you save your work.
Starting mandatory break.
Got X11 context, window: 44040230
Break is over, you can continue!
Break is over, you can continue!
Break is over, you can continue!
Break is over, you can continue!
Break is over, you can continue!
Break is over, you can continue!
XGB: xgb.go:403: A read error is unrecoverable: EOF
XGB: xgb.go:403: A read error is unrecoverable: EOF
panic: close of closed channel

goroutine 30 [running]:
github.com/BurntSushi/xgb.(*Conn).Close(...)
	/home/ati/go/pkg/mod/github.com/!burnt!sushi/xgb@v0.0.0-20210121224620-deaf085860bc/xgb.go:140
github.com/BurntSushi/xgb.(*Conn).readResponses(0xc000bb20b0)
	/home/ati/go/pkg/mod/github.com/!burnt!sushi/xgb@v0.0.0-20210121224620-deaf085860bc/xgb.go:405 +0x246
created by github.com/BurntSushi/xgb.postNewConn in goroutine 1
	/home/ati/go/pkg/mod/github.com/!burnt!sushi/xgb@v0.0.0-20210121224620-deaf085860bc/xgb.go:133 +0x2b6
# github.com/Ikit24/frozenpea
./windows.go:27:26: undefined: driver
./windows.go:29:27: undefined: driver
./windows.go:62:74: undefined: color
./windows.go:91:3: declared and not used: form
./windows.go:93:3: declared and not used: confirmButton
./windows.go:94:22: fyne.CurrentApp().Close undefined (type fyne.App has no field or method Close)
./windows.go:98:31: undefined: form
./windows.go:98:37: undefined: confirmButton
# github.com/Ikit24/frozenpea
./windows.go:27:26: undefined: driver
./windows.go:29:27: undefined: driver
./windows.go:62:74: undefined: color
./windows.go:91:3: declared and not used: form
./windows.go:93:3: declared and not used: confirmButton
./windows.go:94:22: fyne.CurrentApp().Close undefined (type fyne.App has no field or method Close)
./windows.go:98:31: undefined: form
./windows.go:98:37: undefined: confirmButton
# github.com/Ikit24/frozenpea
./windows.go:27:26: undefined: driver
./windows.go:29:27: undefined: driver
./windows.go:62:74: undefined: color
./windows.go:91:3: declared and not used: form
./windows.go:93:3: declared and not used: confirmButton
./windows.go:94:22: fyne.CurrentApp().Close undefined (type fyne.App has no field or method Close)
./windows.go:98:31: undefined: form
./windows.go:98:37: undefined: confirmButton
# github.com/Ikit24/frozenpea
./windows.go:27:26: undefined: driver
./windows.go:29:27: undefined: driver
./windows.go:62:74: undefined: color
./windows.go:91:3: declared and not used: form
./windows.go:93:3: declared and not used: confirmButton
./windows.go:94:22: fyne.CurrentApp().Close undefined (type fyne.App has no field or method Close)
./windows.go:98:31: undefined: form
./windows.go:98:37: undefined: confirmButton
# github.com/Ikit24/frozenpea
./windows.go:34:26: undefined: driver
./windows.go:36:27: undefined: driver
./windows.go:69:74: undefined: color
./windows.go:93:6: declared and not used: workValue
./windows.go:93:17: declared and not used: breakValue
./windows.go:105:14: appConfig.WorkDurtaion undefined (type Config has no field or method WorkDurtaion)
./windows.go:106:14: appConfig.BreakDurtaion undefined (type Config has no field or method BreakDurtaion)
./windows.go:113:9: too many return values
	have (fyne.Window)
	want ()
# github.com/Ikit24/frozenpea
./windows.go:34:26: undefined: driver
./windows.go:36:27: undefined: driver
./windows.go:69:74: undefined: color
./windows.go:93:6: declared and not used: workValue
./windows.go:93:17: declared and not used: breakValue
./windows.go:105:14: appConfig.WorkDurtaion undefined (type Config has no field or method WorkDurtaion)
./windows.go:106:14: appConfig.BreakDurtaion undefined (type Config has no field or method BreakDurtaion)
./windows.go:113:9: too many return values
	have (fyne.Window)
	want ()
2026/01/11 12:29:39 PlatformError: X11: The DISPLAY environment variable is missing
panic: NotInitialized: The GLFW library is not initialized

goroutine 1 [running, locked to thread]:
github.com/go-gl/glfw/v3.3/glfw.acceptError({0x0, 0x0, 0xc000144018?})
	/home/ati/go/pkg/mod/github.com/go-gl/glfw/v3.3/glfw@v0.0.0-20240506104042-037f3cc74f2a/error.go:177 +0x16f
github.com/go-gl/glfw/v3.3/glfw.panicError(...)
	/home/ati/go/pkg/mod/github.com/go-gl/glfw/v3.3/glfw@v0.0.0-20240506104042-037f3cc74f2a/error.go:188
github.com/go-gl/glfw/v3.3/glfw.CreateStandardCursor(0xc00027bc68?)
	/home/ati/go/pkg/mod/github.com/go-gl/glfw/v3.3/glfw@v0.0.0-20240506104042-037f3cc74f2a/input.go:512 +0x3a
fyne.io/fyne/v2/internal/driver/glfw.initCursors()
	/home/ati/go/pkg/mod/fyne.io/fyne/v2@v2.7.1/internal/driver/glfw/window_desktop.go:56 +0x1c
fyne.io/fyne/v2/internal/driver/glfw.(*gLDriver).initGLFW(0x0?)
	/home/ati/go/pkg/mod/fyne.io/fyne/v2@v2.7.1/internal/driver/glfw/loop_desktop.go:18 +0x3a
fyne.io/fyne/v2/internal/driver/glfw.(*gLDriver).init(...)
	/home/ati/go/pkg/mod/fyne.io/fyne/v2@v2.7.1/internal/driver/glfw/driver.go:45
fyne.io/fyne/v2/internal/driver/glfw.(*gLDriver).createWindow(0xc00013a000, {0xd22584?, 0x6e40cc?}, 0x1)
	/home/ati/go/pkg/mod/fyne.io/fyne/v2@v2.7.1/internal/driver/glfw/window.go:940 +0x55
fyne.io/fyne/v2/internal/driver/glfw.(*gLDriver).CreateWindow.func1()
	/home/ati/go/pkg/mod/fyne.io/fyne/v2@v2.7.1/internal/driver/glfw/window.go:901 +0x2d
fyne.io/fyne/v2/internal/async.EnsureMain(0xc00012c180)
	/home/ati/go/pkg/mod/fyne.io/fyne/v2@v2.7.1/internal/async/goroutine.go:46 +0x3f
fyne.io/fyne/v2/internal/driver/glfw.(*gLDriver).CreateWindow(0xc00013a000, {0xd22584, 0x5})
	/home/ati/go/pkg/mod/fyne.io/fyne/v2@v2.7.1/internal/driver/glfw/window.go:900 +0x9b
fyne.io/fyne/v2/app.(*fyneApp).NewWindow(0xc00027be48?, {0xd22584?, 0xaf7ba5?})
	/home/ati/go/pkg/mod/fyne.io/fyne/v2@v2.7.1/app/app.go:67 +0x22
main.startupWindow({0xe47f58?, 0xc00013a0b0?}, 0xc0001321c0)
	/home/ati/projects/code/FrozenPea/windows.go:89 +0x3f
main.main()
	/home/ati/projects/code/FrozenPea/main.go:24 +0x4e
exit status 2
2026/01/11 12:31:27 PlatformError: X11: The DISPLAY environment variable is missing
panic: NotInitialized: The GLFW library is not initialized

goroutine 1 [running, locked to thread]:
github.com/go-gl/glfw/v3.3/glfw.acceptError({0x0, 0x0, 0xc0000120a8?})
	/home/ati/go/pkg/mod/github.com/go-gl/glfw/v3.3/glfw@v0.0.0-20240506104042-037f3cc74f2a/error.go:177 +0x16f
github.com/go-gl/glfw/v3.3/glfw.panicError(...)
	/home/ati/go/pkg/mod/github.com/go-gl/glfw/v3.3/glfw@v0.0.0-20240506104042-037f3cc74f2a/error.go:188
github.com/go-gl/glfw/v3.3/glfw.CreateStandardCursor(0xc0002bdc68?)
	/home/ati/go/pkg/mod/github.com/go-gl/glfw/v3.3/glfw@v0.0.0-20240506104042-037f3cc74f2a/input.go:512 +0x3a
fyne.io/fyne/v2/internal/driver/glfw.initCursors()
	/home/ati/go/pkg/mod/fyne.io/fyne/v2@v2.7.1/internal/driver/glfw/window_desktop.go:56 +0x1c
fyne.io/fyne/v2/internal/driver/glfw.(*gLDriver).initGLFW(0x0?)
	/home/ati/go/pkg/mod/fyne.io/fyne/v2@v2.7.1/internal/driver/glfw/loop_desktop.go:18 +0x3a
fyne.io/fyne/v2/internal/driver/glfw.(*gLDriver).init(...)
	/home/ati/go/pkg/mod/fyne.io/fyne/v2@v2.7.1/internal/driver/glfw/driver.go:45
fyne.io/fyne/v2/internal/driver/glfw.(*gLDriver).createWindow(0xc0003ec630, {0xd22584?, 0x6e40cc?}, 0x1)
	/home/ati/go/pkg/mod/fyne.io/fyne/v2@v2.7.1/internal/driver/glfw/window.go:940 +0x55
fyne.io/fyne/v2/internal/driver/glfw.(*gLDriver).CreateWindow.func1()
	/home/ati/go/pkg/mod/fyne.io/fyne/v2@v2.7.1/internal/driver/glfw/window.go:901 +0x2d
fyne.io/fyne/v2/internal/async.EnsureMain(0xc0000c46f0)
	/home/ati/go/pkg/mod/fyne.io/fyne/v2@v2.7.1/internal/async/goroutine.go:46 +0x3f
fyne.io/fyne/v2/internal/driver/glfw.(*gLDriver).CreateWindow(0xc0003ec630, {0xd22584, 0x5})
	/home/ati/go/pkg/mod/fyne.io/fyne/v2@v2.7.1/internal/driver/glfw/window.go:900 +0x9b
fyne.io/fyne/v2/app.(*fyneApp).NewWindow(0xc0002bde48?, {0xd22584?, 0xaf7ba5?})
	/home/ati/go/pkg/mod/fyne.io/fyne/v2@v2.7.1/app/app.go:67 +0x22
main.startupWindow({0xe47f58?, 0xc0003ec6e0?}, 0xc0000b80e0)
	/home/ati/projects/code/FrozenPea/windows.go:89 +0x3f
main.main()
	/home/ati/projects/code/FrozenPea/main.go:24 +0x4e
exit status 2
2026/01/12 20:55:41 PlatformError: X11: The DISPLAY environment variable is missing
panic: NotInitialized: The GLFW library is not initialized

goroutine 1 [running, locked to thread]:
github.com/go-gl/glfw/v3.3/glfw.acceptError({0x0, 0x0, 0xc000164600?})
	/home/ati/go/pkg/mod/github.com/go-gl/glfw/v3.3/glfw@v0.0.0-20240506104042-037f3cc74f2a/error.go:177 +0x16f
github.com/go-gl/glfw/v3.3/glfw.panicError(...)
	/home/ati/go/pkg/mod/github.com/go-gl/glfw/v3.3/glfw@v0.0.0-20240506104042-037f3cc74f2a/error.go:188
github.com/go-gl/glfw/v3.3/glfw.CreateStandardCursor(0xc00024bd20?)
	/home/ati/go/pkg/mod/github.com/go-gl/glfw/v3.3/glfw@v0.0.0-20240506104042-037f3cc74f2a/input.go:512 +0x3a
fyne.io/fyne/v2/internal/driver/glfw.initCursors()
	/home/ati/go/pkg/mod/fyne.io/fyne/v2@v2.7.1/internal/driver/glfw/window_desktop.go:56 +0x1c
fyne.io/fyne/v2/internal/driver/glfw.(*gLDriver).initGLFW(0x0?)
	/home/ati/go/pkg/mod/fyne.io/fyne/v2@v2.7.1/internal/driver/glfw/loop_desktop.go:18 +0x3a
fyne.io/fyne/v2/internal/driver/glfw.(*gLDriver).init(...)
	/home/ati/go/pkg/mod/fyne.io/fyne/v2@v2.7.1/internal/driver/glfw/driver.go:45
fyne.io/fyne/v2/internal/driver/glfw.(*gLDriver).createWindow(0xc000340840, {0x0?, 0x6e40cc?}, 0x1)
	/home/ati/go/pkg/mod/fyne.io/fyne/v2@v2.7.1/internal/driver/glfw/window.go:940 +0x55
fyne.io/fyne/v2/internal/driver/glfw.(*gLDriver).CreateWindow.func1()
	/home/ati/go/pkg/mod/fyne.io/fyne/v2@v2.7.1/internal/driver/glfw/window.go:901 +0x2d
fyne.io/fyne/v2/internal/async.EnsureMain(0xc000111c80)
	/home/ati/go/pkg/mod/fyne.io/fyne/v2@v2.7.1/internal/async/goroutine.go:46 +0x3f
fyne.io/fyne/v2/internal/driver/glfw.(*gLDriver).CreateWindow(0xc000340840, {0x0, 0x0})
	/home/ati/go/pkg/mod/fyne.io/fyne/v2@v2.7.1/internal/driver/glfw/window.go:900 +0x9b
fyne.io/fyne/v2/app.(*fyneApp).NewWindow(0xc000350230?, {0x0?, 0x2?})
	/home/ati/go/pkg/mod/fyne.io/fyne/v2@v2.7.1/app/app.go:67 +0x22
main.main()
	/home/ati/projects/code/FrozenPea/main.go:78 +0x148
exit status 2
Session is running.
Mandatory break starts in 1 minute! Make sure you save your work.
Starting mandatory break.
Got X11 context, window: 41943082
Break is over, you can continue!
Break is over, you can continue!
XGB: xgb.go:403: A read error is unrecoverable: EOF
XGB: xgb.go:403: A read error is unrecoverable: EOF
XGB: xgb.go:367: A write error is unrecoverable: write unix @->/tmp/.X11-unix/X1: write: broken pipe
panic: close of closed channel

goroutine 102 [running]:
github.com/BurntSushi/xgb.(*Conn).Close(...)
	/home/ati/go/pkg/mod/github.com/!burnt!sushi/xgb@v0.0.0-20210121224620-deaf085860bc/xgb.go:140
github.com/BurntSushi/xgb.(*Conn).readResponses(0xc000325340)
	/home/ati/go/pkg/mod/github.com/!burnt!sushi/xgb@v0.0.0-20210121224620-deaf085860bc/xgb.go:405 +0x246
created by github.com/BurntSushi/xgb.postNewConn in goroutine 1
	/home/ati/go/pkg/mod/github.com/!burnt!sushi/xgb@v0.0.0-20210121224620-deaf085860bc/xgb.go:133 +0x2b6
2026/01/13 18:50:52 PlatformError: X11: The DISPLAY environment variable is missing
panic: NotInitialized: The GLFW library is not initialized

goroutine 1 [running, locked to thread]:
github.com/go-gl/glfw/v3.3/glfw.acceptError({0x0, 0x0, 0xc000012738?})
	/home/ati/go/pkg/mod/github.com/go-gl/glfw/v3.3/glfw@v0.0.0-20240506104042-037f3cc74f2a/error.go:177 +0x16f
github.com/go-gl/glfw/v3.3/glfw.panicError(...)
	/home/ati/go/pkg/mod/github.com/go-gl/glfw/v3.3/glfw@v0.0.0-20240506104042-037f3cc74f2a/error.go:188
github.com/go-gl/glfw/v3.3/glfw.CreateStandardCursor(0xc00020bd20?)
	/home/ati/go/pkg/mod/github.com/go-gl/glfw/v3.3/glfw@v0.0.0-20240506104042-037f3cc74f2a/input.go:512 +0x3a
fyne.io/fyne/v2/internal/driver/glfw.initCursors()
	/home/ati/go/pkg/mod/fyne.io/fyne/v2@v2.7.1/internal/driver/glfw/window_desktop.go:56 +0x1c
fyne.io/fyne/v2/internal/driver/glfw.(*gLDriver).initGLFW(0x0?)
	/home/ati/go/pkg/mod/fyne.io/fyne/v2@v2.7.1/internal/driver/glfw/loop_desktop.go:18 +0x3a
fyne.io/fyne/v2/internal/driver/glfw.(*gLDriver).init(...)
	/home/ati/go/pkg/mod/fyne.io/fyne/v2@v2.7.1/internal/driver/glfw/driver.go:45
fyne.io/fyne/v2/internal/driver/glfw.(*gLDriver).createWindow(0xc000322840, {0x0?, 0x6e40ec?}, 0x1)
	/home/ati/go/pkg/mod/fyne.io/fyne/v2@v2.7.1/internal/driver/glfw/window.go:940 +0x55
fyne.io/fyne/v2/internal/driver/glfw.(*gLDriver).CreateWindow.func1()
	/home/ati/go/pkg/mod/fyne.io/fyne/v2@v2.7.1/internal/driver/glfw/window.go:901 +0x2d
fyne.io/fyne/v2/internal/async.EnsureMain(0xc000317ef0)
	/home/ati/go/pkg/mod/fyne.io/fyne/v2@v2.7.1/internal/async/goroutine.go:46 +0x3f
fyne.io/fyne/v2/internal/driver/glfw.(*gLDriver).CreateWindow(0xc000322840, {0x0, 0x0})
	/home/ati/go/pkg/mod/fyne.io/fyne/v2@v2.7.1/internal/driver/glfw/window.go:900 +0x9b
fyne.io/fyne/v2/app.(*fyneApp).NewWindow(0xc000232690?, {0x0?, 0x2?})
	/home/ati/go/pkg/mod/fyne.io/fyne/v2@v2.7.1/app/app.go:67 +0x22
main.main()
	/home/ati/projects/code/FrozenPea/main.go:78 +0x148
exit status 2
Session is running.
Mandatory break starts in 1 minute! Make sure you save your work.
Starting mandatory break.
Got X11 context, window: 39845930
Break is over, you can continue!
Break is over, you can continue!
Break is over, you can continue!
XGB: xgb.go:403: A read error is unrecoverable: EOF
X connection to :1 broken (explicit kill or server shutdown).
XGB: xgb.go:403: A read error is unrecoverable: EOF
XGB: xgb.go:367: A write error is unrecoverable: write unix @->/tmp/.X11-unix/X1: write: broken pipe
panic: close of closed channel

goroutine 25 [running]:
github.com/BurntSushi/xgb.(*Conn).Close(...)
	/home/ati/go/pkg/mod/github.com/!burnt!sushi/xgb@v0.0.0-20210121224620-deaf085860bc/xgb.go:140
github.com/BurntSushi/xgb.(*Conn).readResponses(0xc0002e7d90)
	/home/ati/go/pkg/mod/github.com/!burnt!sushi/xgb@v0.0.0-20210121224620-deaf085860bc/xgb.go:405 +0x246
created by github.com/BurntSushi/xgb.postNewConn in goroutine 1
	/home/ati/go/pkg/mod/github.com/!burnt!sushi/xgb@v0.0.0-20210121224620-deaf085860bc/xgb.go:133 +0x2b6
# github.com/Ikit24/frozenpea
./windows.go:105:18: undefined: canvas.NewImageFormFile
./windows.go:108:4: declared and not used: formContent
# github.com/Ikit24/frozenpea
./windows.go:105:18: undefined: canvas.NewImageFormFile
./windows.go:108:4: declared and not used: formContent
2026/01/15 19:04:53 PlatformError: X11: The DISPLAY environment variable is missing
panic: NotInitialized: The GLFW library is not initialized

goroutine 1 [running, locked to thread]:
github.com/go-gl/glfw/v3.3/glfw.acceptError({0x0, 0x0, 0xc0000120c0?})
	/home/ati/go/pkg/mod/github.com/go-gl/glfw/v3.3/glfw@v0.0.0-20240506104042-037f3cc74f2a/error.go:177 +0x16f
github.com/go-gl/glfw/v3.3/glfw.panicError(...)
	/home/ati/go/pkg/mod/github.com/go-gl/glfw/v3.3/glfw@v0.0.0-20240506104042-037f3cc74f2a/error.go:188
github.com/go-gl/glfw/v3.3/glfw.CreateStandardCursor(0xc0002bdd20?)
	/home/ati/go/pkg/mod/github.com/go-gl/glfw/v3.3/glfw@v0.0.0-20240506104042-037f3cc74f2a/input.go:512 +0x3a
fyne.io/fyne/v2/internal/driver/glfw.initCursors()
	/home/ati/go/pkg/mod/fyne.io/fyne/v2@v2.7.1/internal/driver/glfw/window_desktop.go:56 +0x1c
fyne.io/fyne/v2/internal/driver/glfw.(*gLDriver).initGLFW(0x0?)
	/home/ati/go/pkg/mod/fyne.io/fyne/v2@v2.7.1/internal/driver/glfw/loop_desktop.go:18 +0x3a
fyne.io/fyne/v2/internal/driver/glfw.(*gLDriver).init(...)
	/home/ati/go/pkg/mod/fyne.io/fyne/v2@v2.7.1/internal/driver/glfw/driver.go:45
fyne.io/fyne/v2/internal/driver/glfw.(*gLDriver).createWindow(0xc0003ec630, {0x0?, 0x6e40ec?}, 0x1)
	/home/ati/go/pkg/mod/fyne.io/fyne/v2@v2.7.1/internal/driver/glfw/window.go:940 +0x55
fyne.io/fyne/v2/internal/driver/glfw.(*gLDriver).CreateWindow.func1()
	/home/ati/go/pkg/mod/fyne.io/fyne/v2@v2.7.1/internal/driver/glfw/window.go:901 +0x2d
fyne.io/fyne/v2/internal/async.EnsureMain(0xc0000c4690)
	/home/ati/go/pkg/mod/fyne.io/fyne/v2@v2.7.1/internal/async/goroutine.go:46 +0x3f
fyne.io/fyne/v2/internal/driver/glfw.(*gLDriver).CreateWindow(0xc0003ec630, {0x0, 0x0})
	/home/ati/go/pkg/mod/fyne.io/fyne/v2@v2.7.1/internal/driver/glfw/window.go:900 +0x9b
fyne.io/fyne/v2/app.(*fyneApp).NewWindow(0xc00011e150?, {0x0?, 0x2?})
	/home/ati/go/pkg/mod/fyne.io/fyne/v2@v2.7.1/app/app.go:67 +0x22
main.main()
	/home/ati/projects/code/FrozenPea/main.go:78 +0x148
exit status 2
Session is running.
Mandatory break starts in 1 minute! Make sure you save your work.
XIO:  fatal IO error 11 (Resource temporarily unavailable) on X server ":1"
      after 755 requests (754 known processed) with 0 events remaining.
2026/01/16 16:54:44 PlatformError: X11: The DISPLAY environment variable is missing
panic: NotInitialized: The GLFW library is not initialized

goroutine 1 [running, locked to thread]:
github.com/go-gl/glfw/v3.3/glfw.acceptError({0x0, 0x0, 0xc000254690?})
	/home/ati/go/pkg/mod/github.com/go-gl/glfw/v3.3/glfw@v0.0.0-20240506104042-037f3cc74f2a/error.go:177 +0x16f
github.com/go-gl/glfw/v3.3/glfw.panicError(...)
	/home/ati/go/pkg/mod/github.com/go-gl/glfw/v3.3/glfw@v0.0.0-20240506104042-037f3cc74f2a/error.go:188
github.com/go-gl/glfw/v3.3/glfw.CreateStandardCursor(0xc0002c5d20?)
	/home/ati/go/pkg/mod/github.com/go-gl/glfw/v3.3/glfw@v0.0.0-20240506104042-037f3cc74f2a/input.go:512 +0x3a
fyne.io/fyne/v2/internal/driver/glfw.initCursors()
	/home/ati/go/pkg/mod/fyne.io/fyne/v2@v2.7.1/internal/driver/glfw/window_desktop.go:56 +0x1c
fyne.io/fyne/v2/internal/driver/glfw.(*gLDriver).initGLFW(0x0?)
	/home/ati/go/pkg/mod/fyne.io/fyne/v2@v2.7.1/internal/driver/glfw/loop_desktop.go:18 +0x3a
fyne.io/fyne/v2/internal/driver/glfw.(*gLDriver).init(...)
	/home/ati/go/pkg/mod/fyne.io/fyne/v2@v2.7.1/internal/driver/glfw/driver.go:45
fyne.io/fyne/v2/internal/driver/glfw.(*gLDriver).createWindow(0xc0003f4630, {0x0?, 0x6e40ec?}, 0x1)
	/home/ati/go/pkg/mod/fyne.io/fyne/v2@v2.7.1/internal/driver/glfw/window.go:940 +0x55
fyne.io/fyne/v2/internal/driver/glfw.(*gLDriver).CreateWindow.func1()
	/home/ati/go/pkg/mod/fyne.io/fyne/v2@v2.7.1/internal/driver/glfw/window.go:901 +0x2d
fyne.io/fyne/v2/internal/async.EnsureMain(0xc0003ed800)
	/home/ati/go/pkg/mod/fyne.io/fyne/v2@v2.7.1/internal/async/goroutine.go:46 +0x3f
fyne.io/fyne/v2/internal/driver/glfw.(*gLDriver).CreateWindow(0xc0003f4630, {0x0, 0x0})
	/home/ati/go/pkg/mod/fyne.io/fyne/v2@v2.7.1/internal/driver/glfw/window.go:900 +0x9b
fyne.io/fyne/v2/app.(*fyneApp).NewWindow(0xc0000ca000?, {0x0?, 0x2?})
	/home/ati/go/pkg/mod/fyne.io/fyne/v2@v2.7.1/app/app.go:67 +0x22
main.main()
	/home/ati/projects/code/FrozenPea/main.go:78 +0x148
exit status 2
Session is running.
X connection to :1 broken (explicit kill or server shutdown).
2026/01/17 13:23:57 PlatformError: X11: The DISPLAY environment variable is missing
panic: NotInitialized: The GLFW library is not initialized

goroutine 1 [running, locked to thread]:
github.com/go-gl/glfw/v3.3/glfw.acceptError({0x0, 0x0, 0xc000254690?})
	/home/ati/go/pkg/mod/github.com/go-gl/glfw/v3.3/glfw@v0.0.0-20240506104042-037f3cc74f2a/error.go:177 +0x16f
github.com/go-gl/glfw/v3.3/glfw.panicError(...)
	/home/ati/go/pkg/mod/github.com/go-gl/glfw/v3.3/glfw@v0.0.0-20240506104042-037f3cc74f2a/error.go:188
github.com/go-gl/glfw/v3.3/glfw.CreateStandardCursor(0xc0002bdd20?)
	/home/ati/go/pkg/mod/github.com/go-gl/glfw/v3.3/glfw@v0.0.0-20240506104042-037f3cc74f2a/input.go:512 +0x3a
fyne.io/fyne/v2/internal/driver/glfw.initCursors()
	/home/ati/go/pkg/mod/fyne.io/fyne/v2@v2.7.1/internal/driver/glfw/window_desktop.go:56 +0x1c
fyne.io/fyne/v2/internal/driver/glfw.(*gLDriver).initGLFW(0x0?)
	/home/ati/go/pkg/mod/fyne.io/fyne/v2@v2.7.1/internal/driver/glfw/loop_desktop.go:18 +0x3a
fyne.io/fyne/v2/internal/driver/glfw.(*gLDriver).init(...)
	/home/ati/go/pkg/mod/fyne.io/fyne/v2@v2.7.1/internal/driver/glfw/driver.go:45
fyne.io/fyne/v2/internal/driver/glfw.(*gLDriver).createWindow(0xc0003ec630, {0x0?, 0x6e40ec?}, 0x1)
	/home/ati/go/pkg/mod/fyne.io/fyne/v2@v2.7.1/internal/driver/glfw/window.go:940 +0x55
fyne.io/fyne/v2/internal/driver/glfw.(*gLDriver).CreateWindow.func1()
	/home/ati/go/pkg/mod/fyne.io/fyne/v2@v2.7.1/internal/driver/glfw/window.go:901 +0x2d
fyne.io/fyne/v2/internal/async.EnsureMain(0xc0003e5860)
	/home/ati/go/pkg/mod/fyne.io/fyne/v2@v2.7.1/internal/async/goroutine.go:46 +0x3f
fyne.io/fyne/v2/internal/driver/glfw.(*gLDriver).CreateWindow(0xc0003ec630, {0x0, 0x0})
	/home/ati/go/pkg/mod/fyne.io/fyne/v2@v2.7.1/internal/driver/glfw/window.go:900 +0x9b
fyne.io/fyne/v2/app.(*fyneApp).NewWindow(0xc0002f04d0?, {0x0?, 0x2?})
	/home/ati/go/pkg/mod/fyne.io/fyne/v2@v2.7.1/app/app.go:67 +0x22
main.main()
	/home/ati/projects/code/FrozenPea/main.go:78 +0x148
exit status 2
Session is running.
Mandatory break starts in 1 minute! Make sure you save your work.
XIO:  fatal IO error 11 (Resource temporarily unavailable) on X server ":1"
      after 652 requests (651 known processed) with 0 events remaining.
2026/01/17 13:25:08 PlatformError: X11: The DISPLAY environment variable is missing
panic: NotInitialized: The GLFW library is not initialized

goroutine 1 [running, locked to thread]:
github.com/go-gl/glfw/v3.3/glfw.acceptError({0x0, 0x0, 0xc000418030?})
	/home/ati/go/pkg/mod/github.com/go-gl/glfw/v3.3/glfw@v0.0.0-20240506104042-037f3cc74f2a/error.go:177 +0x16f
github.com/go-gl/glfw/v3.3/glfw.panicError(...)
	/home/ati/go/pkg/mod/github.com/go-gl/glfw/v3.3/glfw@v0.0.0-20240506104042-037f3cc74f2a/error.go:188
github.com/go-gl/glfw/v3.3/glfw.CreateStandardCursor(0xc00024bd20?)
	/home/ati/go/pkg/mod/github.com/go-gl/glfw/v3.3/glfw@v0.0.0-20240506104042-037f3cc74f2a/input.go:512 +0x3a
fyne.io/fyne/v2/internal/driver/glfw.initCursors()
	/home/ati/go/pkg/mod/fyne.io/fyne/v2@v2.7.1/internal/driver/glfw/window_desktop.go:56 +0x1c
fyne.io/fyne/v2/internal/driver/glfw.(*gLDriver).initGLFW(0x0?)
	/home/ati/go/pkg/mod/fyne.io/fyne/v2@v2.7.1/internal/driver/glfw/loop_desktop.go:18 +0x3a
fyne.io/fyne/v2/internal/driver/glfw.(*gLDriver).init(...)
	/home/ati/go/pkg/mod/fyne.io/fyne/v2@v2.7.1/internal/driver/glfw/driver.go:45
fyne.io/fyne/v2/internal/driver/glfw.(*gLDriver).createWindow(0xc00040e000, {0x0?, 0x6e40ec?}, 0x1)
	/home/ati/go/pkg/mod/fyne.io/fyne/v2@v2.7.1/internal/driver/glfw/window.go:940 +0x55
fyne.io/fyne/v2/internal/driver/glfw.(*gLDriver).CreateWindow.func1()
	/home/ati/go/pkg/mod/fyne.io/fyne/v2@v2.7.1/internal/driver/glfw/window.go:901 +0x2d
fyne.io/fyne/v2/internal/async.EnsureMain(0xc0004001b0)
	/home/ati/go/pkg/mod/fyne.io/fyne/v2@v2.7.1/internal/async/goroutine.go:46 +0x3f
fyne.io/fyne/v2/internal/driver/glfw.(*gLDriver).CreateWindow(0xc00040e000, {0x0, 0x0})
	/home/ati/go/pkg/mod/fyne.io/fyne/v2@v2.7.1/internal/driver/glfw/window.go:900 +0x9b
fyne.io/fyne/v2/app.(*fyneApp).NewWindow(0xc000414150?, {0x0?, 0x2?})
	/home/ati/go/pkg/mod/fyne.io/fyne/v2@v2.7.1/app/app.go:67 +0x22
main.main()
	/home/ati/projects/code/FrozenPea/main.go:78 +0x148
exit status 2
Session is running.
X connection to :1 broken (explicit kill or server shutdown).
2026/01/17 19:03:06 PlatformError: X11: The DISPLAY environment variable is missing
panic: NotInitialized: The GLFW library is not initialized

goroutine 1 [running, locked to thread]:
github.com/go-gl/glfw/v3.3/glfw.acceptError({0x0, 0x0, 0xc000254678?})
	/home/ati/go/pkg/mod/github.com/go-gl/glfw/v3.3/glfw@v0.0.0-20240506104042-037f3cc74f2a/error.go:177 +0x16f
github.com/go-gl/glfw/v3.3/glfw.panicError(...)
	/home/ati/go/pkg/mod/github.com/go-gl/glfw/v3.3/glfw@v0.0.0-20240506104042-037f3cc74f2a/error.go:188
github.com/go-gl/glfw/v3.3/glfw.CreateStandardCursor(0xc0002bdd20?)
	/home/ati/go/pkg/mod/github.com/go-gl/glfw/v3.3/glfw@v0.0.0-20240506104042-037f3cc74f2a/input.go:512 +0x3a
fyne.io/fyne/v2/internal/driver/glfw.initCursors()
	/home/ati/go/pkg/mod/fyne.io/fyne/v2@v2.7.1/internal/driver/glfw/window_desktop.go:56 +0x1c
fyne.io/fyne/v2/internal/driver/glfw.(*gLDriver).initGLFW(0x0?)
	/home/ati/go/pkg/mod/fyne.io/fyne/v2@v2.7.1/internal/driver/glfw/loop_desktop.go:18 +0x3a
fyne.io/fyne/v2/internal/driver/glfw.(*gLDriver).init(...)
	/home/ati/go/pkg/mod/fyne.io/fyne/v2@v2.7.1/internal/driver/glfw/driver.go:45
fyne.io/fyne/v2/internal/driver/glfw.(*gLDriver).createWindow(0xc00011e000, {0x0?, 0x6e414c?}, 0x1)
	/home/ati/go/pkg/mod/fyne.io/fyne/v2@v2.7.1/internal/driver/glfw/window.go:940 +0x55
fyne.io/fyne/v2/internal/driver/glfw.(*gLDriver).CreateWindow.func1()
	/home/ati/go/pkg/mod/fyne.io/fyne/v2@v2.7.1/internal/driver/glfw/window.go:901 +0x2d
fyne.io/fyne/v2/internal/async.EnsureMain(0xc0003e56b0)
	/home/ati/go/pkg/mod/fyne.io/fyne/v2@v2.7.1/internal/async/goroutine.go:46 +0x3f
fyne.io/fyne/v2/internal/driver/glfw.(*gLDriver).CreateWindow(0xc00011e000, {0x0, 0x0})
	/home/ati/go/pkg/mod/fyne.io/fyne/v2@v2.7.1/internal/driver/glfw/window.go:900 +0x9b
fyne.io/fyne/v2/app.(*fyneApp).NewWindow(0xc000124150?, {0x0?, 0x2?})
	/home/ati/go/pkg/mod/fyne.io/fyne/v2@v2.7.1/app/app.go:67 +0x22
main.main()
	/home/ati/projects/code/FrozenPea/main.go:78 +0x148
exit status 2
Session is running.
X connection to :1 broken (explicit kill or server shutdown).
2026/01/18 13:40:17 PlatformError: X11: The DISPLAY environment variable is missing
panic: NotInitialized: The GLFW library is not initialized

goroutine 1 [running, locked to thread]:
github.com/go-gl/glfw/v3.3/glfw.acceptError({0x0, 0x0, 0xc000428018?})
	/home/ati/go/pkg/mod/github.com/go-gl/glfw/v3.3/glfw@v0.0.0-20240506104042-037f3cc74f2a/error.go:177 +0x16f
github.com/go-gl/glfw/v3.3/glfw.panicError(...)
	/home/ati/go/pkg/mod/github.com/go-gl/glfw/v3.3/glfw@v0.0.0-20240506104042-037f3cc74f2a/error.go:188
github.com/go-gl/glfw/v3.3/glfw.CreateStandardCursor(0xc000265d20?)
	/home/ati/go/pkg/mod/github.com/go-gl/glfw/v3.3/glfw@v0.0.0-20240506104042-037f3cc74f2a/input.go:512 +0x3a
fyne.io/fyne/v2/internal/driver/glfw.initCursors()
	/home/ati/go/pkg/mod/fyne.io/fyne/v2@v2.7.1/internal/driver/glfw/window_desktop.go:56 +0x1c
fyne.io/fyne/v2/internal/driver/glfw.(*gLDriver).initGLFW(0x0?)
	/home/ati/go/pkg/mod/fyne.io/fyne/v2@v2.7.1/internal/driver/glfw/loop_desktop.go:18 +0x3a
fyne.io/fyne/v2/internal/driver/glfw.(*gLDriver).init(...)
	/home/ati/go/pkg/mod/fyne.io/fyne/v2@v2.7.1/internal/driver/glfw/driver.go:45
fyne.io/fyne/v2/internal/driver/glfw.(*gLDriver).createWindow(0xc000384840, {0x0?, 0x6e414c?}, 0x1)
	/home/ati/go/pkg/mod/fyne.io/fyne/v2@v2.7.1/internal/driver/glfw/window.go:940 +0x55
fyne.io/fyne/v2/internal/driver/glfw.(*gLDriver).CreateWindow.func1()
	/home/ati/go/pkg/mod/fyne.io/fyne/v2@v2.7.1/internal/driver/glfw/window.go:901 +0x2d
fyne.io/fyne/v2/internal/async.EnsureMain(0xc00042e000)
	/home/ati/go/pkg/mod/fyne.io/fyne/v2@v2.7.1/internal/async/goroutine.go:46 +0x3f
fyne.io/fyne/v2/internal/driver/glfw.(*gLDriver).CreateWindow(0xc000384840, {0x0, 0x0})
	/home/ati/go/pkg/mod/fyne.io/fyne/v2@v2.7.1/internal/driver/glfw/window.go:900 +0x9b
fyne.io/fyne/v2/app.(*fyneApp).NewWindow(0xc00011a070?, {0x0?, 0x2?})
	/home/ati/go/pkg/mod/fyne.io/fyne/v2@v2.7.1/app/app.go:67 +0x22
main.main()
	/home/ati/projects/code/FrozenPea/main.go:78 +0x148
exit status 2
Session is running.
XIO:  fatal IO error 11 (Resource temporarily unavailable) on X server ":1"
      after 601 requests (601 known processed) with 0 events remaining.
2026/01/19 21:48:54 PlatformError: X11: The DISPLAY environment variable is missing
panic: NotInitialized: The GLFW library is not initialized

goroutine 1 [running, locked to thread]:
github.com/go-gl/glfw/v3.3/glfw.acceptError({0x0, 0x0, 0xc00019e6f0?})
	/home/ati/go/pkg/mod/github.com/go-gl/glfw/v3.3/glfw@v0.0.0-20240506104042-037f3cc74f2a/error.go:177 +0x16f
github.com/go-gl/glfw/v3.3/glfw.panicError(...)
	/home/ati/go/pkg/mod/github.com/go-gl/glfw/v3.3/glfw@v0.0.0-20240506104042-037f3cc74f2a/error.go:188
github.com/go-gl/glfw/v3.3/glfw.CreateStandardCursor(0xc000261d20?)
	/home/ati/go/pkg/mod/github.com/go-gl/glfw/v3.3/glfw@v0.0.0-20240506104042-037f3cc74f2a/input.go:512 +0x3a
fyne.io/fyne/v2/internal/driver/glfw.initCursors()
	/home/ati/go/pkg/mod/fyne.io/fyne/v2@v2.7.1/internal/driver/glfw/window_desktop.go:56 +0x1c
fyne.io/fyne/v2/internal/driver/glfw.(*gLDriver).initGLFW(0x0?)
	/home/ati/go/pkg/mod/fyne.io/fyne/v2@v2.7.1/internal/driver/glfw/loop_desktop.go:18 +0x3a
fyne.io/fyne/v2/internal/driver/glfw.(*gLDriver).init(...)
	/home/ati/go/pkg/mod/fyne.io/fyne/v2@v2.7.1/internal/driver/glfw/driver.go:45
fyne.io/fyne/v2/internal/driver/glfw.(*gLDriver).createWindow(0xc000384840, {0x0?, 0x6e414c?}, 0x1)
	/home/ati/go/pkg/mod/fyne.io/fyne/v2@v2.7.1/internal/driver/glfw/window.go:940 +0x55
fyne.io/fyne/v2/internal/driver/glfw.(*gLDriver).CreateWindow.func1()
	/home/ati/go/pkg/mod/fyne.io/fyne/v2@v2.7.1/internal/driver/glfw/window.go:901 +0x2d
fyne.io/fyne/v2/internal/async.EnsureMain(0xc000379c80)
	/home/ati/go/pkg/mod/fyne.io/fyne/v2@v2.7.1/internal/async/goroutine.go:46 +0x3f
fyne.io/fyne/v2/internal/driver/glfw.(*gLDriver).CreateWindow(0xc000384840, {0x0, 0x0})
	/home/ati/go/pkg/mod/fyne.io/fyne/v2@v2.7.1/internal/driver/glfw/window.go:900 +0x9b
fyne.io/fyne/v2/app.(*fyneApp).NewWindow(0xc00028e4d0?, {0x0?, 0x2?})
	/home/ati/go/pkg/mod/fyne.io/fyne/v2@v2.7.1/app/app.go:67 +0x22
main.main()
	/home/ati/projects/code/FrozenPea/main.go:78 +0x148
exit status 2
Session is running.
XIO:  fatal IO error 2 (No such file or directory) on X server ":1"
      after 549 requests (549 known processed) with 1 events remaining.
2026/01/20 19:37:44 PlatformError: X11: The DISPLAY environment variable is missing
panic: NotInitialized: The GLFW library is not initialized

goroutine 1 [running, locked to thread]:
github.com/go-gl/glfw/v3.3/glfw.acceptError({0x0, 0x0, 0xc000142150?})
	/home/ati/go/pkg/mod/github.com/go-gl/glfw/v3.3/glfw@v0.0.0-20240506104042-037f3cc74f2a/error.go:177 +0x16f
github.com/go-gl/glfw/v3.3/glfw.panicError(...)
	/home/ati/go/pkg/mod/github.com/go-gl/glfw/v3.3/glfw@v0.0.0-20240506104042-037f3cc74f2a/error.go:188
github.com/go-gl/glfw/v3.3/glfw.CreateStandardCursor(0xc000215d20?)
	/home/ati/go/pkg/mod/github.com/go-gl/glfw/v3.3/glfw@v0.0.0-20240506104042-037f3cc74f2a/input.go:512 +0x3a
fyne.io/fyne/v2/internal/driver/glfw.initCursors()
	/home/ati/go/pkg/mod/fyne.io/fyne/v2@v2.7.1/internal/driver/glfw/window_desktop.go:56 +0x1c
fyne.io/fyne/v2/internal/driver/glfw.(*gLDriver).initGLFW(0x0?)
	/home/ati/go/pkg/mod/fyne.io/fyne/v2@v2.7.1/internal/driver/glfw/loop_desktop.go:18 +0x3a
fyne.io/fyne/v2/internal/driver/glfw.(*gLDriver).init(...)
	/home/ati/go/pkg/mod/fyne.io/fyne/v2@v2.7.1/internal/driver/glfw/driver.go:45
fyne.io/fyne/v2/internal/driver/glfw.(*gLDriver).createWindow(0xc000358630, {0x0?, 0x6e414c?}, 0x1)
	/home/ati/go/pkg/mod/fyne.io/fyne/v2@v2.7.1/internal/driver/glfw/window.go:940 +0x55
fyne.io/fyne/v2/internal/driver/glfw.(*gLDriver).CreateWindow.func1()
	/home/ati/go/pkg/mod/fyne.io/fyne/v2@v2.7.1/internal/driver/glfw/window.go:901 +0x2d
fyne.io/fyne/v2/internal/async.EnsureMain(0xc000110ed0)
	/home/ati/go/pkg/mod/fyne.io/fyne/v2@v2.7.1/internal/async/goroutine.go:46 +0x3f
fyne.io/fyne/v2/internal/driver/glfw.(*gLDriver).CreateWindow(0xc000358630, {0x0, 0x0})
	/home/ati/go/pkg/mod/fyne.io/fyne/v2@v2.7.1/internal/driver/glfw/window.go:900 +0x9b
fyne.io/fyne/v2/app.(*fyneApp).NewWindow(0xc00024c620?, {0x0?, 0x2?})
	/home/ati/go/pkg/mod/fyne.io/fyne/v2@v2.7.1/app/app.go:67 +0x22
main.main()
	/home/ati/projects/code/FrozenPea/main.go:78 +0x148
exit status 2
Session is running.
X connection to :1 broken (explicit kill or server shutdown).
2026/01/21 19:01:45 PlatformError: X11: The DISPLAY environment variable is missing
panic: NotInitialized: The GLFW library is not initialized

goroutine 1 [running, locked to thread]:
github.com/go-gl/glfw/v3.3/glfw.acceptError({0x0, 0x0, 0xc00013c018?})
	/home/ati/go/pkg/mod/github.com/go-gl/glfw/v3.3/glfw@v0.0.0-20240506104042-037f3cc74f2a/error.go:177 +0x16f
github.com/go-gl/glfw/v3.3/glfw.panicError(...)
	/home/ati/go/pkg/mod/github.com/go-gl/glfw/v3.3/glfw@v0.0.0-20240506104042-037f3cc74f2a/error.go:188
github.com/go-gl/glfw/v3.3/glfw.CreateStandardCursor(0xc00029fd20?)
	/home/ati/go/pkg/mod/github.com/go-gl/glfw/v3.3/glfw@v0.0.0-20240506104042-037f3cc74f2a/input.go:512 +0x3a
fyne.io/fyne/v2/internal/driver/glfw.initCursors()
	/home/ati/go/pkg/mod/fyne.io/fyne/v2@v2.7.1/internal/driver/glfw/window_desktop.go:56 +0x1c
fyne.io/fyne/v2/internal/driver/glfw.(*gLDriver).initGLFW(0x0?)
	/home/ati/go/pkg/mod/fyne.io/fyne/v2@v2.7.1/internal/driver/glfw/loop_desktop.go:18 +0x3a
fyne.io/fyne/v2/internal/driver/glfw.(*gLDriver).init(...)
	/home/ati/go/pkg/mod/fyne.io/fyne/v2@v2.7.1/internal/driver/glfw/driver.go:45
fyne.io/fyne/v2/internal/driver/glfw.(*gLDriver).createWindow(0xc0003dc630, {0x0?, 0x6e414c?}, 0x1)
	/home/ati/go/pkg/mod/fyne.io/fyne/v2@v2.7.1/internal/driver/glfw/window.go:940 +0x55
fyne.io/fyne/v2/internal/driver/glfw.(*gLDriver).CreateWindow.func1()
	/home/ati/go/pkg/mod/fyne.io/fyne/v2@v2.7.1/internal/driver/glfw/window.go:901 +0x2d
fyne.io/fyne/v2/internal/async.EnsureMain(0xc000142000)
	/home/ati/go/pkg/mod/fyne.io/fyne/v2@v2.7.1/internal/async/goroutine.go:46 +0x3f
fyne.io/fyne/v2/internal/driver/glfw.(*gLDriver).CreateWindow(0xc0003dc630, {0x0, 0x0})
	/home/ati/go/pkg/mod/fyne.io/fyne/v2@v2.7.1/internal/driver/glfw/window.go:900 +0x9b
fyne.io/fyne/v2/app.(*fyneApp).NewWindow(0xc0002d6620?, {0x0?, 0x2?})
	/home/ati/go/pkg/mod/fyne.io/fyne/v2@v2.7.1/app/app.go:67 +0x22
main.main()
	/home/ati/projects/code/FrozenPea/main.go:78 +0x148
exit status 2
Session is running.
Mandatory break starts in 1 minute! Make sure you save your work.
XIO:  fatal IO error 104 (Connection reset by peer) on X server ":1"
      after 755 requests (754 known processed) with 7 events remaining.
# github.com/Ikit24/frozenpea
./main.go:25:1: syntax error: non-declaration statement outside function body
# github.com/Ikit24/frozenpea
./main.go:25:1: syntax error: non-declaration statement outside function body
# github.com/Ikit24/frozenpea
./main.go:25:1: syntax error: non-declaration statement outside function body
# github.com/Ikit24/frozenpea
./main.go:25:1: syntax error: non-declaration statement outside function body
ALSA lib pulse.c:242:(pulse_connect) PulseAudio: Unable to connect: Connection refused

ALSA lib pulse.c:242:(pulse_connect) PulseAudio: Unable to connect: Connection refused

ALSA lib confmisc.c:165:(snd_config_get_card) Cannot get card index for 0
ALSA lib confmisc.c:165:(snd_config_get_card) Cannot get card index for 0
ALSA lib pcm_oss.c:397:(_snd_pcm_oss_open) Cannot open device /dev/dsp
ALSA lib pulse.c:242:(pulse_connect) PulseAudio: Unable to connect: Connection refused

ALSA lib confmisc.c:165:(snd_config_get_card) Cannot get card index for 0
ALSA lib confmisc.c:165:(snd_config_get_card) Cannot get card index for 0
2026/01/23 20:10:34 PlatformError: X11: The DISPLAY environment variable is missing
panic: NotInitialized: The GLFW library is not initialized

goroutine 1 [running, locked to thread]:
github.com/go-gl/glfw/v3.3/glfw.acceptError({0x0, 0x0, 0xc00012a030?})
	/home/ati/go/pkg/mod/github.com/go-gl/glfw/v3.3/glfw@v0.0.0-20240506104042-037f3cc74f2a/error.go:177 +0x16f
github.com/go-gl/glfw/v3.3/glfw.panicError(...)
	/home/ati/go/pkg/mod/github.com/go-gl/glfw/v3.3/glfw@v0.0.0-20240506104042-037f3cc74f2a/error.go:188
github.com/go-gl/glfw/v3.3/glfw.CreateStandardCursor(0xc000277d20?)
	/home/ati/go/pkg/mod/github.com/go-gl/glfw/v3.3/glfw@v0.0.0-20240506104042-037f3cc74f2a/input.go:512 +0x3a
fyne.io/fyne/v2/internal/driver/glfw.initCursors()
	/home/ati/go/pkg/mod/fyne.io/fyne/v2@v2.7.1/internal/driver/glfw/window_desktop.go:56 +0x1c
fyne.io/fyne/v2/internal/driver/glfw.(*gLDriver).initGLFW(0x0?)
	/home/ati/go/pkg/mod/fyne.io/fyne/v2@v2.7.1/internal/driver/glfw/loop_desktop.go:18 +0x3a
fyne.io/fyne/v2/internal/driver/glfw.(*gLDriver).init(...)
	/home/ati/go/pkg/mod/fyne.io/fyne/v2@v2.7.1/internal/driver/glfw/driver.go:45
fyne.io/fyne/v2/internal/driver/glfw.(*gLDriver).createWindow(0xc000120000, {0x0?, 0x6e5aec?}, 0x1)
	/home/ati/go/pkg/mod/fyne.io/fyne/v2@v2.7.1/internal/driver/glfw/window.go:940 +0x55
fyne.io/fyne/v2/internal/driver/glfw.(*gLDriver).CreateWindow.func1()
	/home/ati/go/pkg/mod/fyne.io/fyne/v2@v2.7.1/internal/driver/glfw/window.go:901 +0x2d
fyne.io/fyne/v2/internal/async.EnsureMain(0xc000112180)
	/home/ati/go/pkg/mod/fyne.io/fyne/v2@v2.7.1/internal/async/goroutine.go:46 +0x3f
fyne.io/fyne/v2/internal/driver/glfw.(*gLDriver).CreateWindow(0xc000120000, {0x0, 0x0})
	/home/ati/go/pkg/mod/fyne.io/fyne/v2@v2.7.1/internal/driver/glfw/window.go:900 +0x9b
fyne.io/fyne/v2/app.(*fyneApp).NewWindow(0xc000126150?, {0x0?, 0x2?})
	/home/ati/go/pkg/mod/fyne.io/fyne/v2@v2.7.1/app/app.go:67 +0x22
main.main()
	/home/ati/projects/code/FrozenPea/main.go:117 +0x149
exit status 2
Session is running.
Mandatory break starts in 1 minute! Make sure you save your work.
2026/01/23 19:00:08 Fyne error:  Failed to load image
2026/01/23 19:00:08   Cause: open ./notify.jpg: no such file or directory
2026/01/23 19:00:08   At: /home/ati/go/pkg/mod/fyne.io/fyne/v2@v2.7.1/canvas/image.go:136
2026/01/23 19:00:08 Fyne error:  Failed to load image
2026/01/23 19:00:08   Cause: open ./notify.jpg: no such file or directory
2026/01/23 19:00:08   At: /home/ati/go/pkg/mod/fyne.io/fyne/v2@v2.7.1/canvas/image.go:136
2026/01/23 19:00:08 Fyne error:  Failed to load image
2026/01/23 19:00:08   Cause: open ./notify.jpg: no such file or directory
2026/01/23 19:00:08   At: /home/ati/go/pkg/mod/fyne.io/fyne/v2@v2.7.1/canvas/image.go:136
2026/01/23 19:00:08 Fyne error:  Failed to load image
2026/01/23 19:00:08   Cause: open ./notify.jpg: no such file or directory
2026/01/23 19:00:08   At: /home/ati/go/pkg/mod/fyne.io/fyne/v2@v2.7.1/canvas/image.go:136
2026/01/23 19:00:08 Fyne error:  Failed to load image
2026/01/23 19:00:08   Cause: open ./notify.jpg: no such file or directory
2026/01/23 19:00:08   At: /home/ati/go/pkg/mod/fyne.io/fyne/v2@v2.7.1/canvas/image.go:136
2026/01/23 19:00:08 Fyne error:  Failed to load image
2026/01/23 19:00:08   Cause: open ./notify.jpg: no such file or directory
2026/01/23 19:00:08   At: /home/ati/go/pkg/mod/fyne.io/fyne/v2@v2.7.1/canvas/image.go:136
2026/01/23 19:00:08 Fyne error:  Failed to load image
2026/01/23 19:00:08   Cause: open ./notify.jpg: no such file or directory
2026/01/23 19:00:08   At: /home/ati/go/pkg/mod/fyne.io/fyne/v2@v2.7.1/canvas/image.go:136
2026/01/23 19:00:08 Fyne error:  Failed to load image
2026/01/23 19:00:08   Cause: open ./notify.jpg: no such file or directory
2026/01/23 19:00:08   At: /home/ati/go/pkg/mod/fyne.io/fyne/v2@v2.7.1/canvas/image.go:136
2026/01/23 19:00:09 Fyne error:  Failed to load image
2026/01/23 19:00:09   Cause: open ./notify.jpg: no such file or directory
2026/01/23 19:00:09   At: /home/ati/go/pkg/mod/fyne.io/fyne/v2@v2.7.1/canvas/image.go:136
2026/01/23 19:00:09 Fyne error:  Failed to load image
2026/01/23 19:00:09   Cause: open ./notify.jpg: no such file or directory
2026/01/23 19:00:09   At: /home/ati/go/pkg/mod/fyne.io/fyne/v2@v2.7.1/canvas/image.go:136
2026/01/23 19:00:09 Fyne error:  Failed to load image
2026/01/23 19:00:09   Cause: open ./notify.jpg: no such file or directory
2026/01/23 19:00:09   At: /home/ati/go/pkg/mod/fyne.io/fyne/v2@v2.7.1/canvas/image.go:136
2026/01/23 19:00:09 Fyne error:  Failed to load image
2026/01/23 19:00:09   Cause: open ./notify.jpg: no such file or directory
2026/01/23 19:00:09   At: /home/ati/go/pkg/mod/fyne.io/fyne/v2@v2.7.1/canvas/image.go:136
2026/01/23 19:00:09 Fyne error:  Failed to load image
2026/01/23 19:00:09   Cause: open ./notify.jpg: no such file or directory
2026/01/23 19:00:09   At: /home/ati/go/pkg/mod/fyne.io/fyne/v2@v2.7.1/canvas/image.go:136
Error opening file: open before_break.mp3: no such file or directory
2026/01/23 19:00:09 Fyne error:  Failed to load image
2026/01/23 19:00:09   Cause: open ./notify.jpg: no such file or directory
2026/01/23 19:00:09   At: /home/ati/go/pkg/mod/fyne.io/fyne/v2@v2.7.1/canvas/image.go:136
2026/01/23 19:00:09 Fyne error:  Failed to load image
2026/01/23 19:00:09   Cause: open ./notify.jpg: no such file or directory
2026/01/23 19:00:09   At: /home/ati/go/pkg/mod/fyne.io/fyne/v2@v2.7.1/canvas/image.go:136
2026/01/23 19:00:09 Fyne error:  Failed to load image
2026/01/23 19:00:09   Cause: open ./notify.jpg: no such file or directory
2026/01/23 19:00:09   At: /home/ati/go/pkg/mod/fyne.io/fyne/v2@v2.7.1/canvas/image.go:136
2026/01/23 19:00:09 Fyne error:  Failed to load image
2026/01/23 19:00:09   Cause: open ./notify.jpg: no such file or directory
2026/01/23 19:00:09   At: /home/ati/go/pkg/mod/fyne.io/fyne/v2@v2.7.1/canvas/image.go:136
2026/01/23 19:00:09 Fyne error:  Failed to load image
2026/01/23 19:00:09   Cause: open ./notify.jpg: no such file or directory
2026/01/23 19:00:09   At: /home/ati/go/pkg/mod/fyne.io/fyne/v2@v2.7.1/canvas/image.go:136
Starting mandatory break.
2026/01/23 19:01:09 Fyne error:  Failed to load image
2026/01/23 19:01:09   Cause: open ./peakpx.jpg: no such file or directory
2026/01/23 19:01:09   At: /home/ati/go/pkg/mod/fyne.io/fyne/v2@v2.7.1/canvas/image.go:136
2026/01/23 19:01:09 Fyne error:  Failed to load image
2026/01/23 19:01:09   Cause: open ./peakpx.jpg: no such file or directory
2026/01/23 19:01:09   At: /home/ati/go/pkg/mod/fyne.io/fyne/v2@v2.7.1/canvas/image.go:136
2026/01/23 19:01:09 Fyne error:  Failed to load image
2026/01/23 19:01:09   Cause: open ./peakpx.jpg: no such file or directory
2026/01/23 19:01:09   At: /home/ati/go/pkg/mod/fyne.io/fyne/v2@v2.7.1/canvas/image.go:136
2026/01/23 19:01:09 Fyne error:  Failed to load image
2026/01/23 19:01:09   Cause: open ./peakpx.jpg: no such file or directory
2026/01/23 19:01:09   At: /home/ati/go/pkg/mod/fyne.io/fyne/v2@v2.7.1/canvas/image.go:136
2026/01/23 19:01:09 Fyne error:  Failed to load image
2026/01/23 19:01:09   Cause: open ./peakpx.jpg: no such file or directory
2026/01/23 19:01:09   At: /home/ati/go/pkg/mod/fyne.io/fyne/v2@v2.7.1/canvas/image.go:136
2026/01/23 19:01:09 Fyne error:  Failed to load image
2026/01/23 19:01:09   Cause: open ./peakpx.jpg: no such file or directory
2026/01/23 19:01:09   At: /home/ati/go/pkg/mod/fyne.io/fyne/v2@v2.7.1/canvas/image.go:136
2026/01/23 19:01:09 Fyne error:  Failed to load image
2026/01/23 19:01:09   Cause: open ./peakpx.jpg: no such file or directory
2026/01/23 19:01:09   At: /home/ati/go/pkg/mod/fyne.io/fyne/v2@v2.7.1/canvas/image.go:136
2026/01/23 19:01:09 Fyne error:  Failed to load image
2026/01/23 19:01:09   Cause: open ./peakpx.jpg: no such file or directory
2026/01/23 19:01:09   At: /home/ati/go/pkg/mod/fyne.io/fyne/v2@v2.7.1/canvas/image.go:136
Got X11 context, window: 44040234
2026/01/23 19:01:09 Fyne error:  Failed to load image
2026/01/23 19:01:09   Cause: open ./peakpx.jpg: no such file or directory
2026/01/23 19:01:09   At: /home/ati/go/pkg/mod/fyne.io/fyne/v2@v2.7.1/canvas/image.go:136
2026/01/23 19:01:09 Fyne error:  Failed to load image
2026/01/23 19:01:09   Cause: open ./peakpx.jpg: no such file or directory
2026/01/23 19:01:09   At: /home/ati/go/pkg/mod/fyne.io/fyne/v2@v2.7.1/canvas/image.go:136
2026/01/23 19:01:09 Fyne error:  Failed to load image
2026/01/23 19:01:09   Cause: open ./peakpx.jpg: no such file or directory
2026/01/23 19:01:09   At: /home/ati/go/pkg/mod/fyne.io/fyne/v2@v2.7.1/canvas/image.go:136
2026/01/23 19:01:09 Fyne error:  Failed to load image
2026/01/23 19:01:09   Cause: open ./peakpx.jpg: no such file or directory
2026/01/23 19:01:09   At: /home/ati/go/pkg/mod/fyne.io/fyne/v2@v2.7.1/canvas/image.go:136
2026/01/23 19:01:09 Fyne error:  Failed to load image
2026/01/23 19:01:09   Cause: open ./peakpx.jpg: no such file or directory
2026/01/23 19:01:09   At: /home/ati/go/pkg/mod/fyne.io/fyne/v2@v2.7.1/canvas/image.go:136
2026/01/23 19:01:09 Fyne error:  Failed to load image
2026/01/23 19:01:09   Cause: open ./peakpx.jpg: no such file or directory
2026/01/23 19:01:09   At: /home/ati/go/pkg/mod/fyne.io/fyne/v2@v2.7.1/canvas/image.go:136
2026/01/23 19:01:09 Fyne error:  Failed to load image
2026/01/23 19:01:09   Cause: open ./peakpx.jpg: no such file or directory
2026/01/23 19:01:09   At: /home/ati/go/pkg/mod/fyne.io/fyne/v2@v2.7.1/canvas/image.go:136
Break is over, you can continue!
Break is over, you can continue!
Break is over, you can continue!
Break is over, you can continue!
Break is over, you can continue!
XGB: xgb.go:403: A read error is unrecoverable: EOF
XGB: xgb.go:403: A read error is unrecoverable: EOF
XGB: xgb.go:367: A write error is unrecoverable: write unix @->/tmp/.X11-unix/X1: write: broken pipe
panic: close of closed channel

goroutine 101 [running]:
github.com/BurntSushi/xgb.(*Conn).Close(...)
	/home/ati/go/pkg/mod/github.com/!burnt!sushi/xgb@v0.0.0-20210121224620-deaf085860bc/xgb.go:140
github.com/BurntSushi/xgb.(*Conn).readResponses(0xc000d5e8f0)
	/home/ati/go/pkg/mod/github.com/!burnt!sushi/xgb@v0.0.0-20210121224620-deaf085860bc/xgb.go:405 +0x246
created by github.com/BurntSushi/xgb.postNewConn in goroutine 1
	/home/ati/go/pkg/mod/github.com/!burnt!sushi/xgb@v0.0.0-20210121224620-deaf085860bc/xgb.go:133 +0x2b6
ALSA lib pulse.c:242:(pulse_connect) PulseAudio: Unable to connect: Connection refused

ALSA lib pulse.c:242:(pulse_connect) PulseAudio: Unable to connect: Connection refused

ALSA lib confmisc.c:165:(snd_config_get_card) Cannot get card index for 0
ALSA lib confmisc.c:165:(snd_config_get_card) Cannot get card index for 0
ALSA lib pcm_oss.c:397:(_snd_pcm_oss_open) Cannot open device /dev/dsp
ALSA lib pulse.c:242:(pulse_connect) PulseAudio: Unable to connect: Connection refused

ALSA lib confmisc.c:165:(snd_config_get_card) Cannot get card index for 0
ALSA lib confmisc.c:165:(snd_config_get_card) Cannot get card index for 0
2026/01/24 07:18:17 PlatformError: X11: The DISPLAY environment variable is missing
panic: NotInitialized: The GLFW library is not initialized

goroutine 1 [running, locked to thread]:
github.com/go-gl/glfw/v3.3/glfw.acceptError({0x0, 0x0, 0xc000268690?})
	/home/ati/go/pkg/mod/github.com/go-gl/glfw/v3.3/glfw@v0.0.0-20240506104042-037f3cc74f2a/error.go:177 +0x16f
github.com/go-gl/glfw/v3.3/glfw.panicError(...)
	/home/ati/go/pkg/mod/github.com/go-gl/glfw/v3.3/glfw@v0.0.0-20240506104042-037f3cc74f2a/error.go:188
github.com/go-gl/glfw/v3.3/glfw.CreateStandardCursor(0xc0002cfd20?)
	/home/ati/go/pkg/mod/github.com/go-gl/glfw/v3.3/glfw@v0.0.0-20240506104042-037f3cc74f2a/input.go:512 +0x3a
fyne.io/fyne/v2/internal/driver/glfw.initCursors()
	/home/ati/go/pkg/mod/fyne.io/fyne/v2@v2.7.1/internal/driver/glfw/window_desktop.go:56 +0x1c
fyne.io/fyne/v2/internal/driver/glfw.(*gLDriver).initGLFW(0x0?)
	/home/ati/go/pkg/mod/fyne.io/fyne/v2@v2.7.1/internal/driver/glfw/loop_desktop.go:18 +0x3a
fyne.io/fyne/v2/internal/driver/glfw.(*gLDriver).init(...)
	/home/ati/go/pkg/mod/fyne.io/fyne/v2@v2.7.1/internal/driver/glfw/driver.go:45
fyne.io/fyne/v2/internal/driver/glfw.(*gLDriver).createWindow(0xc0003fe630, {0x0?, 0x6e5aec?}, 0x1)
	/home/ati/go/pkg/mod/fyne.io/fyne/v2@v2.7.1/internal/driver/glfw/window.go:940 +0x55
fyne.io/fyne/v2/internal/driver/glfw.(*gLDriver).CreateWindow.func1()
	/home/ati/go/pkg/mod/fyne.io/fyne/v2@v2.7.1/internal/driver/glfw/window.go:901 +0x2d
fyne.io/fyne/v2/internal/async.EnsureMain(0xc0003f78f0)
	/home/ati/go/pkg/mod/fyne.io/fyne/v2@v2.7.1/internal/async/goroutine.go:46 +0x3f
fyne.io/fyne/v2/internal/driver/glfw.(*gLDriver).CreateWindow(0xc0003fe630, {0x0, 0x0})
	/home/ati/go/pkg/mod/fyne.io/fyne/v2@v2.7.1/internal/driver/glfw/window.go:900 +0x9b
fyne.io/fyne/v2/app.(*fyneApp).NewWindow(0xc0003024d0?, {0x0?, 0x2?})
	/home/ati/go/pkg/mod/fyne.io/fyne/v2@v2.7.1/app/app.go:67 +0x22
main.main()
	/home/ati/projects/code/FrozenPea/main.go:117 +0x149
exit status 2
Session is running.
Mandatory break starts in 1 minute! Make sure you save your work.
Starting mandatory break.
Got X11 context, window: 39845930
Break is over, you can continue!
Break is over, you can continue!
Break is over, you can continue!
Break is over, you can continue!
Break is over, you can continue!
Break is over, you can continue!
XGB: xgb.go:403: A read error is unrecoverable: EOF
XGB: xgb.go:403: A read error is unrecoverable: EOF
XGB: xgb.go:367: A write error is unrecoverable: write unix @->/tmp/.X11-unix/X1: write: broken pipe
panic: close of closed channel

goroutine 45 [running]:
github.com/BurntSushi/xgb.(*Conn).Close(...)
	/home/ati/go/pkg/mod/github.com/!burnt!sushi/xgb@v0.0.0-20210121224620-deaf085860bc/xgb.go:140
github.com/BurntSushi/xgb.(*Conn).readResponses(0xc000336b00)
	/home/ati/go/pkg/mod/github.com/!burnt!sushi/xgb@v0.0.0-20210121224620-deaf085860bc/xgb.go:405 +0x246
created by github.com/BurntSushi/xgb.postNewConn in goroutine 1
	/home/ati/go/pkg/mod/github.com/!burnt!sushi/xgb@v0.0.0-20210121224620-deaf085860bc/xgb.go:133 +0x2b6
ALSA lib pulse.c:242:(pulse_connect) PulseAudio: Unable to connect: Connection refused

ALSA lib pulse.c:242:(pulse_connect) PulseAudio: Unable to connect: Connection refused

ALSA lib confmisc.c:165:(snd_config_get_card) Cannot get card index for 0
ALSA lib confmisc.c:165:(snd_config_get_card) Cannot get card index for 0
ALSA lib pcm_oss.c:397:(_snd_pcm_oss_open) Cannot open device /dev/dsp
ALSA lib pulse.c:242:(pulse_connect) PulseAudio: Unable to connect: Connection refused

ALSA lib confmisc.c:165:(snd_config_get_card) Cannot get card index for 0
ALSA lib confmisc.c:165:(snd_config_get_card) Cannot get card index for 0
2026/01/24 17:28:44 PlatformError: X11: The DISPLAY environment variable is missing
panic: NotInitialized: The GLFW library is not initialized

goroutine 1 [running, locked to thread]:
github.com/go-gl/glfw/v3.3/glfw.acceptError({0x0, 0x0, 0xc000268678?})
	/home/ati/go/pkg/mod/github.com/go-gl/glfw/v3.3/glfw@v0.0.0-20240506104042-037f3cc74f2a/error.go:177 +0x16f
github.com/go-gl/glfw/v3.3/glfw.panicError(...)
	/home/ati/go/pkg/mod/github.com/go-gl/glfw/v3.3/glfw@v0.0.0-20240506104042-037f3cc74f2a/error.go:188
github.com/go-gl/glfw/v3.3/glfw.CreateStandardCursor(0xc0002cfd20?)
	/home/ati/go/pkg/mod/github.com/go-gl/glfw/v3.3/glfw@v0.0.0-20240506104042-037f3cc74f2a/input.go:512 +0x3a
fyne.io/fyne/v2/internal/driver/glfw.initCursors()
	/home/ati/go/pkg/mod/fyne.io/fyne/v2@v2.7.1/internal/driver/glfw/window_desktop.go:56 +0x1c
fyne.io/fyne/v2/internal/driver/glfw.(*gLDriver).initGLFW(0x0?)
	/home/ati/go/pkg/mod/fyne.io/fyne/v2@v2.7.1/internal/driver/glfw/loop_desktop.go:18 +0x3a
fyne.io/fyne/v2/internal/driver/glfw.(*gLDriver).init(...)
	/home/ati/go/pkg/mod/fyne.io/fyne/v2@v2.7.1/internal/driver/glfw/driver.go:45
fyne.io/fyne/v2/internal/driver/glfw.(*gLDriver).createWindow(0xc0000f6210, {0x0?, 0x6e5aec?}, 0x1)
	/home/ati/go/pkg/mod/fyne.io/fyne/v2@v2.7.1/internal/driver/glfw/window.go:940 +0x55
fyne.io/fyne/v2/internal/driver/glfw.(*gLDriver).CreateWindow.func1()
	/home/ati/go/pkg/mod/fyne.io/fyne/v2@v2.7.1/internal/driver/glfw/window.go:901 +0x2d
fyne.io/fyne/v2/internal/async.EnsureMain(0xc0003f7710)
	/home/ati/go/pkg/mod/fyne.io/fyne/v2@v2.7.1/internal/async/goroutine.go:46 +0x3f
fyne.io/fyne/v2/internal/driver/glfw.(*gLDriver).CreateWindow(0xc0000f6210, {0x0, 0x0})
	/home/ati/go/pkg/mod/fyne.io/fyne/v2@v2.7.1/internal/driver/glfw/window.go:900 +0x9b
fyne.io/fyne/v2/app.(*fyneApp).NewWindow(0xc0000e6310?, {0x0?, 0x2?})
	/home/ati/go/pkg/mod/fyne.io/fyne/v2@v2.7.1/app/app.go:67 +0x22
main.main()
	/home/ati/projects/code/FrozenPea/main.go:117 +0x149
exit status 2
Session is running.
X connection to :1 broken (explicit kill or server shutdown).
ALSA lib pulse.c:242:(pulse_connect) PulseAudio: Unable to connect: Connection refused

ALSA lib pulse.c:242:(pulse_connect) PulseAudio: Unable to connect: Connection refused

ALSA lib confmisc.c:165:(snd_config_get_card) Cannot get card index for 0
ALSA lib confmisc.c:165:(snd_config_get_card) Cannot get card index for 0
ALSA lib pcm_oss.c:397:(_snd_pcm_oss_open) Cannot open device /dev/dsp
ALSA lib pulse.c:242:(pulse_connect) PulseAudio: Unable to connect: Connection refused

ALSA lib confmisc.c:165:(snd_config_get_card) Cannot get card index for 0
ALSA lib confmisc.c:165:(snd_config_get_card) Cannot get card index for 0
2026/01/25 11:54:01 PlatformError: X11: The DISPLAY environment variable is missing
panic: NotInitialized: The GLFW library is not initialized

goroutine 1 [running, locked to thread]:
github.com/go-gl/glfw/v3.3/glfw.acceptError({0x0, 0x0, 0xc000132600?})
	/home/ati/go/pkg/mod/github.com/go-gl/glfw/v3.3/glfw@v0.0.0-20240506104042-037f3cc74f2a/error.go:177 +0x16f
github.com/go-gl/glfw/v3.3/glfw.panicError(...)
	/home/ati/go/pkg/mod/github.com/go-gl/glfw/v3.3/glfw@v0.0.0-20240506104042-037f3cc74f2a/error.go:188
github.com/go-gl/glfw/v3.3/glfw.CreateStandardCursor(0xc0001c1d20?)
	/home/ati/go/pkg/mod/github.com/go-gl/glfw/v3.3/glfw@v0.0.0-20240506104042-037f3cc74f2a/input.go:512 +0x3a
fyne.io/fyne/v2/internal/driver/glfw.initCursors()
	/home/ati/go/pkg/mod/fyne.io/fyne/v2@v2.7.1/internal/driver/glfw/window_desktop.go:56 +0x1c
fyne.io/fyne/v2/internal/driver/glfw.(*gLDriver).initGLFW(0x0?)
	/home/ati/go/pkg/mod/fyne.io/fyne/v2@v2.7.1/internal/driver/glfw/loop_desktop.go:18 +0x3a
fyne.io/fyne/v2/internal/driver/glfw.(*gLDriver).init(...)
	/home/ati/go/pkg/mod/fyne.io/fyne/v2@v2.7.1/internal/driver/glfw/driver.go:45
fyne.io/fyne/v2/internal/driver/glfw.(*gLDriver).createWindow(0xc0000fa210, {0x0?, 0x6e5aec?}, 0x1)
	/home/ati/go/pkg/mod/fyne.io/fyne/v2@v2.7.1/internal/driver/glfw/window.go:940 +0x55
fyne.io/fyne/v2/internal/driver/glfw.(*gLDriver).CreateWindow.func1()
	/home/ati/go/pkg/mod/fyne.io/fyne/v2@v2.7.1/internal/driver/glfw/window.go:901 +0x2d
fyne.io/fyne/v2/internal/async.EnsureMain(0xc000373290)
	/home/ati/go/pkg/mod/fyne.io/fyne/v2@v2.7.1/internal/async/goroutine.go:46 +0x3f
fyne.io/fyne/v2/internal/driver/glfw.(*gLDriver).CreateWindow(0xc0000fa210, {0x0, 0x0})
	/home/ati/go/pkg/mod/fyne.io/fyne/v2@v2.7.1/internal/driver/glfw/window.go:900 +0x9b
fyne.io/fyne/v2/app.(*fyneApp).NewWindow(0xc0000d4310?, {0x0?, 0x2?})
	/home/ati/go/pkg/mod/fyne.io/fyne/v2@v2.7.1/app/app.go:67 +0x22
main.main()
	/home/ati/projects/code/FrozenPea/main.go:117 +0x149
exit status 2
Session is running.
Mandatory break starts in 1 minute! Make sure you save your work.
Starting mandatory break.
Got X11 context, window: 41943082
Break is over, you can continue!
Break is over, you can continue!
Break is over, you can continue!
Break is over, you can continue!
Break is over, you can continue!
Break is over, you can continue!
Break is over, you can continue!
XGB: xgb.go:403: A read error is unrecoverable: EOF
XGB: xgb.go:403: A read error is unrecoverable: EOF
XGB: xgb.go:367: A write error is unrecoverable: write unix @->/tmp/.X11-unix/X1: write: broken pipe
panic: close of closed channel

goroutine 93 [running]:
github.com/BurntSushi/xgb.(*Conn).Close(...)
	/home/ati/go/pkg/mod/github.com/!burnt!sushi/xgb@v0.0.0-20210121224620-deaf085860bc/xgb.go:140
github.com/BurntSushi/xgb.(*Conn).readResponses(0xc000763970)
	/home/ati/go/pkg/mod/github.com/!burnt!sushi/xgb@v0.0.0-20210121224620-deaf085860bc/xgb.go:405 +0x246
created by github.com/BurntSushi/xgb.postNewConn in goroutine 1
	/home/ati/go/pkg/mod/github.com/!burnt!sushi/xgb@v0.0.0-20210121224620-deaf085860bc/xgb.go:133 +0x2b6
ALSA lib pulse.c:242:(pulse_connect) PulseAudio: Unable to connect: Connection refused

ALSA lib pulse.c:242:(pulse_connect) PulseAudio: Unable to connect: Connection refused

ALSA lib confmisc.c:165:(snd_config_get_card) Cannot get card index for 0
ALSA lib confmisc.c:165:(snd_config_get_card) Cannot get card index for 0
ALSA lib pcm_oss.c:397:(_snd_pcm_oss_open) Cannot open device /dev/dsp
ALSA lib pulse.c:242:(pulse_connect) PulseAudio: Unable to connect: Connection refused

ALSA lib confmisc.c:165:(snd_config_get_card) Cannot get card index for 0
ALSA lib confmisc.c:165:(snd_config_get_card) Cannot get card index for 0
2026/01/26 21:37:20 PlatformError: X11: The DISPLAY environment variable is missing
panic: NotInitialized: The GLFW library is not initialized

goroutine 1 [running, locked to thread]:
github.com/go-gl/glfw/v3.3/glfw.acceptError({0x0, 0x0, 0xc000012060?})
	/home/ati/go/pkg/mod/github.com/go-gl/glfw/v3.3/glfw@v0.0.0-20240506104042-037f3cc74f2a/error.go:177 +0x16f
github.com/go-gl/glfw/v3.3/glfw.panicError(...)
	/home/ati/go/pkg/mod/github.com/go-gl/glfw/v3.3/glfw@v0.0.0-20240506104042-037f3cc74f2a/error.go:188
github.com/go-gl/glfw/v3.3/glfw.CreateStandardCursor(0xc000271d20?)
	/home/ati/go/pkg/mod/github.com/go-gl/glfw/v3.3/glfw@v0.0.0-20240506104042-037f3cc74f2a/input.go:512 +0x3a
fyne.io/fyne/v2/internal/driver/glfw.initCursors()
	/home/ati/go/pkg/mod/fyne.io/fyne/v2@v2.7.1/internal/driver/glfw/window_desktop.go:56 +0x1c
fyne.io/fyne/v2/internal/driver/glfw.(*gLDriver).initGLFW(0x0?)
	/home/ati/go/pkg/mod/fyne.io/fyne/v2@v2.7.1/internal/driver/glfw/loop_desktop.go:18 +0x3a
fyne.io/fyne/v2/internal/driver/glfw.(*gLDriver).init(...)
	/home/ati/go/pkg/mod/fyne.io/fyne/v2@v2.7.1/internal/driver/glfw/driver.go:45
fyne.io/fyne/v2/internal/driver/glfw.(*gLDriver).createWindow(0xc00011e000, {0x0?, 0x6e5aec?}, 0x1)
	/home/ati/go/pkg/mod/fyne.io/fyne/v2@v2.7.1/internal/driver/glfw/window.go:940 +0x55
fyne.io/fyne/v2/internal/driver/glfw.(*gLDriver).CreateWindow.func1()
	/home/ati/go/pkg/mod/fyne.io/fyne/v2@v2.7.1/internal/driver/glfw/window.go:901 +0x2d
fyne.io/fyne/v2/internal/async.EnsureMain(0xc0000c4300)
	/home/ati/go/pkg/mod/fyne.io/fyne/v2@v2.7.1/internal/async/goroutine.go:46 +0x3f
fyne.io/fyne/v2/internal/driver/glfw.(*gLDriver).CreateWindow(0xc00011e000, {0x0, 0x0})
	/home/ati/go/pkg/mod/fyne.io/fyne/v2@v2.7.1/internal/driver/glfw/window.go:900 +0x9b
fyne.io/fyne/v2/app.(*fyneApp).NewWindow(0xc000124150?, {0x0?, 0x2?})
	/home/ati/go/pkg/mod/fyne.io/fyne/v2@v2.7.1/app/app.go:67 +0x22
main.main()
	/home/ati/projects/code/FrozenPea/main.go:117 +0x149
exit status 2
Session is running.
X connection to :1 broken (explicit kill or server shutdown).
ALSA lib pulse.c:242:(pulse_connect) PulseAudio: Unable to connect: Connection refused

ALSA lib pulse.c:242:(pulse_connect) PulseAudio: Unable to connect: Connection refused

ALSA lib confmisc.c:165:(snd_config_get_card) Cannot get card index for 0
ALSA lib confmisc.c:165:(snd_config_get_card) Cannot get card index for 0
ALSA lib pcm_oss.c:397:(_snd_pcm_oss_open) Cannot open device /dev/dsp
ALSA lib pulse.c:242:(pulse_connect) PulseAudio: Unable to connect: Connection refused

ALSA lib confmisc.c:165:(snd_config_get_card) Cannot get card index for 0
ALSA lib confmisc.c:165:(snd_config_get_card) Cannot get card index for 0
2026/01/27 19:42:16 PlatformError: X11: The DISPLAY environment variable is missing
panic: NotInitialized: The GLFW library is not initialized

goroutine 1 [running, locked to thread]:
github.com/go-gl/glfw/v3.3/glfw.acceptError({0x0, 0x0, 0xc0003a6030?})
	/home/ati/go/pkg/mod/github.com/go-gl/glfw/v3.3/glfw@v0.0.0-20240506104042-037f3cc74f2a/error.go:177 +0x16f
github.com/go-gl/glfw/v3.3/glfw.panicError(...)
	/home/ati/go/pkg/mod/github.com/go-gl/glfw/v3.3/glfw@v0.0.0-20240506104042-037f3cc74f2a/error.go:188
github.com/go-gl/glfw/v3.3/glfw.CreateStandardCursor(0xc000215d20?)
	/home/ati/go/pkg/mod/github.com/go-gl/glfw/v3.3/glfw@v0.0.0-20240506104042-037f3cc74f2a/input.go:512 +0x3a
fyne.io/fyne/v2/internal/driver/glfw.initCursors()
	/home/ati/go/pkg/mod/fyne.io/fyne/v2@v2.7.1/internal/driver/glfw/window_desktop.go:56 +0x1c
fyne.io/fyne/v2/internal/driver/glfw.(*gLDriver).initGLFW(0x0?)
	/home/ati/go/pkg/mod/fyne.io/fyne/v2@v2.7.1/internal/driver/glfw/loop_desktop.go:18 +0x3a
fyne.io/fyne/v2/internal/driver/glfw.(*gLDriver).init(...)
	/home/ati/go/pkg/mod/fyne.io/fyne/v2@v2.7.1/internal/driver/glfw/driver.go:45
fyne.io/fyne/v2/internal/driver/glfw.(*gLDriver).createWindow(0xc000334840, {0x0?, 0x6e5aec?}, 0x1)
	/home/ati/go/pkg/mod/fyne.io/fyne/v2@v2.7.1/internal/driver/glfw/window.go:940 +0x55
fyne.io/fyne/v2/internal/driver/glfw.(*gLDriver).CreateWindow.func1()
	/home/ati/go/pkg/mod/fyne.io/fyne/v2@v2.7.1/internal/driver/glfw/window.go:901 +0x2d
fyne.io/fyne/v2/internal/async.EnsureMain(0xc000382120)
	/home/ati/go/pkg/mod/fyne.io/fyne/v2@v2.7.1/internal/async/goroutine.go:46 +0x3f
fyne.io/fyne/v2/internal/driver/glfw.(*gLDriver).CreateWindow(0xc000334840, {0x0, 0x0})
	/home/ati/go/pkg/mod/fyne.io/fyne/v2@v2.7.1/internal/driver/glfw/window.go:900 +0x9b
fyne.io/fyne/v2/app.(*fyneApp).NewWindow(0xc000240690?, {0x0?, 0x2?})
	/home/ati/go/pkg/mod/fyne.io/fyne/v2@v2.7.1/app/app.go:67 +0x22
main.main()
	/home/ati/projects/code/FrozenPea/main.go:117 +0x149
exit status 2
Session is running.
X connection to :1 broken (explicit kill or server shutdown).
ALSA lib pulse.c:242:(pulse_connect) PulseAudio: Unable to connect: Connection refused

ALSA lib pulse.c:242:(pulse_connect) PulseAudio: Unable to connect: Connection refused

ALSA lib confmisc.c:165:(snd_config_get_card) Cannot get card index for 0
ALSA lib confmisc.c:165:(snd_config_get_card) Cannot get card index for 0
ALSA lib pcm_oss.c:397:(_snd_pcm_oss_open) Cannot open device /dev/dsp
ALSA lib pulse.c:242:(pulse_connect) PulseAudio: Unable to connect: Connection refused

ALSA lib confmisc.c:165:(snd_config_get_card) Cannot get card index for 0
ALSA lib confmisc.c:165:(snd_config_get_card) Cannot get card index for 0
2026/01/28 18:34:51 PlatformError: X11: The DISPLAY environment variable is missing
panic: NotInitialized: The GLFW library is not initialized

goroutine 1 [running, locked to thread]:
github.com/go-gl/glfw/v3.3/glfw.acceptError({0x0, 0x0, 0xc000496030?})
	/home/ati/go/pkg/mod/github.com/go-gl/glfw/v3.3/glfw@v0.0.0-20240506104042-037f3cc74f2a/error.go:177 +0x16f
github.com/go-gl/glfw/v3.3/glfw.panicError(...)
	/home/ati/go/pkg/mod/github.com/go-gl/glfw/v3.3/glfw@v0.0.0-20240506104042-037f3cc74f2a/error.go:188
github.com/go-gl/glfw/v3.3/glfw.CreateStandardCursor(0xc0002cfd20?)
	/home/ati/go/pkg/mod/github.com/go-gl/glfw/v3.3/glfw@v0.0.0-20240506104042-037f3cc74f2a/input.go:512 +0x3a
fyne.io/fyne/v2/internal/driver/glfw.initCursors()
	/home/ati/go/pkg/mod/fyne.io/fyne/v2@v2.7.1/internal/driver/glfw/window_desktop.go:56 +0x1c
fyne.io/fyne/v2/internal/driver/glfw.(*gLDriver).initGLFW(0x0?)
	/home/ati/go/pkg/mod/fyne.io/fyne/v2@v2.7.1/internal/driver/glfw/loop_desktop.go:18 +0x3a
fyne.io/fyne/v2/internal/driver/glfw.(*gLDriver).init(...)
	/home/ati/go/pkg/mod/fyne.io/fyne/v2@v2.7.1/internal/driver/glfw/driver.go:45
fyne.io/fyne/v2/internal/driver/glfw.(*gLDriver).createWindow(0xc0000f6210, {0x0?, 0x6e5aec?}, 0x1)
	/home/ati/go/pkg/mod/fyne.io/fyne/v2@v2.7.1/internal/driver/glfw/window.go:940 +0x55
fyne.io/fyne/v2/internal/driver/glfw.(*gLDriver).CreateWindow.func1()
	/home/ati/go/pkg/mod/fyne.io/fyne/v2@v2.7.1/internal/driver/glfw/window.go:901 +0x2d
fyne.io/fyne/v2/internal/async.EnsureMain(0xc0001244b0)
	/home/ati/go/pkg/mod/fyne.io/fyne/v2@v2.7.1/internal/async/goroutine.go:46 +0x3f
fyne.io/fyne/v2/internal/driver/glfw.(*gLDriver).CreateWindow(0xc0000f6210, {0x0, 0x0})
	/home/ati/go/pkg/mod/fyne.io/fyne/v2@v2.7.1/internal/driver/glfw/window.go:900 +0x9b
fyne.io/fyne/v2/app.(*fyneApp).NewWindow(0xc0000e6310?, {0x0?, 0x2?})
	/home/ati/go/pkg/mod/fyne.io/fyne/v2@v2.7.1/app/app.go:67 +0x22
main.main()
	/home/ati/projects/code/FrozenPea/main.go:117 +0x149
exit status 2
X connection to :1 broken (explicit kill or server shutdown).
ALSA lib pulse.c:242:(pulse_connect) PulseAudio: Unable to connect: Connection refused

ALSA lib pulse.c:242:(pulse_connect) PulseAudio: Unable to connect: Connection refused

ALSA lib confmisc.c:165:(snd_config_get_card) Cannot get card index for 0
ALSA lib confmisc.c:165:(snd_config_get_card) Cannot get card index for 0
ALSA lib pcm_oss.c:397:(_snd_pcm_oss_open) Cannot open device /dev/dsp
ALSA lib pulse.c:242:(pulse_connect) PulseAudio: Unable to connect: Connection refused

ALSA lib confmisc.c:165:(snd_config_get_card) Cannot get card index for 0
ALSA lib confmisc.c:165:(snd_config_get_card) Cannot get card index for 0
2026/01/28 18:36:53 PlatformError: X11: The DISPLAY environment variable is missing
panic: NotInitialized: The GLFW library is not initialized

goroutine 1 [running, locked to thread]:
github.com/go-gl/glfw/v3.3/glfw.acceptError({0x0, 0x0, 0xc000404048?})
	/home/ati/go/pkg/mod/github.com/go-gl/glfw/v3.3/glfw@v0.0.0-20240506104042-037f3cc74f2a/error.go:177 +0x16f
github.com/go-gl/glfw/v3.3/glfw.panicError(...)
	/home/ati/go/pkg/mod/github.com/go-gl/glfw/v3.3/glfw@v0.0.0-20240506104042-037f3cc74f2a/error.go:188
github.com/go-gl/glfw/v3.3/glfw.CreateStandardCursor(0xc0002bdd20?)
	/home/ati/go/pkg/mod/github.com/go-gl/glfw/v3.3/glfw@v0.0.0-20240506104042-037f3cc74f2a/input.go:512 +0x3a
fyne.io/fyne/v2/internal/driver/glfw.initCursors()
	/home/ati/go/pkg/mod/fyne.io/fyne/v2@v2.7.1/internal/driver/glfw/window_desktop.go:56 +0x1c
fyne.io/fyne/v2/internal/driver/glfw.(*gLDriver).initGLFW(0x0?)
	/home/ati/go/pkg/mod/fyne.io/fyne/v2@v2.7.1/internal/driver/glfw/loop_desktop.go:18 +0x3a
fyne.io/fyne/v2/internal/driver/glfw.(*gLDriver).init(...)
	/home/ati/go/pkg/mod/fyne.io/fyne/v2@v2.7.1/internal/driver/glfw/driver.go:45
fyne.io/fyne/v2/internal/driver/glfw.(*gLDriver).createWindow(0xc000408000, {0x0?, 0x6e5aec?}, 0x1)
	/home/ati/go/pkg/mod/fyne.io/fyne/v2@v2.7.1/internal/driver/glfw/window.go:940 +0x55
fyne.io/fyne/v2/internal/driver/glfw.(*gLDriver).CreateWindow.func1()
	/home/ati/go/pkg/mod/fyne.io/fyne/v2@v2.7.1/internal/driver/glfw/window.go:901 +0x2d
fyne.io/fyne/v2/internal/async.EnsureMain(0xc000118600)
	/home/ati/go/pkg/mod/fyne.io/fyne/v2@v2.7.1/internal/async/goroutine.go:46 +0x3f
fyne.io/fyne/v2/internal/driver/glfw.(*gLDriver).CreateWindow(0xc000408000, {0x0, 0x0})
	/home/ati/go/pkg/mod/fyne.io/fyne/v2@v2.7.1/internal/driver/glfw/window.go:900 +0x9b
fyne.io/fyne/v2/app.(*fyneApp).NewWindow(0xc00040a150?, {0x0?, 0x2?})
	/home/ati/go/pkg/mod/fyne.io/fyne/v2@v2.7.1/app/app.go:67 +0x22
main.main()
	/home/ati/projects/code/FrozenPea/main.go:117 +0x149
exit status 2
Session is running.
Mandatory break starts in 1 minute! Make sure you save your work.
Starting mandatory break.
Got X11 context, window: 41943082
Break is over, you can continue!
XGB: xgb.go:403: A read error is unrecoverable: EOF
XGB: xgb.go:403: A read error is unrecoverable: EOF
panic: close of closed channel

goroutine 74 [running]:
github.com/BurntSushi/xgb.(*Conn).Close(...)
	/home/ati/go/pkg/mod/github.com/!burnt!sushi/xgb@v0.0.0-20210121224620-deaf085860bc/xgb.go:140
github.com/BurntSushi/xgb.(*Conn).readResponses(0xc000336840)
	/home/ati/go/pkg/mod/github.com/!burnt!sushi/xgb@v0.0.0-20210121224620-deaf085860bc/xgb.go:405 +0x246
created by github.com/BurntSushi/xgb.postNewConn in goroutine 1
	/home/ati/go/pkg/mod/github.com/!burnt!sushi/xgb@v0.0.0-20210121224620-deaf085860bc/xgb.go:133 +0x2b6
ALSA lib pulse.c:242:(pulse_connect) PulseAudio: Unable to connect: Connection refused

ALSA lib pulse.c:242:(pulse_connect) PulseAudio: Unable to connect: Connection refused

ALSA lib confmisc.c:165:(snd_config_get_card) Cannot get card index for 0
ALSA lib confmisc.c:165:(snd_config_get_card) Cannot get card index for 0
ALSA lib pcm_oss.c:397:(_snd_pcm_oss_open) Cannot open device /dev/dsp
ALSA lib pulse.c:242:(pulse_connect) PulseAudio: Unable to connect: Connection refused

ALSA lib confmisc.c:165:(snd_config_get_card) Cannot get card index for 0
ALSA lib confmisc.c:165:(snd_config_get_card) Cannot get card index for 0
2026/01/29 19:25:50 PlatformError: X11: The DISPLAY environment variable is missing
panic: NotInitialized: The GLFW library is not initialized

goroutine 1 [running, locked to thread]:
github.com/go-gl/glfw/v3.3/glfw.acceptError({0x0, 0x0, 0xc0000120d8?})
	/home/ati/go/pkg/mod/github.com/go-gl/glfw/v3.3/glfw@v0.0.0-20240506104042-037f3cc74f2a/error.go:177 +0x16f
github.com/go-gl/glfw/v3.3/glfw.panicError(...)
	/home/ati/go/pkg/mod/github.com/go-gl/glfw/v3.3/glfw@v0.0.0-20240506104042-037f3cc74f2a/error.go:188
github.com/go-gl/glfw/v3.3/glfw.CreateStandardCursor(0xc00025dd20?)
	/home/ati/go/pkg/mod/github.com/go-gl/glfw/v3.3/glfw@v0.0.0-20240506104042-037f3cc74f2a/input.go:512 +0x3a
fyne.io/fyne/v2/internal/driver/glfw.initCursors()
	/home/ati/go/pkg/mod/fyne.io/fyne/v2@v2.7.1/internal/driver/glfw/window_desktop.go:56 +0x1c
fyne.io/fyne/v2/internal/driver/glfw.(*gLDriver).initGLFW(0x0?)
	/home/ati/go/pkg/mod/fyne.io/fyne/v2@v2.7.1/internal/driver/glfw/loop_desktop.go:18 +0x3a
fyne.io/fyne/v2/internal/driver/glfw.(*gLDriver).init(...)
	/home/ati/go/pkg/mod/fyne.io/fyne/v2@v2.7.1/internal/driver/glfw/driver.go:45
fyne.io/fyne/v2/internal/driver/glfw.(*gLDriver).createWindow(0xc00038a630, {0x0?, 0x6e5aec?}, 0x1)
	/home/ati/go/pkg/mod/fyne.io/fyne/v2@v2.7.1/internal/driver/glfw/window.go:940 +0x55
fyne.io/fyne/v2/internal/driver/glfw.(*gLDriver).CreateWindow.func1()
	/home/ati/go/pkg/mod/fyne.io/fyne/v2@v2.7.1/internal/driver/glfw/window.go:901 +0x2d
fyne.io/fyne/v2/internal/async.EnsureMain(0xc0000c4b40)
	/home/ati/go/pkg/mod/fyne.io/fyne/v2@v2.7.1/internal/async/goroutine.go:46 +0x3f
fyne.io/fyne/v2/internal/driver/glfw.(*gLDriver).CreateWindow(0xc00038a630, {0x0, 0x0})
	/home/ati/go/pkg/mod/fyne.io/fyne/v2@v2.7.1/internal/driver/glfw/window.go:900 +0x9b
fyne.io/fyne/v2/app.(*fyneApp).NewWindow(0xc00028e4d0?, {0x0?, 0x2?})
	/home/ati/go/pkg/mod/fyne.io/fyne/v2@v2.7.1/app/app.go:67 +0x22
main.main()
	/home/ati/projects/code/FrozenPea/main.go:117 +0x149
exit status 2
Session is running.
X connection to :1 broken (explicit kill or server shutdown).
ALSA lib pulse.c:242:(pulse_connect) PulseAudio: Unable to connect: Connection refused

ALSA lib pulse.c:242:(pulse_connect) PulseAudio: Unable to connect: Connection refused

ALSA lib confmisc.c:165:(snd_config_get_card) Cannot get card index for 0
ALSA lib confmisc.c:165:(snd_config_get_card) Cannot get card index for 0
ALSA lib pcm_oss.c:397:(_snd_pcm_oss_open) Cannot open device /dev/dsp
ALSA lib pulse.c:242:(pulse_connect) PulseAudio: Unable to connect: Connection refused

ALSA lib confmisc.c:165:(snd_config_get_card) Cannot get card index for 0
ALSA lib confmisc.c:165:(snd_config_get_card) Cannot get card index for 0
2026/01/30 18:21:54 PlatformError: X11: The DISPLAY environment variable is missing
panic: NotInitialized: The GLFW library is not initialized

goroutine 1 [running, locked to thread]:
github.com/go-gl/glfw/v3.3/glfw.acceptError({0x0, 0x0, 0xc0000120d8?})
	/home/ati/go/pkg/mod/github.com/go-gl/glfw/v3.3/glfw@v0.0.0-20240506104042-037f3cc74f2a/error.go:177 +0x16f
github.com/go-gl/glfw/v3.3/glfw.panicError(...)
	/home/ati/go/pkg/mod/github.com/go-gl/glfw/v3.3/glfw@v0.0.0-20240506104042-037f3cc74f2a/error.go:188
github.com/go-gl/glfw/v3.3/glfw.CreateStandardCursor(0xc00025dd20?)
	/home/ati/go/pkg/mod/github.com/go-gl/glfw/v3.3/glfw@v0.0.0-20240506104042-037f3cc74f2a/input.go:512 +0x3a
fyne.io/fyne/v2/internal/driver/glfw.initCursors()
	/home/ati/go/pkg/mod/fyne.io/fyne/v2@v2.7.1/internal/driver/glfw/window_desktop.go:56 +0x1c
fyne.io/fyne/v2/internal/driver/glfw.(*gLDriver).initGLFW(0x0?)
	/home/ati/go/pkg/mod/fyne.io/fyne/v2@v2.7.1/internal/driver/glfw/loop_desktop.go:18 +0x3a
fyne.io/fyne/v2/internal/driver/glfw.(*gLDriver).init(...)
	/home/ati/go/pkg/mod/fyne.io/fyne/v2@v2.7.1/internal/driver/glfw/driver.go:45
fyne.io/fyne/v2/internal/driver/glfw.(*gLDriver).createWindow(0xc000410000, {0x0?, 0x6e5aec?}, 0x1)
	/home/ati/go/pkg/mod/fyne.io/fyne/v2@v2.7.1/internal/driver/glfw/window.go:940 +0x55
fyne.io/fyne/v2/internal/driver/glfw.(*gLDriver).CreateWindow.func1()
	/home/ati/go/pkg/mod/fyne.io/fyne/v2@v2.7.1/internal/driver/glfw/window.go:901 +0x2d
fyne.io/fyne/v2/internal/async.EnsureMain(0xc0000c4ae0)
	/home/ati/go/pkg/mod/fyne.io/fyne/v2@v2.7.1/internal/async/goroutine.go:46 +0x3f
fyne.io/fyne/v2/internal/driver/glfw.(*gLDriver).CreateWindow(0xc000410000, {0x0, 0x0})
	/home/ati/go/pkg/mod/fyne.io/fyne/v2@v2.7.1/internal/driver/glfw/window.go:900 +0x9b
fyne.io/fyne/v2/app.(*fyneApp).NewWindow(0xc000416150?, {0x0?, 0x2?})
	/home/ati/go/pkg/mod/fyne.io/fyne/v2@v2.7.1/app/app.go:67 +0x22
main.main()
	/home/ati/projects/code/FrozenPea/main.go:117 +0x149
exit status 2
Session is running.
XIO:  fatal IO error 2 (No such file or directory) on X server ":1"
      after 585 requests (585 known processed) with 1 events remaining.
ALSA lib pulse.c:242:(pulse_connect) PulseAudio: Unable to connect: Connection refused

ALSA lib pulse.c:242:(pulse_connect) PulseAudio: Unable to connect: Connection refused

ALSA lib confmisc.c:165:(snd_config_get_card) Cannot get card index for 0
ALSA lib confmisc.c:165:(snd_config_get_card) Cannot get card index for 0
ALSA lib pcm_oss.c:397:(_snd_pcm_oss_open) Cannot open device /dev/dsp
ALSA lib pulse.c:242:(pulse_connect) PulseAudio: Unable to connect: Connection refused

ALSA lib confmisc.c:165:(snd_config_get_card) Cannot get card index for 0
ALSA lib confmisc.c:165:(snd_config_get_card) Cannot get card index for 0
2026/01/31 12:45:59 PlatformError: X11: The DISPLAY environment variable is missing
panic: NotInitialized: The GLFW library is not initialized

goroutine 1 [running, locked to thread]:
github.com/go-gl/glfw/v3.3/glfw.acceptError({0x0, 0x0, 0xc000012600?})
	/home/ati/go/pkg/mod/github.com/go-gl/glfw/v3.3/glfw@v0.0.0-20240506104042-037f3cc74f2a/error.go:177 +0x16f
github.com/go-gl/glfw/v3.3/glfw.panicError(...)
	/home/ati/go/pkg/mod/github.com/go-gl/glfw/v3.3/glfw@v0.0.0-20240506104042-037f3cc74f2a/error.go:188
github.com/go-gl/glfw/v3.3/glfw.CreateStandardCursor(0xc000287d20?)
	/home/ati/go/pkg/mod/github.com/go-gl/glfw/v3.3/glfw@v0.0.0-20240506104042-037f3cc74f2a/input.go:512 +0x3a
fyne.io/fyne/v2/internal/driver/glfw.initCursors()
	/home/ati/go/pkg/mod/fyne.io/fyne/v2@v2.7.1/internal/driver/glfw/window_desktop.go:56 +0x1c
fyne.io/fyne/v2/internal/driver/glfw.(*gLDriver).initGLFW(0x0?)
	/home/ati/go/pkg/mod/fyne.io/fyne/v2@v2.7.1/internal/driver/glfw/loop_desktop.go:18 +0x3a
fyne.io/fyne/v2/internal/driver/glfw.(*gLDriver).init(...)
	/home/ati/go/pkg/mod/fyne.io/fyne/v2@v2.7.1/internal/driver/glfw/driver.go:45
fyne.io/fyne/v2/internal/driver/glfw.(*gLDriver).createWindow(0xc0001b0210, {0x0?, 0x6e5aec?}, 0x1)
	/home/ati/go/pkg/mod/fyne.io/fyne/v2@v2.7.1/internal/driver/glfw/window.go:940 +0x55
fyne.io/fyne/v2/internal/driver/glfw.(*gLDriver).CreateWindow.func1()
	/home/ati/go/pkg/mod/fyne.io/fyne/v2@v2.7.1/internal/driver/glfw/window.go:901 +0x2d
fyne.io/fyne/v2/internal/async.EnsureMain(0xc0003b9320)
	/home/ati/go/pkg/mod/fyne.io/fyne/v2@v2.7.1/internal/async/goroutine.go:46 +0x3f
fyne.io/fyne/v2/internal/driver/glfw.(*gLDriver).CreateWindow(0xc0001b0210, {0x0, 0x0})
	/home/ati/go/pkg/mod/fyne.io/fyne/v2@v2.7.1/internal/driver/glfw/window.go:900 +0x9b
fyne.io/fyne/v2/app.(*fyneApp).NewWindow(0xc00022a1c0?, {0x0?, 0x2?})
	/home/ati/go/pkg/mod/fyne.io/fyne/v2@v2.7.1/app/app.go:67 +0x22
main.main()
	/home/ati/projects/code/FrozenPea/main.go:117 +0x149
exit status 2
Session is running.
Mandatory break starts in 1 minute! Make sure you save your work.
Starting mandatory break.
Got X11 context, window: 44040234
Break is over, you can continue!
Break is over, you can continue!
Break is over, you can continue!
Break is over, you can continue!
XGB: xgb.go:403: A read error is unrecoverable: EOF
XGB: xgb.go:403: A read error is unrecoverable: EOF
XGB: xgb.go:367: A write error is unrecoverable: write unix @->/tmp/.X11-unix/X1: write: broken pipe
panic: close of closed channel

goroutine 58 [running]:
github.com/BurntSushi/xgb.(*Conn).Close(...)
	/home/ati/go/pkg/mod/github.com/!burnt!sushi/xgb@v0.0.0-20210121224620-deaf085860bc/xgb.go:140
github.com/BurntSushi/xgb.(*Conn).readResponses(0xc000aa0000)
	/home/ati/go/pkg/mod/github.com/!burnt!sushi/xgb@v0.0.0-20210121224620-deaf085860bc/xgb.go:405 +0x246
created by github.com/BurntSushi/xgb.postNewConn in goroutine 1
	/home/ati/go/pkg/mod/github.com/!burnt!sushi/xgb@v0.0.0-20210121224620-deaf085860bc/xgb.go:133 +0x2b6
ALSA lib pulse.c:242:(pulse_connect) PulseAudio: Unable to connect: Connection refused

ALSA lib pulse.c:242:(pulse_connect) PulseAudio: Unable to connect: Connection refused

ALSA lib confmisc.c:165:(snd_config_get_card) Cannot get card index for 0
ALSA lib confmisc.c:165:(snd_config_get_card) Cannot get card index for 0
ALSA lib pcm_oss.c:397:(_snd_pcm_oss_open) Cannot open device /dev/dsp
ALSA lib pulse.c:242:(pulse_connect) PulseAudio: Unable to connect: Connection refused

ALSA lib confmisc.c:165:(snd_config_get_card) Cannot get card index for 0
ALSA lib confmisc.c:165:(snd_config_get_card) Cannot get card index for 0
2026/02/01 14:52:12 PlatformError: X11: The DISPLAY environment variable is missing
panic: NotInitialized: The GLFW library is not initialized

goroutine 1 [running, locked to thread]:
github.com/go-gl/glfw/v3.3/glfw.acceptError({0x0, 0x0, 0xc000012030?})
	/home/ati/go/pkg/mod/github.com/go-gl/glfw/v3.3/glfw@v0.0.0-20240506104042-037f3cc74f2a/error.go:177 +0x16f
github.com/go-gl/glfw/v3.3/glfw.panicError(...)
	/home/ati/go/pkg/mod/github.com/go-gl/glfw/v3.3/glfw@v0.0.0-20240506104042-037f3cc74f2a/error.go:188
github.com/go-gl/glfw/v3.3/glfw.CreateStandardCursor(0xc00020dd20?)
	/home/ati/go/pkg/mod/github.com/go-gl/glfw/v3.3/glfw@v0.0.0-20240506104042-037f3cc74f2a/input.go:512 +0x3a
fyne.io/fyne/v2/internal/driver/glfw.initCursors()
	/home/ati/go/pkg/mod/fyne.io/fyne/v2@v2.7.1/internal/driver/glfw/window_desktop.go:56 +0x1c
fyne.io/fyne/v2/internal/driver/glfw.(*gLDriver).initGLFW(0x0?)
	/home/ati/go/pkg/mod/fyne.io/fyne/v2@v2.7.1/internal/driver/glfw/loop_desktop.go:18 +0x3a
fyne.io/fyne/v2/internal/driver/glfw.(*gLDriver).init(...)
	/home/ati/go/pkg/mod/fyne.io/fyne/v2@v2.7.1/internal/driver/glfw/driver.go:45
fyne.io/fyne/v2/internal/driver/glfw.(*gLDriver).createWindow(0xc0003c6000, {0x0?, 0x6e5aec?}, 0x1)
	/home/ati/go/pkg/mod/fyne.io/fyne/v2@v2.7.1/internal/driver/glfw/window.go:940 +0x55
fyne.io/fyne/v2/internal/driver/glfw.(*gLDriver).CreateWindow.func1()
	/home/ati/go/pkg/mod/fyne.io/fyne/v2@v2.7.1/internal/driver/glfw/window.go:901 +0x2d
fyne.io/fyne/v2/internal/async.EnsureMain(0xc0000de000)
	/home/ati/go/pkg/mod/fyne.io/fyne/v2@v2.7.1/internal/async/goroutine.go:46 +0x3f
fyne.io/fyne/v2/internal/driver/glfw.(*gLDriver).CreateWindow(0xc0003c6000, {0x0, 0x0})
	/home/ati/go/pkg/mod/fyne.io/fyne/v2@v2.7.1/internal/driver/glfw/window.go:900 +0x9b
fyne.io/fyne/v2/app.(*fyneApp).NewWindow(0xc0003cc150?, {0x0?, 0x2?})
	/home/ati/go/pkg/mod/fyne.io/fyne/v2@v2.7.1/app/app.go:67 +0x22
main.main()
	/home/ati/projects/code/FrozenPea/main.go:116 +0x149
exit status 2
Mandatory break starts in 1 minute! Make sure you save your work.
Starting mandatory break.
Got X11 context, window: 44040234
Break is over, you can continue!
XGB: xgb.go:403: A read error is unrecoverable: EOF
XGB: xgb.go:403: A read error is unrecoverable: EOF
panic: close of closed channel

goroutine 117 [running]:
github.com/BurntSushi/xgb.(*Conn).Close(...)
	/home/ati/go/pkg/mod/github.com/!burnt!sushi/xgb@v0.0.0-20210121224620-deaf085860bc/xgb.go:140
github.com/BurntSushi/xgb.(*Conn).readResponses(0xc0003369a0)
	/home/ati/go/pkg/mod/github.com/!burnt!sushi/xgb@v0.0.0-20210121224620-deaf085860bc/xgb.go:405 +0x246
created by github.com/BurntSushi/xgb.postNewConn in goroutine 1
	/home/ati/go/pkg/mod/github.com/!burnt!sushi/xgb@v0.0.0-20210121224620-deaf085860bc/xgb.go:133 +0x2b6
ALSA lib pulse.c:242:(pulse_connect) PulseAudio: Unable to connect: Connection refused

ALSA lib pulse.c:242:(pulse_connect) PulseAudio: Unable to connect: Connection refused

ALSA lib confmisc.c:165:(snd_config_get_card) Cannot get card index for 0
ALSA lib confmisc.c:165:(snd_config_get_card) Cannot get card index for 0
ALSA lib pcm_oss.c:397:(_snd_pcm_oss_open) Cannot open device /dev/dsp
ALSA lib pulse.c:242:(pulse_connect) PulseAudio: Unable to connect: Connection refused

ALSA lib confmisc.c:165:(snd_config_get_card) Cannot get card index for 0
ALSA lib confmisc.c:165:(snd_config_get_card) Cannot get card index for 0
2026/02/02 22:00:46 PlatformError: X11: The DISPLAY environment variable is missing
panic: NotInitialized: The GLFW library is not initialized

goroutine 1 [running, locked to thread]:
github.com/go-gl/glfw/v3.3/glfw.acceptError({0x0, 0x0, 0xc000140150?})
	/home/ati/go/pkg/mod/github.com/go-gl/glfw/v3.3/glfw@v0.0.0-20240506104042-037f3cc74f2a/error.go:177 +0x16f
github.com/go-gl/glfw/v3.3/glfw.panicError(...)
	/home/ati/go/pkg/mod/github.com/go-gl/glfw/v3.3/glfw@v0.0.0-20240506104042-037f3cc74f2a/error.go:188
github.com/go-gl/glfw/v3.3/glfw.CreateStandardCursor(0xc000223d20?)
	/home/ati/go/pkg/mod/github.com/go-gl/glfw/v3.3/glfw@v0.0.0-20240506104042-037f3cc74f2a/input.go:512 +0x3a
fyne.io/fyne/v2/internal/driver/glfw.initCursors()
	/home/ati/go/pkg/mod/fyne.io/fyne/v2@v2.7.1/internal/driver/glfw/window_desktop.go:56 +0x1c
fyne.io/fyne/v2/internal/driver/glfw.(*gLDriver).initGLFW(0x0?)
	/home/ati/go/pkg/mod/fyne.io/fyne/v2@v2.7.1/internal/driver/glfw/loop_desktop.go:18 +0x3a
fyne.io/fyne/v2/internal/driver/glfw.(*gLDriver).init(...)
	/home/ati/go/pkg/mod/fyne.io/fyne/v2@v2.7.1/internal/driver/glfw/driver.go:45
fyne.io/fyne/v2/internal/driver/glfw.(*gLDriver).createWindow(0xc000360630, {0x0?, 0x6e5aec?}, 0x1)
	/home/ati/go/pkg/mod/fyne.io/fyne/v2@v2.7.1/internal/driver/glfw/window.go:940 +0x55
fyne.io/fyne/v2/internal/driver/glfw.(*gLDriver).CreateWindow.func1()
	/home/ati/go/pkg/mod/fyne.io/fyne/v2@v2.7.1/internal/driver/glfw/window.go:901 +0x2d
fyne.io/fyne/v2/internal/async.EnsureMain(0xc000110d20)
	/home/ati/go/pkg/mod/fyne.io/fyne/v2@v2.7.1/internal/async/goroutine.go:46 +0x3f
fyne.io/fyne/v2/internal/driver/glfw.(*gLDriver).CreateWindow(0xc000360630, {0x0, 0x0})
	/home/ati/go/pkg/mod/fyne.io/fyne/v2@v2.7.1/internal/driver/glfw/window.go:900 +0x9b
fyne.io/fyne/v2/app.(*fyneApp).NewWindow(0xc00025a620?, {0x0?, 0x2?})
	/home/ati/go/pkg/mod/fyne.io/fyne/v2@v2.7.1/app/app.go:67 +0x22
main.main()
	/home/ati/projects/code/FrozenPea/main.go:116 +0x149
exit status 2
X connection to :1 broken (explicit kill or server shutdown).
ALSA lib pulse.c:242:(pulse_connect) PulseAudio: Unable to connect: Connection refused

ALSA lib pulse.c:242:(pulse_connect) PulseAudio: Unable to connect: Connection refused

ALSA lib confmisc.c:165:(snd_config_get_card) Cannot get card index for 0
ALSA lib confmisc.c:165:(snd_config_get_card) Cannot get card index for 0
ALSA lib pcm_oss.c:397:(_snd_pcm_oss_open) Cannot open device /dev/dsp
ALSA lib pulse.c:242:(pulse_connect) PulseAudio: Unable to connect: Connection refused

ALSA lib confmisc.c:165:(snd_config_get_card) Cannot get card index for 0
ALSA lib confmisc.c:165:(snd_config_get_card) Cannot get card index for 0
2026/02/03 19:29:53 PlatformError: X11: The DISPLAY environment variable is missing
panic: NotInitialized: The GLFW library is not initialized

goroutine 1 [running, locked to thread]:
github.com/go-gl/glfw/v3.3/glfw.acceptError({0x0, 0x0, 0xc0001165e8?})
	/home/ati/go/pkg/mod/github.com/go-gl/glfw/v3.3/glfw@v0.0.0-20240506104042-037f3cc74f2a/error.go:177 +0x16f
github.com/go-gl/glfw/v3.3/glfw.panicError(...)
	/home/ati/go/pkg/mod/github.com/go-gl/glfw/v3.3/glfw@v0.0.0-20240506104042-037f3cc74f2a/error.go:188
github.com/go-gl/glfw/v3.3/glfw.CreateStandardCursor(0xc000165d20?)
	/home/ati/go/pkg/mod/github.com/go-gl/glfw/v3.3/glfw@v0.0.0-20240506104042-037f3cc74f2a/input.go:512 +0x3a
fyne.io/fyne/v2/internal/driver/glfw.initCursors()
	/home/ati/go/pkg/mod/fyne.io/fyne/v2@v2.7.1/internal/driver/glfw/window_desktop.go:56 +0x1c
fyne.io/fyne/v2/internal/driver/glfw.(*gLDriver).initGLFW(0x0?)
	/home/ati/go/pkg/mod/fyne.io/fyne/v2@v2.7.1/internal/driver/glfw/loop_desktop.go:18 +0x3a
fyne.io/fyne/v2/internal/driver/glfw.(*gLDriver).init(...)
	/home/ati/go/pkg/mod/fyne.io/fyne/v2@v2.7.1/internal/driver/glfw/driver.go:45
fyne.io/fyne/v2/internal/driver/glfw.(*gLDriver).createWindow(0xc00019a210, {0x0?, 0x6e5aec?}, 0x1)
	/home/ati/go/pkg/mod/fyne.io/fyne/v2@v2.7.1/internal/driver/glfw/window.go:940 +0x55
fyne.io/fyne/v2/internal/driver/glfw.(*gLDriver).CreateWindow.func1()
	/home/ati/go/pkg/mod/fyne.io/fyne/v2@v2.7.1/internal/driver/glfw/window.go:901 +0x2d
fyne.io/fyne/v2/internal/async.EnsureMain(0xc0003a51d0)
	/home/ati/go/pkg/mod/fyne.io/fyne/v2@v2.7.1/internal/async/goroutine.go:46 +0x3f
fyne.io/fyne/v2/internal/driver/glfw.(*gLDriver).CreateWindow(0xc00019a210, {0x0, 0x0})
	/home/ati/go/pkg/mod/fyne.io/fyne/v2@v2.7.1/internal/driver/glfw/window.go:900 +0x9b
fyne.io/fyne/v2/app.(*fyneApp).NewWindow(0xc00021a1c0?, {0x0?, 0x2?})
	/home/ati/go/pkg/mod/fyne.io/fyne/v2@v2.7.1/app/app.go:67 +0x22
main.main()
	/home/ati/projects/code/FrozenPea/main.go:116 +0x149
exit status 2
ALSA lib pulse.c:242:(pulse_connect) PulseAudio: Unable to connect: Connection refused

ALSA lib pulse.c:242:(pulse_connect) PulseAudio: Unable to connect: Connection refused

ALSA lib confmisc.c:165:(snd_config_get_card) Cannot get card index for 0
ALSA lib confmisc.c:165:(snd_config_get_card) Cannot get card index for 0
ALSA lib pcm_oss.c:397:(_snd_pcm_oss_open) Cannot open device /dev/dsp
ALSA lib pulse.c:242:(pulse_connect) PulseAudio: Unable to connect: Connection refused

ALSA lib confmisc.c:165:(snd_config_get_card) Cannot get card index for 0
ALSA lib confmisc.c:165:(snd_config_get_card) Cannot get card index for 0
2026/02/04 17:14:23 PlatformError: X11: The DISPLAY environment variable is missing
panic: NotInitialized: The GLFW library is not initialized

goroutine 1 [running, locked to thread]:
github.com/go-gl/glfw/v3.3/glfw.acceptError({0x0, 0x0, 0xc0000125e8?})
	/home/ati/go/pkg/mod/github.com/go-gl/glfw/v3.3/glfw@v0.0.0-20240506104042-037f3cc74f2a/error.go:177 +0x16f
github.com/go-gl/glfw/v3.3/glfw.panicError(...)
	/home/ati/go/pkg/mod/github.com/go-gl/glfw/v3.3/glfw@v0.0.0-20240506104042-037f3cc74f2a/error.go:188
github.com/go-gl/glfw/v3.3/glfw.CreateStandardCursor(0xc0002a3d20?)
	/home/ati/go/pkg/mod/github.com/go-gl/glfw/v3.3/glfw@v0.0.0-20240506104042-037f3cc74f2a/input.go:512 +0x3a
fyne.io/fyne/v2/internal/driver/glfw.initCursors()
	/home/ati/go/pkg/mod/fyne.io/fyne/v2@v2.7.1/internal/driver/glfw/window_desktop.go:56 +0x1c
fyne.io/fyne/v2/internal/driver/glfw.(*gLDriver).initGLFW(0x0?)
	/home/ati/go/pkg/mod/fyne.io/fyne/v2@v2.7.1/internal/driver/glfw/loop_desktop.go:18 +0x3a
fyne.io/fyne/v2/internal/driver/glfw.(*gLDriver).init(...)
	/home/ati/go/pkg/mod/fyne.io/fyne/v2@v2.7.1/internal/driver/glfw/driver.go:45
fyne.io/fyne/v2/internal/driver/glfw.(*gLDriver).createWindow(0xc00041a000, {0x0?, 0x6e5aec?}, 0x1)
	/home/ati/go/pkg/mod/fyne.io/fyne/v2@v2.7.1/internal/driver/glfw/window.go:940 +0x55
fyne.io/fyne/v2/internal/driver/glfw.(*gLDriver).CreateWindow.func1()
	/home/ati/go/pkg/mod/fyne.io/fyne/v2@v2.7.1/internal/driver/glfw/window.go:901 +0x2d
fyne.io/fyne/v2/internal/async.EnsureMain(0xc0003d9170)
	/home/ati/go/pkg/mod/fyne.io/fyne/v2@v2.7.1/internal/async/goroutine.go:46 +0x3f
fyne.io/fyne/v2/internal/driver/glfw.(*gLDriver).CreateWindow(0xc00041a000, {0x0, 0x0})
	/home/ati/go/pkg/mod/fyne.io/fyne/v2@v2.7.1/internal/driver/glfw/window.go:900 +0x9b
fyne.io/fyne/v2/app.(*fyneApp).NewWindow(0xc00041c150?, {0x0?, 0x2?})
	/home/ati/go/pkg/mod/fyne.io/fyne/v2@v2.7.1/app/app.go:67 +0x22
main.main()
	/home/ati/projects/code/FrozenPea/main.go:116 +0x149
exit status 2
X connection to :1 broken (explicit kill or server shutdown).
ALSA lib pulse.c:242:(pulse_connect) PulseAudio: Unable to connect: Connection refused

ALSA lib pulse.c:242:(pulse_connect) PulseAudio: Unable to connect: Connection refused

ALSA lib confmisc.c:165:(snd_config_get_card) Cannot get card index for 0
ALSA lib confmisc.c:165:(snd_config_get_card) Cannot get card index for 0
ALSA lib pcm_oss.c:397:(_snd_pcm_oss_open) Cannot open device /dev/dsp
ALSA lib pulse.c:242:(pulse_connect) PulseAudio: Unable to connect: Connection refused

ALSA lib confmisc.c:165:(snd_config_get_card) Cannot get card index for 0
ALSA lib confmisc.c:165:(snd_config_get_card) Cannot get card index for 0
2026/02/05 19:39:03 PlatformError: X11: The DISPLAY environment variable is missing
panic: NotInitialized: The GLFW library is not initialized

goroutine 1 [running, locked to thread]:
github.com/go-gl/glfw/v3.3/glfw.acceptError({0x0, 0x0, 0xc00013e150?})
	/home/ati/go/pkg/mod/github.com/go-gl/glfw/v3.3/glfw@v0.0.0-20240506104042-037f3cc74f2a/error.go:177 +0x16f
github.com/go-gl/glfw/v3.3/glfw.panicError(...)
	/home/ati/go/pkg/mod/github.com/go-gl/glfw/v3.3/glfw@v0.0.0-20240506104042-037f3cc74f2a/error.go:188
github.com/go-gl/glfw/v3.3/glfw.CreateStandardCursor(0xc00021dd20?)
	/home/ati/go/pkg/mod/github.com/go-gl/glfw/v3.3/glfw@v0.0.0-20240506104042-037f3cc74f2a/input.go:512 +0x3a
fyne.io/fyne/v2/internal/driver/glfw.initCursors()
	/home/ati/go/pkg/mod/fyne.io/fyne/v2@v2.7.1/internal/driver/glfw/window_desktop.go:56 +0x1c
fyne.io/fyne/v2/internal/driver/glfw.(*gLDriver).initGLFW(0x0?)
	/home/ati/go/pkg/mod/fyne.io/fyne/v2@v2.7.1/internal/driver/glfw/loop_desktop.go:18 +0x3a
fyne.io/fyne/v2/internal/driver/glfw.(*gLDriver).init(...)
	/home/ati/go/pkg/mod/fyne.io/fyne/v2@v2.7.1/internal/driver/glfw/driver.go:45
fyne.io/fyne/v2/internal/driver/glfw.(*gLDriver).createWindow(0xc000358630, {0x0?, 0x6e5aec?}, 0x1)
	/home/ati/go/pkg/mod/fyne.io/fyne/v2@v2.7.1/internal/driver/glfw/window.go:940 +0x55
fyne.io/fyne/v2/internal/driver/glfw.(*gLDriver).CreateWindow.func1()
	/home/ati/go/pkg/mod/fyne.io/fyne/v2@v2.7.1/internal/driver/glfw/window.go:901 +0x2d
fyne.io/fyne/v2/internal/async.EnsureMain(0xc000110e10)
	/home/ati/go/pkg/mod/fyne.io/fyne/v2@v2.7.1/internal/async/goroutine.go:46 +0x3f
fyne.io/fyne/v2/internal/driver/glfw.(*gLDriver).CreateWindow(0xc000358630, {0x0, 0x0})
	/home/ati/go/pkg/mod/fyne.io/fyne/v2@v2.7.1/internal/driver/glfw/window.go:900 +0x9b
fyne.io/fyne/v2/app.(*fyneApp).NewWindow(0xc000254620?, {0x0?, 0x2?})
	/home/ati/go/pkg/mod/fyne.io/fyne/v2@v2.7.1/app/app.go:67 +0x22
main.main()
	/home/ati/projects/code/FrozenPea/main.go:116 +0x149
exit status 2
X connection to :1 broken (explicit kill or server shutdown).
ALSA lib pulse.c:242:(pulse_connect) PulseAudio: Unable to connect: Connection refused

ALSA lib pulse.c:242:(pulse_connect) PulseAudio: Unable to connect: Connection refused

ALSA lib confmisc.c:165:(snd_config_get_card) Cannot get card index for 0
ALSA lib confmisc.c:165:(snd_config_get_card) Cannot get card index for 0
ALSA lib pcm_oss.c:397:(_snd_pcm_oss_open) Cannot open device /dev/dsp
ALSA lib pulse.c:242:(pulse_connect) PulseAudio: Unable to connect: Connection refused

ALSA lib confmisc.c:165:(snd_config_get_card) Cannot get card index for 0
ALSA lib confmisc.c:165:(snd_config_get_card) Cannot get card index for 0
2026/02/06 21:54:04 PlatformError: X11: The DISPLAY environment variable is missing
panic: NotInitialized: The GLFW library is not initialized

goroutine 1 [running, locked to thread]:
github.com/go-gl/glfw/v3.3/glfw.acceptError({0x0, 0x0, 0xc000012600?})
	/home/ati/go/pkg/mod/github.com/go-gl/glfw/v3.3/glfw@v0.0.0-20240506104042-037f3cc74f2a/error.go:177 +0x16f
github.com/go-gl/glfw/v3.3/glfw.panicError(...)
	/home/ati/go/pkg/mod/github.com/go-gl/glfw/v3.3/glfw@v0.0.0-20240506104042-037f3cc74f2a/error.go:188
github.com/go-gl/glfw/v3.3/glfw.CreateStandardCursor(0xc00029dd20?)
	/home/ati/go/pkg/mod/github.com/go-gl/glfw/v3.3/glfw@v0.0.0-20240506104042-037f3cc74f2a/input.go:512 +0x3a
fyne.io/fyne/v2/internal/driver/glfw.initCursors()
	/home/ati/go/pkg/mod/fyne.io/fyne/v2@v2.7.1/internal/driver/glfw/window_desktop.go:56 +0x1c
fyne.io/fyne/v2/internal/driver/glfw.(*gLDriver).initGLFW(0x0?)
	/home/ati/go/pkg/mod/fyne.io/fyne/v2@v2.7.1/internal/driver/glfw/loop_desktop.go:18 +0x3a
fyne.io/fyne/v2/internal/driver/glfw.(*gLDriver).init(...)
	/home/ati/go/pkg/mod/fyne.io/fyne/v2@v2.7.1/internal/driver/glfw/driver.go:45
fyne.io/fyne/v2/internal/driver/glfw.(*gLDriver).createWindow(0xc00019a210, {0x0?, 0x6e5aec?}, 0x1)
	/home/ati/go/pkg/mod/fyne.io/fyne/v2@v2.7.1/internal/driver/glfw/window.go:940 +0x55
fyne.io/fyne/v2/internal/driver/glfw.(*gLDriver).CreateWindow.func1()
	/home/ati/go/pkg/mod/fyne.io/fyne/v2@v2.7.1/internal/driver/glfw/window.go:901 +0x2d
fyne.io/fyne/v2/internal/async.EnsureMain(0xc0003d7170)
	/home/ati/go/pkg/mod/fyne.io/fyne/v2@v2.7.1/internal/async/goroutine.go:46 +0x3f
fyne.io/fyne/v2/internal/driver/glfw.(*gLDriver).CreateWindow(0xc00019a210, {0x0, 0x0})
	/home/ati/go/pkg/mod/fyne.io/fyne/v2@v2.7.1/internal/driver/glfw/window.go:900 +0x9b
fyne.io/fyne/v2/app.(*fyneApp).NewWindow(0xc00021a1c0?, {0x0?, 0x2?})
	/home/ati/go/pkg/mod/fyne.io/fyne/v2@v2.7.1/app/app.go:67 +0x22
main.main()
	/home/ati/projects/code/FrozenPea/main.go:116 +0x149
exit status 2
X connection to :1 broken (explicit kill or server shutdown).
ALSA lib pulse.c:242:(pulse_connect) PulseAudio: Unable to connect: Connection refused

ALSA lib pulse.c:242:(pulse_connect) PulseAudio: Unable to connect: Connection refused

ALSA lib confmisc.c:165:(snd_config_get_card) Cannot get card index for 0
ALSA lib confmisc.c:165:(snd_config_get_card) Cannot get card index for 0
ALSA lib pcm_oss.c:397:(_snd_pcm_oss_open) Cannot open device /dev/dsp
ALSA lib pulse.c:242:(pulse_connect) PulseAudio: Unable to connect: Connection refused

ALSA lib confmisc.c:165:(snd_config_get_card) Cannot get card index for 0
ALSA lib confmisc.c:165:(snd_config_get_card) Cannot get card index for 0
2026/02/07 07:43:17 PlatformError: X11: The DISPLAY environment variable is missing
panic: NotInitialized: The GLFW library is not initialized

goroutine 1 [running, locked to thread]:
github.com/go-gl/glfw/v3.3/glfw.acceptError({0x0, 0x0, 0xc000486018?})
	/home/ati/go/pkg/mod/github.com/go-gl/glfw/v3.3/glfw@v0.0.0-20240506104042-037f3cc74f2a/error.go:177 +0x16f
github.com/go-gl/glfw/v3.3/glfw.panicError(...)
	/home/ati/go/pkg/mod/github.com/go-gl/glfw/v3.3/glfw@v0.0.0-20240506104042-037f3cc74f2a/error.go:188
github.com/go-gl/glfw/v3.3/glfw.CreateStandardCursor(0xc0000f9d20?)
	/home/ati/go/pkg/mod/github.com/go-gl/glfw/v3.3/glfw@v0.0.0-20240506104042-037f3cc74f2a/input.go:512 +0x3a
fyne.io/fyne/v2/internal/driver/glfw.initCursors()
	/home/ati/go/pkg/mod/fyne.io/fyne/v2@v2.7.1/internal/driver/glfw/window_desktop.go:56 +0x1c
fyne.io/fyne/v2/internal/driver/glfw.(*gLDriver).initGLFW(0x0?)
	/home/ati/go/pkg/mod/fyne.io/fyne/v2@v2.7.1/internal/driver/glfw/loop_desktop.go:18 +0x3a
fyne.io/fyne/v2/internal/driver/glfw.(*gLDriver).init(...)
	/home/ati/go/pkg/mod/fyne.io/fyne/v2@v2.7.1/internal/driver/glfw/driver.go:45
fyne.io/fyne/v2/internal/driver/glfw.(*gLDriver).createWindow(0xc00019c210, {0x0?, 0x6e5aec?}, 0x1)
	/home/ati/go/pkg/mod/fyne.io/fyne/v2@v2.7.1/internal/driver/glfw/window.go:940 +0x55
fyne.io/fyne/v2/internal/driver/glfw.(*gLDriver).CreateWindow.func1()
	/home/ati/go/pkg/mod/fyne.io/fyne/v2@v2.7.1/internal/driver/glfw/window.go:901 +0x2d
fyne.io/fyne/v2/internal/async.EnsureMain(0xc00048c000)
	/home/ati/go/pkg/mod/fyne.io/fyne/v2@v2.7.1/internal/async/goroutine.go:46 +0x3f
fyne.io/fyne/v2/internal/driver/glfw.(*gLDriver).CreateWindow(0xc00019c210, {0x0, 0x0})
	/home/ati/go/pkg/mod/fyne.io/fyne/v2@v2.7.1/internal/driver/glfw/window.go:900 +0x9b
fyne.io/fyne/v2/app.(*fyneApp).NewWindow(0xc00021c1c0?, {0x0?, 0x2?})
	/home/ati/go/pkg/mod/fyne.io/fyne/v2@v2.7.1/app/app.go:67 +0x22
main.main()
	/home/ati/projects/code/FrozenPea/main.go:116 +0x149
exit status 2
Got X11 context, window: 41943082
XGB: xgb.go:403: A read error is unrecoverable: EOF
XGB: xgb.go:403: A read error is unrecoverable: EOF
XGB: xgb.go:367: A write error is unrecoverable: write unix @->/tmp/.X11-unix/X1: write: broken pipe
panic: close of closed channel

goroutine 33 [running]:
github.com/BurntSushi/xgb.(*Conn).Close(...)
	/home/ati/go/pkg/mod/github.com/!burnt!sushi/xgb@v0.0.0-20210121224620-deaf085860bc/xgb.go:140
github.com/BurntSushi/xgb.(*Conn).readResponses(0xc0003369a0)
	/home/ati/go/pkg/mod/github.com/!burnt!sushi/xgb@v0.0.0-20210121224620-deaf085860bc/xgb.go:405 +0x246
created by github.com/BurntSushi/xgb.postNewConn in goroutine 1
	/home/ati/go/pkg/mod/github.com/!burnt!sushi/xgb@v0.0.0-20210121224620-deaf085860bc/xgb.go:133 +0x2b6
ALSA lib pulse.c:242:(pulse_connect) PulseAudio: Unable to connect: Connection refused

ALSA lib pulse.c:242:(pulse_connect) PulseAudio: Unable to connect: Connection refused

ALSA lib confmisc.c:165:(snd_config_get_card) Cannot get card index for 0
ALSA lib confmisc.c:165:(snd_config_get_card) Cannot get card index for 0
ALSA lib pcm_oss.c:397:(_snd_pcm_oss_open) Cannot open device /dev/dsp
ALSA lib pulse.c:242:(pulse_connect) PulseAudio: Unable to connect: Connection refused

ALSA lib confmisc.c:165:(snd_config_get_card) Cannot get card index for 0
ALSA lib confmisc.c:165:(snd_config_get_card) Cannot get card index for 0
2026/02/07 14:27:13 PlatformError: X11: The DISPLAY environment variable is missing
panic: NotInitialized: The GLFW library is not initialized

goroutine 1 [running, locked to thread]:
github.com/go-gl/glfw/v3.3/glfw.acceptError({0x0, 0x0, 0xc00013c018?})
	/home/ati/go/pkg/mod/github.com/go-gl/glfw/v3.3/glfw@v0.0.0-20240506104042-037f3cc74f2a/error.go:177 +0x16f
github.com/go-gl/glfw/v3.3/glfw.panicError(...)
	/home/ati/go/pkg/mod/github.com/go-gl/glfw/v3.3/glfw@v0.0.0-20240506104042-037f3cc74f2a/error.go:188
github.com/go-gl/glfw/v3.3/glfw.CreateStandardCursor(0xc00021bd20?)
	/home/ati/go/pkg/mod/github.com/go-gl/glfw/v3.3/glfw@v0.0.0-20240506104042-037f3cc74f2a/input.go:512 +0x3a
fyne.io/fyne/v2/internal/driver/glfw.initCursors()
	/home/ati/go/pkg/mod/fyne.io/fyne/v2@v2.7.1/internal/driver/glfw/window_desktop.go:56 +0x1c
fyne.io/fyne/v2/internal/driver/glfw.(*gLDriver).initGLFW(0x0?)
	/home/ati/go/pkg/mod/fyne.io/fyne/v2@v2.7.1/internal/driver/glfw/loop_desktop.go:18 +0x3a
fyne.io/fyne/v2/internal/driver/glfw.(*gLDriver).init(...)
	/home/ati/go/pkg/mod/fyne.io/fyne/v2@v2.7.1/internal/driver/glfw/driver.go:45
fyne.io/fyne/v2/internal/driver/glfw.(*gLDriver).createWindow(0xc0003aa000, {0x0?, 0x6e5aec?}, 0x1)
	/home/ati/go/pkg/mod/fyne.io/fyne/v2@v2.7.1/internal/driver/glfw/window.go:940 +0x55
fyne.io/fyne/v2/internal/driver/glfw.(*gLDriver).CreateWindow.func1()
	/home/ati/go/pkg/mod/fyne.io/fyne/v2@v2.7.1/internal/driver/glfw/window.go:901 +0x2d
fyne.io/fyne/v2/internal/async.EnsureMain(0xc000142000)
	/home/ati/go/pkg/mod/fyne.io/fyne/v2@v2.7.1/internal/async/goroutine.go:46 +0x3f
fyne.io/fyne/v2/internal/driver/glfw.(*gLDriver).CreateWindow(0xc0003aa000, {0x0, 0x0})
	/home/ati/go/pkg/mod/fyne.io/fyne/v2@v2.7.1/internal/driver/glfw/window.go:900 +0x9b
fyne.io/fyne/v2/app.(*fyneApp).NewWindow(0xc0003b0150?, {0x0?, 0x2?})
	/home/ati/go/pkg/mod/fyne.io/fyne/v2@v2.7.1/app/app.go:67 +0x22
main.main()
	/home/ati/projects/code/FrozenPea/main.go:115 +0x149
exit status 2
ALSA lib pulse.c:242:(pulse_connect) PulseAudio: Unable to connect: Connection refused

ALSA lib pulse.c:242:(pulse_connect) PulseAudio: Unable to connect: Connection refused

ALSA lib confmisc.c:165:(snd_config_get_card) Cannot get card index for 0
ALSA lib confmisc.c:165:(snd_config_get_card) Cannot get card index for 0
ALSA lib pcm_oss.c:397:(_snd_pcm_oss_open) Cannot open device /dev/dsp
ALSA lib pulse.c:242:(pulse_connect) PulseAudio: Unable to connect: Connection refused

ALSA lib confmisc.c:165:(snd_config_get_card) Cannot get card index for 0
ALSA lib confmisc.c:165:(snd_config_get_card) Cannot get card index for 0
2026/02/08 10:41:04 PlatformError: X11: The DISPLAY environment variable is missing
panic: NotInitialized: The GLFW library is not initialized

goroutine 1 [running, locked to thread]:
github.com/go-gl/glfw/v3.3/glfw.acceptError({0x0, 0x0, 0xc0001b0150?})
	/home/ati/go/pkg/mod/github.com/go-gl/glfw/v3.3/glfw@v0.0.0-20240506104042-037f3cc74f2a/error.go:177 +0x16f
github.com/go-gl/glfw/v3.3/glfw.panicError(...)
	/home/ati/go/pkg/mod/github.com/go-gl/glfw/v3.3/glfw@v0.0.0-20240506104042-037f3cc74f2a/error.go:188
github.com/go-gl/glfw/v3.3/glfw.CreateStandardCursor(0xc000287d20?)
	/home/ati/go/pkg/mod/github.com/go-gl/glfw/v3.3/glfw@v0.0.0-20240506104042-037f3cc74f2a/input.go:512 +0x3a
fyne.io/fyne/v2/internal/driver/glfw.initCursors()
	/home/ati/go/pkg/mod/fyne.io/fyne/v2@v2.7.1/internal/driver/glfw/window_desktop.go:56 +0x1c
fyne.io/fyne/v2/internal/driver/glfw.(*gLDriver).initGLFW(0x0?)
	/home/ati/go/pkg/mod/fyne.io/fyne/v2@v2.7.1/internal/driver/glfw/loop_desktop.go:18 +0x3a
fyne.io/fyne/v2/internal/driver/glfw.(*gLDriver).init(...)
	/home/ati/go/pkg/mod/fyne.io/fyne/v2@v2.7.1/internal/driver/glfw/driver.go:45
fyne.io/fyne/v2/internal/driver/glfw.(*gLDriver).createWindow(0xc0003ca630, {0x0?, 0x6e5aec?}, 0x1)
	/home/ati/go/pkg/mod/fyne.io/fyne/v2@v2.7.1/internal/driver/glfw/window.go:940 +0x55
fyne.io/fyne/v2/internal/driver/glfw.(*gLDriver).CreateWindow.func1()
	/home/ati/go/pkg/mod/fyne.io/fyne/v2@v2.7.1/internal/driver/glfw/window.go:901 +0x2d
fyne.io/fyne/v2/internal/async.EnsureMain(0xc000180e10)
	/home/ati/go/pkg/mod/fyne.io/fyne/v2@v2.7.1/internal/async/goroutine.go:46 +0x3f
fyne.io/fyne/v2/internal/driver/glfw.(*gLDriver).CreateWindow(0xc0003ca630, {0x0, 0x0})
	/home/ati/go/pkg/mod/fyne.io/fyne/v2@v2.7.1/internal/driver/glfw/window.go:900 +0x9b
fyne.io/fyne/v2/app.(*fyneApp).NewWindow(0xc0002c4620?, {0x0?, 0x2?})
	/home/ati/go/pkg/mod/fyne.io/fyne/v2@v2.7.1/app/app.go:67 +0x22
main.main()
	/home/ati/projects/code/FrozenPea/main.go:115 +0x149
exit status 2
Got X11 context, window: 41943082
Got X11 context, window: 41943090
X connection to :1 broken (explicit kill or server shutdown).
XGB: xgb.go:403: A read error is unrecoverable: EOF
XGB: xgb.go:403: A read error is unrecoverable: EOF
XGB: xgb.go:403: A read error is unrecoverable: EOF
XGB: xgb.go:403: A read error is unrecoverable: EOF
panic: close of closed channel

goroutine 72 [running]:
github.com/BurntSushi/xgb.(*Conn).Close(...)
	/home/ati/go/pkg/mod/github.com/!burnt!sushi/xgb@v0.0.0-20210121224620-deaf085860bc/xgb.go:140
github.com/BurntSushi/xgb.(*Conn).readResponses(0xc002f1a210)
	/home/ati/go/pkg/mod/github.com/!burnt!sushi/xgb@v0.0.0-20210121224620-deaf085860bc/xgb.go:405 +0x246
created by github.com/BurntSushi/xgb.postNewConn in goroutine 1
	/home/ati/go/pkg/mod/github.com/!burnt!sushi/xgb@v0.0.0-20210121224620-deaf085860bc/xgb.go:133 +0x2b6
panic: close of closed channel

goroutine 62 [running]:
github.com/BurntSushi/xgb.(*Conn).Close(...)
	/home/ati/go/pkg/mod/github.com/!burnt!sushi/xgb@v0.0.0-20210121224620-deaf085860bc/xgb.go:140
github.com/BurntSushi/xgb.(*Conn).readResponses(0xc000336840)
	/home/ati/go/pkg/mod/github.com/!burnt!sushi/xgb@v0.0.0-20210121224620-deaf085860bc/xgb.go:405 +0x246
created by github.com/BurntSushi/xgb.postNewConn in goroutine 1
	/home/ati/go/pkg/mod/github.com/!burnt!sushi/xgb@v0.0.0-20210121224620-deaf085860bc/xgb.go:133 +0x2b6
ALSA lib pulse.c:242:(pulse_connect) PulseAudio: Unable to connect: Connection refused

ALSA lib pulse.c:242:(pulse_connect) PulseAudio: Unable to connect: Connection refused

ALSA lib confmisc.c:165:(snd_config_get_card) Cannot get card index for 0
ALSA lib confmisc.c:165:(snd_config_get_card) Cannot get card index for 0
ALSA lib pcm_oss.c:397:(_snd_pcm_oss_open) Cannot open device /dev/dsp
ALSA lib pulse.c:242:(pulse_connect) PulseAudio: Unable to connect: Connection refused

ALSA lib confmisc.c:165:(snd_config_get_card) Cannot get card index for 0
ALSA lib confmisc.c:165:(snd_config_get_card) Cannot get card index for 0
2026/02/08 22:58:30 PlatformError: X11: The DISPLAY environment variable is missing
panic: NotInitialized: The GLFW library is not initialized

goroutine 1 [running, locked to thread]:
github.com/go-gl/glfw/v3.3/glfw.acceptError({0x0, 0x0, 0xc000012060?})
	/home/ati/go/pkg/mod/github.com/go-gl/glfw/v3.3/glfw@v0.0.0-20240506104042-037f3cc74f2a/error.go:177 +0x16f
github.com/go-gl/glfw/v3.3/glfw.panicError(...)
	/home/ati/go/pkg/mod/github.com/go-gl/glfw/v3.3/glfw@v0.0.0-20240506104042-037f3cc74f2a/error.go:188
github.com/go-gl/glfw/v3.3/glfw.CreateStandardCursor(0xc000155d20?)
	/home/ati/go/pkg/mod/github.com/go-gl/glfw/v3.3/glfw@v0.0.0-20240506104042-037f3cc74f2a/input.go:512 +0x3a
fyne.io/fyne/v2/internal/driver/glfw.initCursors()
	/home/ati/go/pkg/mod/fyne.io/fyne/v2@v2.7.1/internal/driver/glfw/window_desktop.go:56 +0x1c
fyne.io/fyne/v2/internal/driver/glfw.(*gLDriver).initGLFW(0x0?)
	/home/ati/go/pkg/mod/fyne.io/fyne/v2@v2.7.1/internal/driver/glfw/loop_desktop.go:18 +0x3a
fyne.io/fyne/v2/internal/driver/glfw.(*gLDriver).init(...)
	/home/ati/go/pkg/mod/fyne.io/fyne/v2@v2.7.1/internal/driver/glfw/driver.go:45
fyne.io/fyne/v2/internal/driver/glfw.(*gLDriver).createWindow(0xc0003aa630, {0x0?, 0x6e5aec?}, 0x1)
	/home/ati/go/pkg/mod/fyne.io/fyne/v2@v2.7.1/internal/driver/glfw/window.go:940 +0x55
fyne.io/fyne/v2/internal/driver/glfw.(*gLDriver).CreateWindow.func1()
	/home/ati/go/pkg/mod/fyne.io/fyne/v2@v2.7.1/internal/driver/glfw/window.go:901 +0x2d
fyne.io/fyne/v2/internal/async.EnsureMain(0xc0000c46f0)
	/home/ati/go/pkg/mod/fyne.io/fyne/v2@v2.7.1/internal/async/goroutine.go:46 +0x3f
fyne.io/fyne/v2/internal/driver/glfw.(*gLDriver).CreateWindow(0xc0003aa630, {0x0, 0x0})
	/home/ati/go/pkg/mod/fyne.io/fyne/v2@v2.7.1/internal/driver/glfw/window.go:900 +0x9b
fyne.io/fyne/v2/app.(*fyneApp).NewWindow(0xc000296460?, {0x0?, 0x2?})
	/home/ati/go/pkg/mod/fyne.io/fyne/v2@v2.7.1/app/app.go:67 +0x22
main.main()
	/home/ati/projects/code/FrozenPea/main.go:116 +0x149
exit status 2
ALSA lib pulse.c:242:(pulse_connect) PulseAudio: Unable to connect: Connection refused

ALSA lib pulse.c:242:(pulse_connect) PulseAudio: Unable to connect: Connection refused

ALSA lib confmisc.c:165:(snd_config_get_card) Cannot get card index for 0
ALSA lib confmisc.c:165:(snd_config_get_card) Cannot get card index for 0
ALSA lib pcm_oss.c:397:(_snd_pcm_oss_open) Cannot open device /dev/dsp
ALSA lib pulse.c:242:(pulse_connect) PulseAudio: Unable to connect: Connection refused

ALSA lib confmisc.c:165:(snd_config_get_card) Cannot get card index for 0
ALSA lib confmisc.c:165:(snd_config_get_card) Cannot get card index for 0
2026/02/09 19:50:17 PlatformError: X11: The DISPLAY environment variable is missing
panic: NotInitialized: The GLFW library is not initialized

goroutine 1 [running, locked to thread]:
github.com/go-gl/glfw/v3.3/glfw.acceptError({0x0, 0x0, 0xc0001c6168?})
	/home/ati/go/pkg/mod/github.com/go-gl/glfw/v3.3/glfw@v0.0.0-20240506104042-037f3cc74f2a/error.go:177 +0x16f
github.com/go-gl/glfw/v3.3/glfw.panicError(...)
	/home/ati/go/pkg/mod/github.com/go-gl/glfw/v3.3/glfw@v0.0.0-20240506104042-037f3cc74f2a/error.go:188
github.com/go-gl/glfw/v3.3/glfw.CreateStandardCursor(0xc00017dd20?)
	/home/ati/go/pkg/mod/github.com/go-gl/glfw/v3.3/glfw@v0.0.0-20240506104042-037f3cc74f2a/input.go:512 +0x3a
fyne.io/fyne/v2/internal/driver/glfw.initCursors()
	/home/ati/go/pkg/mod/fyne.io/fyne/v2@v2.7.1/internal/driver/glfw/window_desktop.go:56 +0x1c
fyne.io/fyne/v2/internal/driver/glfw.(*gLDriver).initGLFW(0x0?)
	/home/ati/go/pkg/mod/fyne.io/fyne/v2@v2.7.1/internal/driver/glfw/loop_desktop.go:18 +0x3a
fyne.io/fyne/v2/internal/driver/glfw.(*gLDriver).init(...)
	/home/ati/go/pkg/mod/fyne.io/fyne/v2@v2.7.1/internal/driver/glfw/driver.go:45
fyne.io/fyne/v2/internal/driver/glfw.(*gLDriver).createWindow(0xc0001b0210, {0x0?, 0x6e5aec?}, 0x1)
	/home/ati/go/pkg/mod/fyne.io/fyne/v2@v2.7.1/internal/driver/glfw/window.go:940 +0x55
fyne.io/fyne/v2/internal/driver/glfw.(*gLDriver).CreateWindow.func1()
	/home/ati/go/pkg/mod/fyne.io/fyne/v2@v2.7.1/internal/driver/glfw/window.go:901 +0x2d
fyne.io/fyne/v2/internal/async.EnsureMain(0xc000181050)
	/home/ati/go/pkg/mod/fyne.io/fyne/v2@v2.7.1/internal/async/goroutine.go:46 +0x3f
fyne.io/fyne/v2/internal/driver/glfw.(*gLDriver).CreateWindow(0xc0001b0210, {0x0, 0x0})
	/home/ati/go/pkg/mod/fyne.io/fyne/v2@v2.7.1/internal/driver/glfw/window.go:900 +0x9b
fyne.io/fyne/v2/app.(*fyneApp).NewWindow(0xc00022a1c0?, {0x0?, 0x2?})
	/home/ati/go/pkg/mod/fyne.io/fyne/v2@v2.7.1/app/app.go:67 +0x22
main.main()
	/home/ati/projects/code/FrozenPea/main.go:116 +0x149
exit status 2
ALSA lib pulse.c:242:(pulse_connect) PulseAudio: Unable to connect: Connection refused

ALSA lib pulse.c:242:(pulse_connect) PulseAudio: Unable to connect: Connection refused

ALSA lib confmisc.c:165:(snd_config_get_card) Cannot get card index for 0
ALSA lib confmisc.c:165:(snd_config_get_card) Cannot get card index for 0
ALSA lib pcm_oss.c:397:(_snd_pcm_oss_open) Cannot open device /dev/dsp
ALSA lib pulse.c:242:(pulse_connect) PulseAudio: Unable to connect: Connection refused

ALSA lib confmisc.c:165:(snd_config_get_card) Cannot get card index for 0
ALSA lib confmisc.c:165:(snd_config_get_card) Cannot get card index for 0
2026/02/10 21:24:06 PlatformError: X11: The DISPLAY environment variable is missing
panic: NotInitialized: The GLFW library is not initialized

goroutine 1 [running, locked to thread]:
github.com/go-gl/glfw/v3.3/glfw.acceptError({0x0, 0x0, 0xc00012a150?})
	/home/ati/go/pkg/mod/github.com/go-gl/glfw/v3.3/glfw@v0.0.0-20240506104042-037f3cc74f2a/error.go:177 +0x16f
github.com/go-gl/glfw/v3.3/glfw.panicError(...)
	/home/ati/go/pkg/mod/github.com/go-gl/glfw/v3.3/glfw@v0.0.0-20240506104042-037f3cc74f2a/error.go:188
github.com/go-gl/glfw/v3.3/glfw.CreateStandardCursor(0xc00021fd20?)
	/home/ati/go/pkg/mod/github.com/go-gl/glfw/v3.3/glfw@v0.0.0-20240506104042-037f3cc74f2a/input.go:512 +0x3a
fyne.io/fyne/v2/internal/driver/glfw.initCursors()
	/home/ati/go/pkg/mod/fyne.io/fyne/v2@v2.7.1/internal/driver/glfw/window_desktop.go:56 +0x1c
fyne.io/fyne/v2/internal/driver/glfw.(*gLDriver).initGLFW(0x0?)
	/home/ati/go/pkg/mod/fyne.io/fyne/v2@v2.7.1/internal/driver/glfw/loop_desktop.go:18 +0x3a
fyne.io/fyne/v2/internal/driver/glfw.(*gLDriver).init(...)
	/home/ati/go/pkg/mod/fyne.io/fyne/v2@v2.7.1/internal/driver/glfw/driver.go:45
fyne.io/fyne/v2/internal/driver/glfw.(*gLDriver).createWindow(0xc0003a2000, {0x0?, 0x6e5aec?}, 0x1)
	/home/ati/go/pkg/mod/fyne.io/fyne/v2@v2.7.1/internal/driver/glfw/window.go:940 +0x55
fyne.io/fyne/v2/internal/driver/glfw.(*gLDriver).CreateWindow.func1()
	/home/ati/go/pkg/mod/fyne.io/fyne/v2@v2.7.1/internal/driver/glfw/window.go:901 +0x2d
fyne.io/fyne/v2/internal/async.EnsureMain(0xc000110de0)
	/home/ati/go/pkg/mod/fyne.io/fyne/v2@v2.7.1/internal/async/goroutine.go:46 +0x3f
fyne.io/fyne/v2/internal/driver/glfw.(*gLDriver).CreateWindow(0xc0003a2000, {0x0, 0x0})
	/home/ati/go/pkg/mod/fyne.io/fyne/v2@v2.7.1/internal/driver/glfw/window.go:900 +0x9b
fyne.io/fyne/v2/app.(*fyneApp).NewWindow(0xc0003a8150?, {0x0?, 0x2?})
	/home/ati/go/pkg/mod/fyne.io/fyne/v2@v2.7.1/app/app.go:67 +0x22
main.main()
	/home/ati/projects/code/FrozenPea/main.go:116 +0x149
exit status 2
ALSA lib pulse.c:242:(pulse_connect) PulseAudio: Unable to connect: Connection refused

ALSA lib pulse.c:242:(pulse_connect) PulseAudio: Unable to connect: Connection refused

ALSA lib confmisc.c:165:(snd_config_get_card) Cannot get card index for 0
ALSA lib confmisc.c:165:(snd_config_get_card) Cannot get card index for 0
ALSA lib pcm_oss.c:397:(_snd_pcm_oss_open) Cannot open device /dev/dsp
ALSA lib pulse.c:242:(pulse_connect) PulseAudio: Unable to connect: Connection refused

ALSA lib confmisc.c:165:(snd_config_get_card) Cannot get card index for 0
ALSA lib confmisc.c:165:(snd_config_get_card) Cannot get card index for 0
2026/02/11 19:03:44 PlatformError: X11: The DISPLAY environment variable is missing
panic: NotInitialized: The GLFW library is not initialized

goroutine 1 [running, locked to thread]:
github.com/go-gl/glfw/v3.3/glfw.acceptError({0x0, 0x0, 0xc00019c150?})
	/home/ati/go/pkg/mod/github.com/go-gl/glfw/v3.3/glfw@v0.0.0-20240506104042-037f3cc74f2a/error.go:177 +0x16f
github.com/go-gl/glfw/v3.3/glfw.panicError(...)
	/home/ati/go/pkg/mod/github.com/go-gl/glfw/v3.3/glfw@v0.0.0-20240506104042-037f3cc74f2a/error.go:188
github.com/go-gl/glfw/v3.3/glfw.CreateStandardCursor(0xc000299d20?)
	/home/ati/go/pkg/mod/github.com/go-gl/glfw/v3.3/glfw@v0.0.0-20240506104042-037f3cc74f2a/input.go:512 +0x3a
fyne.io/fyne/v2/internal/driver/glfw.initCursors()
	/home/ati/go/pkg/mod/fyne.io/fyne/v2@v2.7.1/internal/driver/glfw/window_desktop.go:56 +0x1c
fyne.io/fyne/v2/internal/driver/glfw.(*gLDriver).initGLFW(0x0?)
	/home/ati/go/pkg/mod/fyne.io/fyne/v2@v2.7.1/internal/driver/glfw/loop_desktop.go:18 +0x3a
fyne.io/fyne/v2/internal/driver/glfw.(*gLDriver).init(...)
	/home/ati/go/pkg/mod/fyne.io/fyne/v2@v2.7.1/internal/driver/glfw/driver.go:45
fyne.io/fyne/v2/internal/driver/glfw.(*gLDriver).createWindow(0xc0000d2000, {0x0?, 0x6e5aec?}, 0x1)
	/home/ati/go/pkg/mod/fyne.io/fyne/v2@v2.7.1/internal/driver/glfw/window.go:940 +0x55
fyne.io/fyne/v2/internal/driver/glfw.(*gLDriver).CreateWindow.func1()
	/home/ati/go/pkg/mod/fyne.io/fyne/v2@v2.7.1/internal/driver/glfw/window.go:901 +0x2d
fyne.io/fyne/v2/internal/async.EnsureMain(0xc000180de0)
	/home/ati/go/pkg/mod/fyne.io/fyne/v2@v2.7.1/internal/async/goroutine.go:46 +0x3f
fyne.io/fyne/v2/internal/driver/glfw.(*gLDriver).CreateWindow(0xc0000d2000, {0x0, 0x0})
	/home/ati/go/pkg/mod/fyne.io/fyne/v2@v2.7.1/internal/driver/glfw/window.go:900 +0x9b
fyne.io/fyne/v2/app.(*fyneApp).NewWindow(0xc0000d4150?, {0x0?, 0x2?})
	/home/ati/go/pkg/mod/fyne.io/fyne/v2@v2.7.1/app/app.go:67 +0x22
main.main()
	/home/ati/projects/code/FrozenPea/main.go:116 +0x149
exit status 2
Got X11 context, window: 41943082
X connection to :1 broken (explicit kill or server shutdown).
XGB: xgb.go:403: A read error is unrecoverable: EOF
XGB: xgb.go:403: A read error is unrecoverable: EOF
panic: close of closed channel

goroutine 14 [running]:
github.com/BurntSushi/xgb.(*Conn).Close(...)
	/home/ati/go/pkg/mod/github.com/!burnt!sushi/xgb@v0.0.0-20210121224620-deaf085860bc/xgb.go:140
github.com/BurntSushi/xgb.(*Conn).readResponses(0xc000c92370)
	/home/ati/go/pkg/mod/github.com/!burnt!sushi/xgb@v0.0.0-20210121224620-deaf085860bc/xgb.go:405 +0x246
created by github.com/BurntSushi/xgb.postNewConn in goroutine 1
	/home/ati/go/pkg/mod/github.com/!burnt!sushi/xgb@v0.0.0-20210121224620-deaf085860bc/xgb.go:133 +0x2b6
ALSA lib pulse.c:242:(pulse_connect) PulseAudio: Unable to connect: Connection refused

ALSA lib pulse.c:242:(pulse_connect) PulseAudio: Unable to connect: Connection refused

ALSA lib confmisc.c:165:(snd_config_get_card) Cannot get card index for 0
ALSA lib confmisc.c:165:(snd_config_get_card) Cannot get card index for 0
ALSA lib pcm_oss.c:397:(_snd_pcm_oss_open) Cannot open device /dev/dsp
ALSA lib pulse.c:242:(pulse_connect) PulseAudio: Unable to connect: Connection refused

ALSA lib confmisc.c:165:(snd_config_get_card) Cannot get card index for 0
ALSA lib confmisc.c:165:(snd_config_get_card) Cannot get card index for 0
2026/02/12 20:24:01 PlatformError: X11: The DISPLAY environment variable is missing
panic: NotInitialized: The GLFW library is not initialized

goroutine 1 [running, locked to thread]:
github.com/go-gl/glfw/v3.3/glfw.acceptError({0x0, 0x0, 0xc0000125e8?})
	/home/ati/go/pkg/mod/github.com/go-gl/glfw/v3.3/glfw@v0.0.0-20240506104042-037f3cc74f2a/error.go:177 +0x16f
github.com/go-gl/glfw/v3.3/glfw.panicError(...)
	/home/ati/go/pkg/mod/github.com/go-gl/glfw/v3.3/glfw@v0.0.0-20240506104042-037f3cc74f2a/error.go:188
github.com/go-gl/glfw/v3.3/glfw.CreateStandardCursor(0xc00021fd20?)
	/home/ati/go/pkg/mod/github.com/go-gl/glfw/v3.3/glfw@v0.0.0-20240506104042-037f3cc74f2a/input.go:512 +0x3a
fyne.io/fyne/v2/internal/driver/glfw.initCursors()
	/home/ati/go/pkg/mod/fyne.io/fyne/v2@v2.7.1/internal/driver/glfw/window_desktop.go:56 +0x1c
fyne.io/fyne/v2/internal/driver/glfw.(*gLDriver).initGLFW(0x0?)
	/home/ati/go/pkg/mod/fyne.io/fyne/v2@v2.7.1/internal/driver/glfw/loop_desktop.go:18 +0x3a
fyne.io/fyne/v2/internal/driver/glfw.(*gLDriver).init(...)
	/home/ati/go/pkg/mod/fyne.io/fyne/v2@v2.7.1/internal/driver/glfw/driver.go:45
fyne.io/fyne/v2/internal/driver/glfw.(*gLDriver).createWindow(0xc0003f6000, {0x0?, 0x6e5aec?}, 0x1)
	/home/ati/go/pkg/mod/fyne.io/fyne/v2@v2.7.1/internal/driver/glfw/window.go:940 +0x55
fyne.io/fyne/v2/internal/driver/glfw.(*gLDriver).CreateWindow.func1()
	/home/ati/go/pkg/mod/fyne.io/fyne/v2@v2.7.1/internal/driver/glfw/window.go:901 +0x2d
fyne.io/fyne/v2/internal/async.EnsureMain(0xc000357440)
	/home/ati/go/pkg/mod/fyne.io/fyne/v2@v2.7.1/internal/async/goroutine.go:46 +0x3f
fyne.io/fyne/v2/internal/driver/glfw.(*gLDriver).CreateWindow(0xc0003f6000, {0x0, 0x0})
	/home/ati/go/pkg/mod/fyne.io/fyne/v2@v2.7.1/internal/driver/glfw/window.go:900 +0x9b
fyne.io/fyne/v2/app.(*fyneApp).NewWindow(0xc0003f8150?, {0x0?, 0x2?})
	/home/ati/go/pkg/mod/fyne.io/fyne/v2@v2.7.1/app/app.go:67 +0x22
main.main()
	/home/ati/projects/code/FrozenPea/main.go:117 +0x149
exit status 2
XIO:  fatal IO error 2 (No such file or directory) on X server ":1"
      after 715 requests (715 known processed) with 1 events remaining.
# github.com/Ikit24/frozenpea
./windows.go:106:3: declared and not used: check
# github.com/Ikit24/frozenpea
./windows.go:106:3: declared and not used: check
# github.com/Ikit24/frozenpea
./windows.go:143:2: declared and not used: check
./windows.go:150:1: missing return
# github.com/Ikit24/frozenpea
./windows.go:143:2: declared and not used: check
./windows.go:150:1: missing return
# github.com/Ikit24/frozenpea
./windows.go:105:3: declared and not used: check
# github.com/Ikit24/frozenpea
./windows.go:105:3: declared and not used: check
# github.com/Ikit24/frozenpea
./main.go:71:6: undefined: IntroSound
./main.go:91:9: undefined: BreakEndSound
./main.go:104:9: undefined: BeforeBreakSound
./main.go:115:9: undefined: BreakStartSound
./windows.go:113:3: declared and not used: checkbox
./windows.go:115:4: undefined: enableAutoStart
./windows.go:117:4: undefined: enableAutoStart
./windows.go:147:70: undefined: check
# github.com/Ikit24/frozenpea
./main.go:71:6: undefined: IntroSound
./main.go:91:9: undefined: BreakEndSound
./main.go:104:9: undefined: BeforeBreakSound
./main.go:115:9: undefined: BreakStartSound
./windows.go:113:3: declared and not used: checkbox
./windows.go:115:4: undefined: enableAutoStart
./windows.go:117:4: undefined: enableAutoStart
./windows.go:147:70: undefined: check
# github.com/Ikit24/frozenpea
./main.go:71:6: undefined: IntroSound
./main.go:91:9: undefined: BreakEndSound
./main.go:104:9: undefined: BeforeBreakSound
./main.go:115:9: undefined: BreakStartSound
./windows.go:123:5: undefined: IntroSound
./windows.go:124:5: undefined: NotificatoinSound
./windows.go:125:5: undefined: BeforeBreakSound
./windows.go:126:5: undefined: BreakStartSound
./windows.go:127:5: undefined: BreakEndSound
./windows.go:129:5: undefined: IntroSound
./windows.go:129:5: too many errors
# github.com/Ikit24/frozenpea
./main.go:71:6: undefined: IntroSound
./main.go:91:9: undefined: BreakEndSound
./main.go:104:9: undefined: BeforeBreakSound
./main.go:115:9: undefined: BreakStartSound
./windows.go:123:5: undefined: IntroSound
./windows.go:124:5: undefined: NotificatoinSound
./windows.go:125:5: undefined: BeforeBreakSound
./windows.go:126:5: undefined: BreakStartSound
./windows.go:127:5: undefined: BreakEndSound
./windows.go:129:5: undefined: IntroSound
./windows.go:129:5: too many errors
ALSA lib pulse.c:242:(pulse_connect) PulseAudio: Unable to connect: Connection refused

ALSA lib pulse.c:242:(pulse_connect) PulseAudio: Unable to connect: Connection refused

ALSA lib confmisc.c:165:(snd_config_get_card) Cannot get card index for 0
ALSA lib confmisc.c:165:(snd_config_get_card) Cannot get card index for 0
ALSA lib pcm_oss.c:397:(_snd_pcm_oss_open) Cannot open device /dev/dsp
ALSA lib pulse.c:242:(pulse_connect) PulseAudio: Unable to connect: Connection refused

ALSA lib confmisc.c:165:(snd_config_get_card) Cannot get card index for 0
ALSA lib confmisc.c:165:(snd_config_get_card) Cannot get card index for 0
2026/02/18 20:31:21 PlatformError: X11: The DISPLAY environment variable is missing
panic: NotInitialized: The GLFW library is not initialized

goroutine 1 [running, locked to thread]:
github.com/go-gl/glfw/v3.3/glfw.acceptError({0x0, 0x0, 0xc000012048?})
	/home/ati/go/pkg/mod/github.com/go-gl/glfw/v3.3/glfw@v0.0.0-20240506104042-037f3cc74f2a/error.go:177 +0x16f
github.com/go-gl/glfw/v3.3/glfw.panicError(...)
	/home/ati/go/pkg/mod/github.com/go-gl/glfw/v3.3/glfw@v0.0.0-20240506104042-037f3cc74f2a/error.go:188
github.com/go-gl/glfw/v3.3/glfw.CreateStandardCursor(0xc000215d20?)
	/home/ati/go/pkg/mod/github.com/go-gl/glfw/v3.3/glfw@v0.0.0-20240506104042-037f3cc74f2a/input.go:512 +0x3a
fyne.io/fyne/v2/internal/driver/glfw.initCursors()
	/home/ati/go/pkg/mod/fyne.io/fyne/v2@v2.7.1/internal/driver/glfw/window_desktop.go:56 +0x1c
fyne.io/fyne/v2/internal/driver/glfw.(*gLDriver).initGLFW(0x0?)
	/home/ati/go/pkg/mod/fyne.io/fyne/v2@v2.7.1/internal/driver/glfw/loop_desktop.go:18 +0x3a
fyne.io/fyne/v2/internal/driver/glfw.(*gLDriver).init(...)
	/home/ati/go/pkg/mod/fyne.io/fyne/v2@v2.7.1/internal/driver/glfw/driver.go:45
fyne.io/fyne/v2/internal/driver/glfw.(*gLDriver).createWindow(0xc0003aa000, {0x0?, 0x6e5aec?}, 0x1)
	/home/ati/go/pkg/mod/fyne.io/fyne/v2@v2.7.1/internal/driver/glfw/window.go:940 +0x55
fyne.io/fyne/v2/internal/driver/glfw.(*gLDriver).CreateWindow.func1()
	/home/ati/go/pkg/mod/fyne.io/fyne/v2@v2.7.1/internal/driver/glfw/window.go:901 +0x2d
fyne.io/fyne/v2/internal/async.EnsureMain(0xc0000ca420)
	/home/ati/go/pkg/mod/fyne.io/fyne/v2@v2.7.1/internal/async/goroutine.go:46 +0x3f
fyne.io/fyne/v2/internal/driver/glfw.(*gLDriver).CreateWindow(0xc0003aa000, {0x0, 0x0})
	/home/ati/go/pkg/mod/fyne.io/fyne/v2@v2.7.1/internal/driver/glfw/window.go:900 +0x9b
fyne.io/fyne/v2/app.(*fyneApp).NewWindow(0xc0003b0150?, {0x0?, 0x2?})
	/home/ati/go/pkg/mod/fyne.io/fyne/v2@v2.7.1/app/app.go:67 +0x22
main.main()
	/home/ati/projects/code/FrozenPea/main.go:125 +0x149
exit status 2
# github.com/Ikit24/frozenpea
./windows.go:166:71: syntax error: unexpected newline in argument list; possibly missing comma or )
# github.com/Ikit24/frozenpea
./windows.go:166:71: syntax error: unexpected newline in argument list; possibly missing comma or )
ALSA lib pulse.c:242:(pulse_connect) PulseAudio: Unable to connect: Connection refused

ALSA lib pulse.c:242:(pulse_connect) PulseAudio: Unable to connect: Connection refused

ALSA lib confmisc.c:165:(snd_config_get_card) Cannot get card index for 0
ALSA lib confmisc.c:165:(snd_config_get_card) Cannot get card index for 0
ALSA lib pcm_oss.c:397:(_snd_pcm_oss_open) Cannot open device /dev/dsp
ALSA lib pulse.c:242:(pulse_connect) PulseAudio: Unable to connect: Connection refused

ALSA lib confmisc.c:165:(snd_config_get_card) Cannot get card index for 0
ALSA lib confmisc.c:165:(snd_config_get_card) Cannot get card index for 0
2026/02/20 18:59:19 PlatformError: X11: The DISPLAY environment variable is missing
panic: NotInitialized: The GLFW library is not initialized

goroutine 1 [running, locked to thread]:
github.com/go-gl/glfw/v3.3/glfw.acceptError({0x0, 0x0, 0xc0001165e8?})
	/home/ati/go/pkg/mod/github.com/go-gl/glfw/v3.3/glfw@v0.0.0-20240506104042-037f3cc74f2a/error.go:177 +0x16f
github.com/go-gl/glfw/v3.3/glfw.panicError(...)
	/home/ati/go/pkg/mod/github.com/go-gl/glfw/v3.3/glfw@v0.0.0-20240506104042-037f3cc74f2a/error.go:188
github.com/go-gl/glfw/v3.3/glfw.CreateStandardCursor(0xc000165d20?)
	/home/ati/go/pkg/mod/github.com/go-gl/glfw/v3.3/glfw@v0.0.0-20240506104042-037f3cc74f2a/input.go:512 +0x3a
fyne.io/fyne/v2/internal/driver/glfw.initCursors()
	/home/ati/go/pkg/mod/fyne.io/fyne/v2@v2.7.1/internal/driver/glfw/window_desktop.go:56 +0x1c
fyne.io/fyne/v2/internal/driver/glfw.(*gLDriver).initGLFW(0x0?)
	/home/ati/go/pkg/mod/fyne.io/fyne/v2@v2.7.1/internal/driver/glfw/loop_desktop.go:18 +0x3a
fyne.io/fyne/v2/internal/driver/glfw.(*gLDriver).init(...)
	/home/ati/go/pkg/mod/fyne.io/fyne/v2@v2.7.1/internal/driver/glfw/driver.go:45
fyne.io/fyne/v2/internal/driver/glfw.(*gLDriver).createWindow(0xc000436000, {0x0?, 0x6e5aec?}, 0x1)
	/home/ati/go/pkg/mod/fyne.io/fyne/v2@v2.7.1/internal/driver/glfw/window.go:940 +0x55
fyne.io/fyne/v2/internal/driver/glfw.(*gLDriver).CreateWindow.func1()
	/home/ati/go/pkg/mod/fyne.io/fyne/v2@v2.7.1/internal/driver/glfw/window.go:901 +0x2d
fyne.io/fyne/v2/internal/async.EnsureMain(0xc0003a51a0)
	/home/ati/go/pkg/mod/fyne.io/fyne/v2@v2.7.1/internal/async/goroutine.go:46 +0x3f
fyne.io/fyne/v2/internal/driver/glfw.(*gLDriver).CreateWindow(0xc000436000, {0x0, 0x0})
	/home/ati/go/pkg/mod/fyne.io/fyne/v2@v2.7.1/internal/driver/glfw/window.go:900 +0x9b
fyne.io/fyne/v2/app.(*fyneApp).NewWindow(0xc0000e6310?, {0x0?, 0x2?})
	/home/ati/go/pkg/mod/fyne.io/fyne/v2@v2.7.1/app/app.go:67 +0x22
main.main()
	/home/ati/projects/code/FrozenPea/main.go:123 +0x149
exit status 2
ALSA lib pulse.c:242:(pulse_connect) PulseAudio: Unable to connect: Connection refused

ALSA lib pulse.c:242:(pulse_connect) PulseAudio: Unable to connect: Connection refused

ALSA lib confmisc.c:165:(snd_config_get_card) Cannot get card index for 0
ALSA lib confmisc.c:165:(snd_config_get_card) Cannot get card index for 0
ALSA lib pcm_oss.c:397:(_snd_pcm_oss_open) Cannot open device /dev/dsp
ALSA lib pulse.c:242:(pulse_connect) PulseAudio: Unable to connect: Connection refused

ALSA lib confmisc.c:165:(snd_config_get_card) Cannot get card index for 0
ALSA lib confmisc.c:165:(snd_config_get_card) Cannot get card index for 0
2026/02/21 07:36:05 PlatformError: X11: The DISPLAY environment variable is missing
panic: NotInitialized: The GLFW library is not initialized

goroutine 1 [running, locked to thread]:
github.com/go-gl/glfw/v3.3/glfw.acceptError({0x0, 0x0, 0xc000146030?})
	/home/ati/go/pkg/mod/github.com/go-gl/glfw/v3.3/glfw@v0.0.0-20240506104042-037f3cc74f2a/error.go:177 +0x16f
github.com/go-gl/glfw/v3.3/glfw.panicError(...)
	/home/ati/go/pkg/mod/github.com/go-gl/glfw/v3.3/glfw@v0.0.0-20240506104042-037f3cc74f2a/error.go:188
github.com/go-gl/glfw/v3.3/glfw.CreateStandardCursor(0xc00021bd20?)
	/home/ati/go/pkg/mod/github.com/go-gl/glfw/v3.3/glfw@v0.0.0-20240506104042-037f3cc74f2a/input.go:512 +0x3a
fyne.io/fyne/v2/internal/driver/glfw.initCursors()
	/home/ati/go/pkg/mod/fyne.io/fyne/v2@v2.7.1/internal/driver/glfw/window_desktop.go:56 +0x1c
fyne.io/fyne/v2/internal/driver/glfw.(*gLDriver).initGLFW(0x0?)
	/home/ati/go/pkg/mod/fyne.io/fyne/v2@v2.7.1/internal/driver/glfw/loop_desktop.go:18 +0x3a
fyne.io/fyne/v2/internal/driver/glfw.(*gLDriver).init(...)
	/home/ati/go/pkg/mod/fyne.io/fyne/v2@v2.7.1/internal/driver/glfw/driver.go:45
fyne.io/fyne/v2/internal/driver/glfw.(*gLDriver).createWindow(0xc000334840, {0x0?, 0x6e5aec?}, 0x1)
	/home/ati/go/pkg/mod/fyne.io/fyne/v2@v2.7.1/internal/driver/glfw/window.go:940 +0x55
fyne.io/fyne/v2/internal/driver/glfw.(*gLDriver).CreateWindow.func1()
	/home/ati/go/pkg/mod/fyne.io/fyne/v2@v2.7.1/internal/driver/glfw/window.go:901 +0x2d
fyne.io/fyne/v2/internal/async.EnsureMain(0xc00011a420)
	/home/ati/go/pkg/mod/fyne.io/fyne/v2@v2.7.1/internal/async/goroutine.go:46 +0x3f
fyne.io/fyne/v2/internal/driver/glfw.(*gLDriver).CreateWindow(0xc000334840, {0x0, 0x0})
	/home/ati/go/pkg/mod/fyne.io/fyne/v2@v2.7.1/internal/driver/glfw/window.go:900 +0x9b
fyne.io/fyne/v2/app.(*fyneApp).NewWindow(0xc000244690?, {0x0?, 0x2?})
	/home/ati/go/pkg/mod/fyne.io/fyne/v2@v2.7.1/app/app.go:67 +0x22
main.main()
	/home/ati/projects/code/FrozenPea/main.go:123 +0x149
exit status 2
Got X11 context, window: 41943082
Got X11 context, window: 41943090
Got X11 context, window: 41943098
XGB: xgb.go:403: A read error is unrecoverable: EOF
XGB: xgb.go:403: A read error is unrecoverable: EOF
XGB: xgb.go:403: A read error is unrecoverable: EOF
XGB: xgb.go:403: A read error is unrecoverable: EOF
panic: close of closed channel

goroutine 32 [running]:
github.com/BurntSushi/xgb.(*Conn).Close(...)
	/home/ati/go/pkg/mod/github.com/!burnt!sushi/xgb@v0.0.0-20210121224620-deaf085860bc/xgb.go:140
github.com/BurntSushi/xgb.(*Conn).readResponses(0xc000756000)
	/home/ati/go/pkg/mod/github.com/!burnt!sushi/xgb@v0.0.0-20210121224620-deaf085860bc/xgb.go:405 +0x246
created by github.com/BurntSushi/xgb.postNewConn in goroutine 1
	/home/ati/go/pkg/mod/github.com/!burnt!sushi/xgb@v0.0.0-20210121224620-deaf085860bc/xgb.go:133 +0x2b6
panic: close of closed channel

goroutine 100 [running]:
github.com/BurntSushi/xgb.(*Conn).Close(...)
	/home/ati/go/pkg/mod/github.com/!burnt!sushi/xgb@v0.0.0-20210121224620-deaf085860bc/xgb.go:140
github.com/BurntSushi/xgb.(*Conn).readResponses(0xc0007560b0)
	/home/ati/go/pkg/mod/github.com/!burnt!sushi/xgb@v0.0.0-20210121224620-deaf085860bc/xgb.go:405 +0x246
created by github.com/BurntSushi/xgb.postNewConn in goroutine 1
	/home/ati/go/pkg/mod/github.com/!burnt!sushi/xgb@v0.0.0-20210121224620-deaf085860bc/xgb.go:133 +0x2b6
ALSA lib pulse.c:242:(pulse_connect) PulseAudio: Unable to connect: Connection refused

ALSA lib pulse.c:242:(pulse_connect) PulseAudio: Unable to connect: Connection refused

ALSA lib confmisc.c:165:(snd_config_get_card) Cannot get card index for 0
ALSA lib confmisc.c:165:(snd_config_get_card) Cannot get card index for 0
ALSA lib pcm_oss.c:397:(_snd_pcm_oss_open) Cannot open device /dev/dsp
ALSA lib pulse.c:242:(pulse_connect) PulseAudio: Unable to connect: Connection refused

ALSA lib confmisc.c:165:(snd_config_get_card) Cannot get card index for 0
ALSA lib confmisc.c:165:(snd_config_get_card) Cannot get card index for 0
2026/02/22 09:55:48 PlatformError: X11: The DISPLAY environment variable is missing
panic: NotInitialized: The GLFW library is not initialized

goroutine 1 [running, locked to thread]:
github.com/go-gl/glfw/v3.3/glfw.acceptError({0x0, 0x0, 0xc0000125e8?})
	/home/ati/go/pkg/mod/github.com/go-gl/glfw/v3.3/glfw@v0.0.0-20240506104042-037f3cc74f2a/error.go:177 +0x16f
github.com/go-gl/glfw/v3.3/glfw.panicError(...)
	/home/ati/go/pkg/mod/github.com/go-gl/glfw/v3.3/glfw@v0.0.0-20240506104042-037f3cc74f2a/error.go:188
github.com/go-gl/glfw/v3.3/glfw.CreateStandardCursor(0xc0002a3d20?)
	/home/ati/go/pkg/mod/github.com/go-gl/glfw/v3.3/glfw@v0.0.0-20240506104042-037f3cc74f2a/input.go:512 +0x3a
fyne.io/fyne/v2/internal/driver/glfw.initCursors()
	/home/ati/go/pkg/mod/fyne.io/fyne/v2@v2.7.1/internal/driver/glfw/window_desktop.go:56 +0x1c
fyne.io/fyne/v2/internal/driver/glfw.(*gLDriver).initGLFW(0x0?)
	/home/ati/go/pkg/mod/fyne.io/fyne/v2@v2.7.1/internal/driver/glfw/loop_desktop.go:18 +0x3a
fyne.io/fyne/v2/internal/driver/glfw.(*gLDriver).init(...)
	/home/ati/go/pkg/mod/fyne.io/fyne/v2@v2.7.1/internal/driver/glfw/driver.go:45
fyne.io/fyne/v2/internal/driver/glfw.(*gLDriver).createWindow(0xc000408000, {0x0?, 0x6e5aec?}, 0x1)
	/home/ati/go/pkg/mod/fyne.io/fyne/v2@v2.7.1/internal/driver/glfw/window.go:940 +0x55
fyne.io/fyne/v2/internal/driver/glfw.(*gLDriver).CreateWindow.func1()
	/home/ati/go/pkg/mod/fyne.io/fyne/v2@v2.7.1/internal/driver/glfw/window.go:901 +0x2d
fyne.io/fyne/v2/internal/async.EnsureMain(0xc0003db110)
	/home/ati/go/pkg/mod/fyne.io/fyne/v2@v2.7.1/internal/async/goroutine.go:46 +0x3f
fyne.io/fyne/v2/internal/driver/glfw.(*gLDriver).CreateWindow(0xc000408000, {0x0, 0x0})
	/home/ati/go/pkg/mod/fyne.io/fyne/v2@v2.7.1/internal/driver/glfw/window.go:900 +0x9b
fyne.io/fyne/v2/app.(*fyneApp).NewWindow(0xc00040a150?, {0x0?, 0x2?})
	/home/ati/go/pkg/mod/fyne.io/fyne/v2@v2.7.1/app/app.go:67 +0x22
main.main()
	/home/ati/projects/code/FrozenPea/main.go:123 +0x149
exit status 2
Got X11 context, window: 44040234
Got X11 context, window: 44040242
Got X11 context, window: 44040250
XGB: xgb.go:403: A read error is unrecoverable: EOF
XGB: xgb.go:403: A read error is unrecoverable: EOF
XGB: xgb.go:403: A read error is unrecoverable: EOF
panic: close of closed channel

goroutine 63 [running]:
github.com/BurntSushi/xgb.(*Conn).Close(...)
	/home/ati/go/pkg/mod/github.com/!burnt!sushi/xgb@v0.0.0-20210121224620-deaf085860bc/xgb.go:140
github.com/BurntSushi/xgb.(*Conn).readResponses(0xc00185e160)
	/home/ati/go/pkg/mod/github.com/!burnt!sushi/xgb@v0.0.0-20210121224620-deaf085860bc/xgb.go:405 +0x246
created by github.com/BurntSushi/xgb.postNewConn in goroutine 1
	/home/ati/go/pkg/mod/github.com/!burnt!sushi/xgb@v0.0.0-20210121224620-deaf085860bc/xgb.go:133 +0x2b6
ALSA lib pulse.c:242:(pulse_connect) PulseAudio: Unable to connect: Connection refused

ALSA lib pulse.c:242:(pulse_connect) PulseAudio: Unable to connect: Connection refused

ALSA lib confmisc.c:165:(snd_config_get_card) Cannot get card index for 0
ALSA lib confmisc.c:165:(snd_config_get_card) Cannot get card index for 0
ALSA lib pcm_oss.c:397:(_snd_pcm_oss_open) Cannot open device /dev/dsp
ALSA lib pulse.c:242:(pulse_connect) PulseAudio: Unable to connect: Connection refused

ALSA lib confmisc.c:165:(snd_config_get_card) Cannot get card index for 0
ALSA lib confmisc.c:165:(snd_config_get_card) Cannot get card index for 0
2026/02/23 21:58:48 PlatformError: X11: The DISPLAY environment variable is missing
panic: NotInitialized: The GLFW library is not initialized

goroutine 1 [running, locked to thread]:
github.com/go-gl/glfw/v3.3/glfw.acceptError({0x0, 0x0, 0xc0001b0150?})
	/home/ati/go/pkg/mod/github.com/go-gl/glfw/v3.3/glfw@v0.0.0-20240506104042-037f3cc74f2a/error.go:177 +0x16f
github.com/go-gl/glfw/v3.3/glfw.panicError(...)
	/home/ati/go/pkg/mod/github.com/go-gl/glfw/v3.3/glfw@v0.0.0-20240506104042-037f3cc74f2a/error.go:188
github.com/go-gl/glfw/v3.3/glfw.CreateStandardCursor(0xc0002a3d20?)
	/home/ati/go/pkg/mod/github.com/go-gl/glfw/v3.3/glfw@v0.0.0-20240506104042-037f3cc74f2a/input.go:512 +0x3a
fyne.io/fyne/v2/internal/driver/glfw.initCursors()
	/home/ati/go/pkg/mod/fyne.io/fyne/v2@v2.7.1/internal/driver/glfw/window_desktop.go:56 +0x1c
fyne.io/fyne/v2/internal/driver/glfw.(*gLDriver).initGLFW(0x0?)
	/home/ati/go/pkg/mod/fyne.io/fyne/v2@v2.7.1/internal/driver/glfw/loop_desktop.go:18 +0x3a
fyne.io/fyne/v2/internal/driver/glfw.(*gLDriver).init(...)
	/home/ati/go/pkg/mod/fyne.io/fyne/v2@v2.7.1/internal/driver/glfw/driver.go:45
fyne.io/fyne/v2/internal/driver/glfw.(*gLDriver).createWindow(0xc000408000, {0x0?, 0x6e5aec?}, 0x1)
	/home/ati/go/pkg/mod/fyne.io/fyne/v2@v2.7.1/internal/driver/glfw/window.go:940 +0x55
fyne.io/fyne/v2/internal/driver/glfw.(*gLDriver).CreateWindow.func1()
	/home/ati/go/pkg/mod/fyne.io/fyne/v2@v2.7.1/internal/driver/glfw/window.go:901 +0x2d
fyne.io/fyne/v2/internal/async.EnsureMain(0xc000180cc0)
	/home/ati/go/pkg/mod/fyne.io/fyne/v2@v2.7.1/internal/async/goroutine.go:46 +0x3f
fyne.io/fyne/v2/internal/driver/glfw.(*gLDriver).CreateWindow(0xc000408000, {0x0, 0x0})
	/home/ati/go/pkg/mod/fyne.io/fyne/v2@v2.7.1/internal/driver/glfw/window.go:900 +0x9b
fyne.io/fyne/v2/app.(*fyneApp).NewWindow(0xc00040a150?, {0x0?, 0x2?})
	/home/ati/go/pkg/mod/fyne.io/fyne/v2@v2.7.1/app/app.go:67 +0x22
main.main()
	/home/ati/projects/code/FrozenPea/main.go:123 +0x149
exit status 2
ALSA lib pulse.c:242:(pulse_connect) PulseAudio: Unable to connect: Connection refused

ALSA lib pulse.c:242:(pulse_connect) PulseAudio: Unable to connect: Connection refused

ALSA lib confmisc.c:165:(snd_config_get_card) Cannot get card index for 0
ALSA lib confmisc.c:165:(snd_config_get_card) Cannot get card index for 0
ALSA lib pcm_oss.c:397:(_snd_pcm_oss_open) Cannot open device /dev/dsp
ALSA lib pulse.c:242:(pulse_connect) PulseAudio: Unable to connect: Connection refused

ALSA lib confmisc.c:165:(snd_config_get_card) Cannot get card index for 0
ALSA lib confmisc.c:165:(snd_config_get_card) Cannot get card index for 0
2026/02/24 19:24:40 PlatformError: X11: The DISPLAY environment variable is missing
panic: NotInitialized: The GLFW library is not initialized

goroutine 1 [running, locked to thread]:
github.com/go-gl/glfw/v3.3/glfw.acceptError({0x0, 0x0, 0xc0000120d8?})
	/home/ati/go/pkg/mod/github.com/go-gl/glfw/v3.3/glfw@v0.0.0-20240506104042-037f3cc74f2a/error.go:177 +0x16f
github.com/go-gl/glfw/v3.3/glfw.panicError(...)
	/home/ati/go/pkg/mod/github.com/go-gl/glfw/v3.3/glfw@v0.0.0-20240506104042-037f3cc74f2a/error.go:188
github.com/go-gl/glfw/v3.3/glfw.CreateStandardCursor(0xc0002cfd20?)
	/home/ati/go/pkg/mod/github.com/go-gl/glfw/v3.3/glfw@v0.0.0-20240506104042-037f3cc74f2a/input.go:512 +0x3a
fyne.io/fyne/v2/internal/driver/glfw.initCursors()
	/home/ati/go/pkg/mod/fyne.io/fyne/v2@v2.7.1/internal/driver/glfw/window_desktop.go:56 +0x1c
fyne.io/fyne/v2/internal/driver/glfw.(*gLDriver).initGLFW(0x0?)
	/home/ati/go/pkg/mod/fyne.io/fyne/v2@v2.7.1/internal/driver/glfw/loop_desktop.go:18 +0x3a
fyne.io/fyne/v2/internal/driver/glfw.(*gLDriver).init(...)
	/home/ati/go/pkg/mod/fyne.io/fyne/v2@v2.7.1/internal/driver/glfw/driver.go:45
fyne.io/fyne/v2/internal/driver/glfw.(*gLDriver).createWindow(0xc0000f6210, {0x0?, 0x6e5aec?}, 0x1)
	/home/ati/go/pkg/mod/fyne.io/fyne/v2@v2.7.1/internal/driver/glfw/window.go:940 +0x55
fyne.io/fyne/v2/internal/driver/glfw.(*gLDriver).CreateWindow.func1()
	/home/ati/go/pkg/mod/fyne.io/fyne/v2@v2.7.1/internal/driver/glfw/window.go:901 +0x2d
fyne.io/fyne/v2/internal/async.EnsureMain(0xc0000c47b0)
	/home/ati/go/pkg/mod/fyne.io/fyne/v2@v2.7.1/internal/async/goroutine.go:46 +0x3f
fyne.io/fyne/v2/internal/driver/glfw.(*gLDriver).CreateWindow(0xc0000f6210, {0x0, 0x0})
	/home/ati/go/pkg/mod/fyne.io/fyne/v2@v2.7.1/internal/driver/glfw/window.go:900 +0x9b
fyne.io/fyne/v2/app.(*fyneApp).NewWindow(0xc0000e6310?, {0x0?, 0x2?})
	/home/ati/go/pkg/mod/fyne.io/fyne/v2@v2.7.1/app/app.go:67 +0x22
main.main()
	/home/ati/projects/code/FrozenPea/main.go:123 +0x149
exit status 2
ALSA lib pulse.c:242:(pulse_connect) PulseAudio: Unable to connect: Connection refused

ALSA lib pulse.c:242:(pulse_connect) PulseAudio: Unable to connect: Connection refused

ALSA lib confmisc.c:165:(snd_config_get_card) Cannot get card index for 0
ALSA lib confmisc.c:165:(snd_config_get_card) Cannot get card index for 0
ALSA lib pcm_oss.c:397:(_snd_pcm_oss_open) Cannot open device /dev/dsp
ALSA lib pulse.c:242:(pulse_connect) PulseAudio: Unable to connect: Connection refused

ALSA lib confmisc.c:165:(snd_config_get_card) Cannot get card index for 0
ALSA lib confmisc.c:165:(snd_config_get_card) Cannot get card index for 0
2026/02/24 19:55:10 PlatformError: X11: The DISPLAY environment variable is missing
panic: NotInitialized: The GLFW library is not initialized

goroutine 1 [running, locked to thread]:
github.com/go-gl/glfw/v3.3/glfw.acceptError({0x0, 0x0, 0xc000268690?})
	/home/ati/go/pkg/mod/github.com/go-gl/glfw/v3.3/glfw@v0.0.0-20240506104042-037f3cc74f2a/error.go:177 +0x16f
github.com/go-gl/glfw/v3.3/glfw.panicError(...)
	/home/ati/go/pkg/mod/github.com/go-gl/glfw/v3.3/glfw@v0.0.0-20240506104042-037f3cc74f2a/error.go:188
github.com/go-gl/glfw/v3.3/glfw.CreateStandardCursor(0xc0002cfd20?)
	/home/ati/go/pkg/mod/github.com/go-gl/glfw/v3.3/glfw@v0.0.0-20240506104042-037f3cc74f2a/input.go:512 +0x3a
fyne.io/fyne/v2/internal/driver/glfw.initCursors()
	/home/ati/go/pkg/mod/fyne.io/fyne/v2@v2.7.1/internal/driver/glfw/window_desktop.go:56 +0x1c
fyne.io/fyne/v2/internal/driver/glfw.(*gLDriver).initGLFW(0x0?)
	/home/ati/go/pkg/mod/fyne.io/fyne/v2@v2.7.1/internal/driver/glfw/loop_desktop.go:18 +0x3a
fyne.io/fyne/v2/internal/driver/glfw.(*gLDriver).init(...)
	/home/ati/go/pkg/mod/fyne.io/fyne/v2@v2.7.1/internal/driver/glfw/driver.go:45
fyne.io/fyne/v2/internal/driver/glfw.(*gLDriver).createWindow(0xc0003fe630, {0x0?, 0x6e5aec?}, 0x1)
	/home/ati/go/pkg/mod/fyne.io/fyne/v2@v2.7.1/internal/driver/glfw/window.go:940 +0x55
fyne.io/fyne/v2/internal/driver/glfw.(*gLDriver).CreateWindow.func1()
	/home/ati/go/pkg/mod/fyne.io/fyne/v2@v2.7.1/internal/driver/glfw/window.go:901 +0x2d
fyne.io/fyne/v2/internal/async.EnsureMain(0xc0003f7920)
	/home/ati/go/pkg/mod/fyne.io/fyne/v2@v2.7.1/internal/async/goroutine.go:46 +0x3f
fyne.io/fyne/v2/internal/driver/glfw.(*gLDriver).CreateWindow(0xc0003fe630, {0x0, 0x0})
	/home/ati/go/pkg/mod/fyne.io/fyne/v2@v2.7.1/internal/driver/glfw/window.go:900 +0x9b
fyne.io/fyne/v2/app.(*fyneApp).NewWindow(0xc0003024d0?, {0x0?, 0x2?})
	/home/ati/go/pkg/mod/fyne.io/fyne/v2@v2.7.1/app/app.go:67 +0x22
main.main()
	/home/ati/projects/code/FrozenPea/main.go:123 +0x149
exit status 2
ALSA lib pulse.c:242:(pulse_connect) PulseAudio: Unable to connect: Connection refused

ALSA lib pulse.c:242:(pulse_connect) PulseAudio: Unable to connect: Connection refused

ALSA lib confmisc.c:165:(snd_config_get_card) Cannot get card index for 0
ALSA lib confmisc.c:165:(snd_config_get_card) Cannot get card index for 0
ALSA lib pcm_oss.c:397:(_snd_pcm_oss_open) Cannot open device /dev/dsp
ALSA lib pulse.c:242:(pulse_connect) PulseAudio: Unable to connect: Connection refused

ALSA lib confmisc.c:165:(snd_config_get_card) Cannot get card index for 0
ALSA lib confmisc.c:165:(snd_config_get_card) Cannot get card index for 0
2026/02/25 18:31:57 PlatformError: X11: The DISPLAY environment variable is missing
panic: NotInitialized: The GLFW library is not initialized

goroutine 1 [running, locked to thread]:
github.com/go-gl/glfw/v3.3/glfw.acceptError({0x0, 0x0, 0xc0000120c0?})
	/home/ati/go/pkg/mod/github.com/go-gl/glfw/v3.3/glfw@v0.0.0-20240506104042-037f3cc74f2a/error.go:177 +0x16f
github.com/go-gl/glfw/v3.3/glfw.panicError(...)
	/home/ati/go/pkg/mod/github.com/go-gl/glfw/v3.3/glfw@v0.0.0-20240506104042-037f3cc74f2a/error.go:188
github.com/go-gl/glfw/v3.3/glfw.CreateStandardCursor(0xc0002cfd20?)
	/home/ati/go/pkg/mod/github.com/go-gl/glfw/v3.3/glfw@v0.0.0-20240506104042-037f3cc74f2a/input.go:512 +0x3a
fyne.io/fyne/v2/internal/driver/glfw.initCursors()
	/home/ati/go/pkg/mod/fyne.io/fyne/v2@v2.7.1/internal/driver/glfw/window_desktop.go:56 +0x1c
fyne.io/fyne/v2/internal/driver/glfw.(*gLDriver).initGLFW(0x0?)
	/home/ati/go/pkg/mod/fyne.io/fyne/v2@v2.7.1/internal/driver/glfw/loop_desktop.go:18 +0x3a
fyne.io/fyne/v2/internal/driver/glfw.(*gLDriver).init(...)
	/home/ati/go/pkg/mod/fyne.io/fyne/v2@v2.7.1/internal/driver/glfw/driver.go:45
fyne.io/fyne/v2/internal/driver/glfw.(*gLDriver).createWindow(0xc000488000, {0x0?, 0x6e5aec?}, 0x1)
	/home/ati/go/pkg/mod/fyne.io/fyne/v2@v2.7.1/internal/driver/glfw/window.go:940 +0x55
fyne.io/fyne/v2/internal/driver/glfw.(*gLDriver).CreateWindow.func1()
	/home/ati/go/pkg/mod/fyne.io/fyne/v2@v2.7.1/internal/driver/glfw/window.go:901 +0x2d
fyne.io/fyne/v2/internal/async.EnsureMain(0xc0000c4630)
	/home/ati/go/pkg/mod/fyne.io/fyne/v2@v2.7.1/internal/async/goroutine.go:46 +0x3f
fyne.io/fyne/v2/internal/driver/glfw.(*gLDriver).CreateWindow(0xc000488000, {0x0, 0x0})
	/home/ati/go/pkg/mod/fyne.io/fyne/v2@v2.7.1/internal/driver/glfw/window.go:900 +0x9b
fyne.io/fyne/v2/app.(*fyneApp).NewWindow(0xc00048a150?, {0x0?, 0x2?})
	/home/ati/go/pkg/mod/fyne.io/fyne/v2@v2.7.1/app/app.go:67 +0x22
main.main()
	/home/ati/projects/code/FrozenPea/main.go:123 +0x149
exit status 2
Got X11 context, window: 44040234
XGB: xgb.go:403: A read error is unrecoverable: EOF
XGB: xgb.go:403: A read error is unrecoverable: EOF
panic: close of closed channel

goroutine 31 [running]:
github.com/BurntSushi/xgb.(*Conn).Close(...)
	/home/ati/go/pkg/mod/github.com/!burnt!sushi/xgb@v0.0.0-20210121224620-deaf085860bc/xgb.go:140
github.com/BurntSushi/xgb.(*Conn).readResponses(0xc000bc2000)
	/home/ati/go/pkg/mod/github.com/!burnt!sushi/xgb@v0.0.0-20210121224620-deaf085860bc/xgb.go:405 +0x246
created by github.com/BurntSushi/xgb.postNewConn in goroutine 1
	/home/ati/go/pkg/mod/github.com/!burnt!sushi/xgb@v0.0.0-20210121224620-deaf085860bc/xgb.go:133 +0x2b6
ALSA lib pulse.c:242:(pulse_connect) PulseAudio: Unable to connect: Connection refused

ALSA lib pulse.c:242:(pulse_connect) PulseAudio: Unable to connect: Connection refused

ALSA lib confmisc.c:165:(snd_config_get_card) Cannot get card index for 0
ALSA lib confmisc.c:165:(snd_config_get_card) Cannot get card index for 0
ALSA lib pcm_oss.c:397:(_snd_pcm_oss_open) Cannot open device /dev/dsp
ALSA lib pulse.c:242:(pulse_connect) PulseAudio: Unable to connect: Connection refused

ALSA lib confmisc.c:165:(snd_config_get_card) Cannot get card index for 0
ALSA lib confmisc.c:165:(snd_config_get_card) Cannot get card index for 0
2026/02/26 20:13:32 PlatformError: X11: The DISPLAY environment variable is missing
panic: NotInitialized: The GLFW library is not initialized

goroutine 1 [running, locked to thread]:
github.com/go-gl/glfw/v3.3/glfw.acceptError({0x0, 0x0, 0xc000268690?})
	/home/ati/go/pkg/mod/github.com/go-gl/glfw/v3.3/glfw@v0.0.0-20240506104042-037f3cc74f2a/error.go:177 +0x16f
github.com/go-gl/glfw/v3.3/glfw.panicError(...)
	/home/ati/go/pkg/mod/github.com/go-gl/glfw/v3.3/glfw@v0.0.0-20240506104042-037f3cc74f2a/error.go:188
github.com/go-gl/glfw/v3.3/glfw.CreateStandardCursor(0xc0002cfd20?)
	/home/ati/go/pkg/mod/github.com/go-gl/glfw/v3.3/glfw@v0.0.0-20240506104042-037f3cc74f2a/input.go:512 +0x3a
fyne.io/fyne/v2/internal/driver/glfw.initCursors()
	/home/ati/go/pkg/mod/fyne.io/fyne/v2@v2.7.1/internal/driver/glfw/window_desktop.go:56 +0x1c
fyne.io/fyne/v2/internal/driver/glfw.(*gLDriver).initGLFW(0x0?)
	/home/ati/go/pkg/mod/fyne.io/fyne/v2@v2.7.1/internal/driver/glfw/loop_desktop.go:18 +0x3a
fyne.io/fyne/v2/internal/driver/glfw.(*gLDriver).init(...)
	/home/ati/go/pkg/mod/fyne.io/fyne/v2@v2.7.1/internal/driver/glfw/driver.go:45
fyne.io/fyne/v2/internal/driver/glfw.(*gLDriver).createWindow(0xc0003fe630, {0x0?, 0x6e5aec?}, 0x1)
	/home/ati/go/pkg/mod/fyne.io/fyne/v2@v2.7.1/internal/driver/glfw/window.go:940 +0x55
fyne.io/fyne/v2/internal/driver/glfw.(*gLDriver).CreateWindow.func1()
	/home/ati/go/pkg/mod/fyne.io/fyne/v2@v2.7.1/internal/driver/glfw/window.go:901 +0x2d
fyne.io/fyne/v2/internal/async.EnsureMain(0xc0003f7890)
	/home/ati/go/pkg/mod/fyne.io/fyne/v2@v2.7.1/internal/async/goroutine.go:46 +0x3f
fyne.io/fyne/v2/internal/driver/glfw.(*gLDriver).CreateWindow(0xc0003fe630, {0x0, 0x0})
	/home/ati/go/pkg/mod/fyne.io/fyne/v2@v2.7.1/internal/driver/glfw/window.go:900 +0x9b
fyne.io/fyne/v2/app.(*fyneApp).NewWindow(0xc0003024d0?, {0x0?, 0x2?})
	/home/ati/go/pkg/mod/fyne.io/fyne/v2@v2.7.1/app/app.go:67 +0x22
main.main()
	/home/ati/projects/code/FrozenPea/main.go:123 +0x149
exit status 2
# github.com/Ikit24/frozenpea
./windows.go:109:52: syntax error: unexpected newline in argument list; possibly missing comma or )
./windows.go:110:2: syntax error: unexpected keyword return at end of statement
# github.com/Ikit24/frozenpea
./windows.go:109:52: syntax error: unexpected newline in argument list; possibly missing comma or )
./windows.go:110:2: syntax error: unexpected keyword return at end of statement
# github.com/Ikit24/frozenpea
./windows.go:32:10: undefined: createBoldLabel
# github.com/Ikit24/frozenpea
./windows.go:32:10: undefined: createBoldLabel
# github.com/Ikit24/frozenpea
./windows.go:32:10: undefined: createBoldLabel
# github.com/Ikit24/frozenpea
./windows.go:32:10: undefined: createBoldLabel
ALSA lib pulse.c:242:(pulse_connect) PulseAudio: Unable to connect: Connection refused

ALSA lib pulse.c:242:(pulse_connect) PulseAudio: Unable to connect: Connection refused

ALSA lib confmisc.c:165:(snd_config_get_card) Cannot get card index for 0
ALSA lib confmisc.c:165:(snd_config_get_card) Cannot get card index for 0
ALSA lib pcm_oss.c:397:(_snd_pcm_oss_open) Cannot open device /dev/dsp
ALSA lib pulse.c:242:(pulse_connect) PulseAudio: Unable to connect: Connection refused

ALSA lib confmisc.c:165:(snd_config_get_card) Cannot get card index for 0
ALSA lib confmisc.c:165:(snd_config_get_card) Cannot get card index for 0
2026/03/01 09:47:39 PlatformError: X11: The DISPLAY environment variable is missing
panic: NotInitialized: The GLFW library is not initialized

goroutine 1 [running, locked to thread]:
github.com/go-gl/glfw/v3.3/glfw.acceptError({0x0, 0x0, 0xc0001826f0?})
	/home/ati/go/pkg/mod/github.com/go-gl/glfw/v3.3/glfw@v0.0.0-20240506104042-037f3cc74f2a/error.go:177 +0x16f
github.com/go-gl/glfw/v3.3/glfw.panicError(...)
	/home/ati/go/pkg/mod/github.com/go-gl/glfw/v3.3/glfw@v0.0.0-20240506104042-037f3cc74f2a/error.go:188
github.com/go-gl/glfw/v3.3/glfw.CreateStandardCursor(0xc000277d20?)
	/home/ati/go/pkg/mod/github.com/go-gl/glfw/v3.3/glfw@v0.0.0-20240506104042-037f3cc74f2a/input.go:512 +0x3a
fyne.io/fyne/v2/internal/driver/glfw.initCursors()
	/home/ati/go/pkg/mod/fyne.io/fyne/v2@v2.7.1/internal/driver/glfw/window_desktop.go:56 +0x1c
fyne.io/fyne/v2/internal/driver/glfw.(*gLDriver).initGLFW(0x0?)
	/home/ati/go/pkg/mod/fyne.io/fyne/v2@v2.7.1/internal/driver/glfw/loop_desktop.go:18 +0x3a
fyne.io/fyne/v2/internal/driver/glfw.(*gLDriver).init(...)
	/home/ati/go/pkg/mod/fyne.io/fyne/v2@v2.7.1/internal/driver/glfw/driver.go:45
fyne.io/fyne/v2/internal/driver/glfw.(*gLDriver).createWindow(0xc0000ec000, {0x0?, 0x6e5aec?}, 0x1)
	/home/ati/go/pkg/mod/fyne.io/fyne/v2@v2.7.1/internal/driver/glfw/window.go:940 +0x55
fyne.io/fyne/v2/internal/driver/glfw.(*gLDriver).CreateWindow.func1()
	/home/ati/go/pkg/mod/fyne.io/fyne/v2@v2.7.1/internal/driver/glfw/window.go:901 +0x2d
fyne.io/fyne/v2/internal/async.EnsureMain(0xc00038db90)
	/home/ati/go/pkg/mod/fyne.io/fyne/v2@v2.7.1/internal/async/goroutine.go:46 +0x3f
fyne.io/fyne/v2/internal/driver/glfw.(*gLDriver).CreateWindow(0xc0000ec000, {0x0, 0x0})
	/home/ati/go/pkg/mod/fyne.io/fyne/v2@v2.7.1/internal/driver/glfw/window.go:900 +0x9b
fyne.io/fyne/v2/app.(*fyneApp).NewWindow(0xc0000e6310?, {0x0?, 0x2?})
	/home/ati/go/pkg/mod/fyne.io/fyne/v2@v2.7.1/app/app.go:67 +0x22
main.main()
	/home/ati/projects/code/FrozenPea/main.go:123 +0x149
exit status 2
Got X11 context, window: 41943082
XGB: xgb.go:403: A read error is unrecoverable: EOF
XGB: xgb.go:403: A read error is unrecoverable: EOF
XGB: xgb.go:367: A write error is unrecoverable: write unix @->/tmp/.X11-unix/X1: write: broken pipe
panic: close of closed channel

goroutine 94 [running]:
github.com/BurntSushi/xgb.(*Conn).Close(...)
	/home/ati/go/pkg/mod/github.com/!burnt!sushi/xgb@v0.0.0-20210121224620-deaf085860bc/xgb.go:140
github.com/BurntSushi/xgb.(*Conn).readResponses(0xc001696160)
	/home/ati/go/pkg/mod/github.com/!burnt!sushi/xgb@v0.0.0-20210121224620-deaf085860bc/xgb.go:405 +0x246
created by github.com/BurntSushi/xgb.postNewConn in goroutine 1
	/home/ati/go/pkg/mod/github.com/!burnt!sushi/xgb@v0.0.0-20210121224620-deaf085860bc/xgb.go:133 +0x2b6
ALSA lib pulse.c:242:(pulse_connect) PulseAudio: Unable to connect: Connection refused

ALSA lib pulse.c:242:(pulse_connect) PulseAudio: Unable to connect: Connection refused

ALSA lib confmisc.c:165:(snd_config_get_card) Cannot get card index for 0
ALSA lib confmisc.c:165:(snd_config_get_card) Cannot get card index for 0
ALSA lib pcm_oss.c:397:(_snd_pcm_oss_open) Cannot open device /dev/dsp
ALSA lib pulse.c:242:(pulse_connect) PulseAudio: Unable to connect: Connection refused

ALSA lib confmisc.c:165:(snd_config_get_card) Cannot get card index for 0
ALSA lib confmisc.c:165:(snd_config_get_card) Cannot get card index for 0
2026/03/02 22:02:00 PlatformError: X11: The DISPLAY environment variable is missing
panic: NotInitialized: The GLFW library is not initialized

goroutine 1 [running, locked to thread]:
github.com/go-gl/glfw/v3.3/glfw.acceptError({0x0, 0x0, 0xc000112708?})
	/home/ati/go/pkg/mod/github.com/go-gl/glfw/v3.3/glfw@v0.0.0-20240506104042-037f3cc74f2a/error.go:177 +0x16f
github.com/go-gl/glfw/v3.3/glfw.panicError(...)
	/home/ati/go/pkg/mod/github.com/go-gl/glfw/v3.3/glfw@v0.0.0-20240506104042-037f3cc74f2a/error.go:188
github.com/go-gl/glfw/v3.3/glfw.CreateStandardCursor(0xc000207d20?)
	/home/ati/go/pkg/mod/github.com/go-gl/glfw/v3.3/glfw@v0.0.0-20240506104042-037f3cc74f2a/input.go:512 +0x3a
fyne.io/fyne/v2/internal/driver/glfw.initCursors()
	/home/ati/go/pkg/mod/fyne.io/fyne/v2@v2.7.1/internal/driver/glfw/window_desktop.go:56 +0x1c
fyne.io/fyne/v2/internal/driver/glfw.(*gLDriver).initGLFW(0x0?)
	/home/ati/go/pkg/mod/fyne.io/fyne/v2@v2.7.1/internal/driver/glfw/loop_desktop.go:18 +0x3a
fyne.io/fyne/v2/internal/driver/glfw.(*gLDriver).init(...)
	/home/ati/go/pkg/mod/fyne.io/fyne/v2@v2.7.1/internal/driver/glfw/driver.go:45
fyne.io/fyne/v2/internal/driver/glfw.(*gLDriver).createWindow(0xc0000ea000, {0x0?, 0x6e5aec?}, 0x1)
	/home/ati/go/pkg/mod/fyne.io/fyne/v2@v2.7.1/internal/driver/glfw/window.go:940 +0x55
fyne.io/fyne/v2/internal/driver/glfw.(*gLDriver).CreateWindow.func1()
	/home/ati/go/pkg/mod/fyne.io/fyne/v2@v2.7.1/internal/driver/glfw/window.go:901 +0x2d
fyne.io/fyne/v2/internal/async.EnsureMain(0xc000319d10)
	/home/ati/go/pkg/mod/fyne.io/fyne/v2@v2.7.1/internal/async/goroutine.go:46 +0x3f
fyne.io/fyne/v2/internal/driver/glfw.(*gLDriver).CreateWindow(0xc0000ea000, {0x0, 0x0})
	/home/ati/go/pkg/mod/fyne.io/fyne/v2@v2.7.1/internal/driver/glfw/window.go:900 +0x9b
fyne.io/fyne/v2/app.(*fyneApp).NewWindow(0xc0000e6310?, {0x0?, 0x2?})
	/home/ati/go/pkg/mod/fyne.io/fyne/v2@v2.7.1/app/app.go:67 +0x22
main.main()
	/home/ati/projects/code/FrozenPea/main.go:123 +0x149
exit status 2
ALSA lib pulse.c:242:(pulse_connect) PulseAudio: Unable to connect: Connection refused

ALSA lib pulse.c:242:(pulse_connect) PulseAudio: Unable to connect: Connection refused

ALSA lib confmisc.c:165:(snd_config_get_card) Cannot get card index for 0
ALSA lib confmisc.c:165:(snd_config_get_card) Cannot get card index for 0
ALSA lib pcm_oss.c:397:(_snd_pcm_oss_open) Cannot open device /dev/dsp
ALSA lib pulse.c:242:(pulse_connect) PulseAudio: Unable to connect: Connection refused

ALSA lib confmisc.c:165:(snd_config_get_card) Cannot get card index for 0
ALSA lib confmisc.c:165:(snd_config_get_card) Cannot get card index for 0
2026/03/03 19:28:46 PlatformError: X11: The DISPLAY environment variable is missing
panic: NotInitialized: The GLFW library is not initialized

goroutine 1 [running, locked to thread]:
github.com/go-gl/glfw/v3.3/glfw.acceptError({0x0, 0x0, 0xc000012738?})
	/home/ati/go/pkg/mod/github.com/go-gl/glfw/v3.3/glfw@v0.0.0-20240506104042-037f3cc74f2a/error.go:177 +0x16f
github.com/go-gl/glfw/v3.3/glfw.panicError(...)
	/home/ati/go/pkg/mod/github.com/go-gl/glfw/v3.3/glfw@v0.0.0-20240506104042-037f3cc74f2a/error.go:188
github.com/go-gl/glfw/v3.3/glfw.CreateStandardCursor(0xc00021bd20?)
	/home/ati/go/pkg/mod/github.com/go-gl/glfw/v3.3/glfw@v0.0.0-20240506104042-037f3cc74f2a/input.go:512 +0x3a
fyne.io/fyne/v2/internal/driver/glfw.initCursors()
	/home/ati/go/pkg/mod/fyne.io/fyne/v2@v2.7.1/internal/driver/glfw/window_desktop.go:56 +0x1c
fyne.io/fyne/v2/internal/driver/glfw.(*gLDriver).initGLFW(0x0?)
	/home/ati/go/pkg/mod/fyne.io/fyne/v2@v2.7.1/internal/driver/glfw/loop_desktop.go:18 +0x3a
fyne.io/fyne/v2/internal/driver/glfw.(*gLDriver).init(...)
	/home/ati/go/pkg/mod/fyne.io/fyne/v2@v2.7.1/internal/driver/glfw/driver.go:45
fyne.io/fyne/v2/internal/driver/glfw.(*gLDriver).createWindow(0xc00013a000, {0x0?, 0x6e5aec?}, 0x1)
	/home/ati/go/pkg/mod/fyne.io/fyne/v2@v2.7.1/internal/driver/glfw/window.go:940 +0x55
fyne.io/fyne/v2/internal/driver/glfw.(*gLDriver).CreateWindow.func1()
	/home/ati/go/pkg/mod/fyne.io/fyne/v2@v2.7.1/internal/driver/glfw/window.go:901 +0x2d
fyne.io/fyne/v2/internal/async.EnsureMain(0xc0003682d0)
	/home/ati/go/pkg/mod/fyne.io/fyne/v2@v2.7.1/internal/async/goroutine.go:46 +0x3f
fyne.io/fyne/v2/internal/driver/glfw.(*gLDriver).CreateWindow(0xc00013a000, {0x0, 0x0})
	/home/ati/go/pkg/mod/fyne.io/fyne/v2@v2.7.1/internal/driver/glfw/window.go:900 +0x9b
fyne.io/fyne/v2/app.(*fyneApp).NewWindow(0xc000140150?, {0x0?, 0x2?})
	/home/ati/go/pkg/mod/fyne.io/fyne/v2@v2.7.1/app/app.go:67 +0x22
main.main()
	/home/ati/projects/code/FrozenPea/main.go:123 +0x149
exit status 2
XIO:  fatal IO error 11 (Resource temporarily unavailable) on X server ":1"
      after 823 requests (823 known processed) with 0 events remaining.
ALSA lib pulse.c:242:(pulse_connect) PulseAudio: Unable to connect: Connection refused

ALSA lib pulse.c:242:(pulse_connect) PulseAudio: Unable to connect: Connection refused

ALSA lib confmisc.c:165:(snd_config_get_card) Cannot get card index for 0
ALSA lib confmisc.c:165:(snd_config_get_card) Cannot get card index for 0
ALSA lib pcm_oss.c:397:(_snd_pcm_oss_open) Cannot open device /dev/dsp
ALSA lib pulse.c:242:(pulse_connect) PulseAudio: Unable to connect: Connection refused

ALSA lib confmisc.c:165:(snd_config_get_card) Cannot get card index for 0
ALSA lib confmisc.c:165:(snd_config_get_card) Cannot get card index for 0
2026/03/04 20:12:14 PlatformError: X11: The DISPLAY environment variable is missing
panic: NotInitialized: The GLFW library is not initialized

goroutine 1 [running, locked to thread]:
github.com/go-gl/glfw/v3.3/glfw.acceptError({0x0, 0x0, 0xc00014a0c0?})
	/home/ati/go/pkg/mod/github.com/go-gl/glfw/v3.3/glfw@v0.0.0-20240506104042-037f3cc74f2a/error.go:177 +0x16f
github.com/go-gl/glfw/v3.3/glfw.panicError(...)
	/home/ati/go/pkg/mod/github.com/go-gl/glfw/v3.3/glfw@v0.0.0-20240506104042-037f3cc74f2a/error.go:188
github.com/go-gl/glfw/v3.3/glfw.CreateStandardCursor(0xc000287d20?)
	/home/ati/go/pkg/mod/github.com/go-gl/glfw/v3.3/glfw@v0.0.0-20240506104042-037f3cc74f2a/input.go:512 +0x3a
fyne.io/fyne/v2/internal/driver/glfw.initCursors()
	/home/ati/go/pkg/mod/fyne.io/fyne/v2@v2.7.1/internal/driver/glfw/window_desktop.go:56 +0x1c
fyne.io/fyne/v2/internal/driver/glfw.(*gLDriver).initGLFW(0x0?)
	/home/ati/go/pkg/mod/fyne.io/fyne/v2@v2.7.1/internal/driver/glfw/loop_desktop.go:18 +0x3a
fyne.io/fyne/v2/internal/driver/glfw.(*gLDriver).init(...)
	/home/ati/go/pkg/mod/fyne.io/fyne/v2@v2.7.1/internal/driver/glfw/driver.go:45
fyne.io/fyne/v2/internal/driver/glfw.(*gLDriver).createWindow(0xc00016c210, {0x0?, 0x6e5aec?}, 0x1)
	/home/ati/go/pkg/mod/fyne.io/fyne/v2@v2.7.1/internal/driver/glfw/window.go:940 +0x55
fyne.io/fyne/v2/internal/driver/glfw.(*gLDriver).CreateWindow.func1()
	/home/ati/go/pkg/mod/fyne.io/fyne/v2@v2.7.1/internal/driver/glfw/window.go:901 +0x2d
fyne.io/fyne/v2/internal/async.EnsureMain(0xc00011a7b0)
	/home/ati/go/pkg/mod/fyne.io/fyne/v2@v2.7.1/internal/async/goroutine.go:46 +0x3f
fyne.io/fyne/v2/internal/driver/glfw.(*gLDriver).CreateWindow(0xc00016c210, {0x0, 0x0})
	/home/ati/go/pkg/mod/fyne.io/fyne/v2@v2.7.1/internal/driver/glfw/window.go:900 +0x9b
fyne.io/fyne/v2/app.(*fyneApp).NewWindow(0xc000148310?, {0x0?, 0x2?})
	/home/ati/go/pkg/mod/fyne.io/fyne/v2@v2.7.1/app/app.go:67 +0x22
main.main()
	/home/ati/projects/code/FrozenPea/main.go:123 +0x149
exit status 2
ALSA lib pulse.c:242:(pulse_connect) PulseAudio: Unable to connect: Connection refused

ALSA lib pulse.c:242:(pulse_connect) PulseAudio: Unable to connect: Connection refused

ALSA lib confmisc.c:165:(snd_config_get_card) Cannot get card index for 0
ALSA lib confmisc.c:165:(snd_config_get_card) Cannot get card index for 0
ALSA lib pcm_oss.c:397:(_snd_pcm_oss_open) Cannot open device /dev/dsp
ALSA lib pulse.c:242:(pulse_connect) PulseAudio: Unable to connect: Connection refused

ALSA lib confmisc.c:165:(snd_config_get_card) Cannot get card index for 0
ALSA lib confmisc.c:165:(snd_config_get_card) Cannot get card index for 0
2026/03/05 19:21:37 PlatformError: X11: The DISPLAY environment variable is missing
panic: NotInitialized: The GLFW library is not initialized

goroutine 1 [running, locked to thread]:
github.com/go-gl/glfw/v3.3/glfw.acceptError({0x0, 0x0, 0xc00014a0a8?})
	/home/ati/go/pkg/mod/github.com/go-gl/glfw/v3.3/glfw@v0.0.0-20240506104042-037f3cc74f2a/error.go:177 +0x16f
github.com/go-gl/glfw/v3.3/glfw.panicError(...)
	/home/ati/go/pkg/mod/github.com/go-gl/glfw/v3.3/glfw@v0.0.0-20240506104042-037f3cc74f2a/error.go:188
github.com/go-gl/glfw/v3.3/glfw.CreateStandardCursor(0xc000257d20?)
	/home/ati/go/pkg/mod/github.com/go-gl/glfw/v3.3/glfw@v0.0.0-20240506104042-037f3cc74f2a/input.go:512 +0x3a
fyne.io/fyne/v2/internal/driver/glfw.initCursors()
	/home/ati/go/pkg/mod/fyne.io/fyne/v2@v2.7.1/internal/driver/glfw/window_desktop.go:56 +0x1c
fyne.io/fyne/v2/internal/driver/glfw.(*gLDriver).initGLFW(0x0?)
	/home/ati/go/pkg/mod/fyne.io/fyne/v2@v2.7.1/internal/driver/glfw/loop_desktop.go:18 +0x3a
fyne.io/fyne/v2/internal/driver/glfw.(*gLDriver).init(...)
	/home/ati/go/pkg/mod/fyne.io/fyne/v2@v2.7.1/internal/driver/glfw/driver.go:45
fyne.io/fyne/v2/internal/driver/glfw.(*gLDriver).createWindow(0xc000386630, {0x0?, 0x6e5aec?}, 0x1)
	/home/ati/go/pkg/mod/fyne.io/fyne/v2@v2.7.1/internal/driver/glfw/window.go:940 +0x55
fyne.io/fyne/v2/internal/driver/glfw.(*gLDriver).CreateWindow.func1()
	/home/ati/go/pkg/mod/fyne.io/fyne/v2@v2.7.1/internal/driver/glfw/window.go:901 +0x2d
fyne.io/fyne/v2/internal/async.EnsureMain(0xc00011ab40)
	/home/ati/go/pkg/mod/fyne.io/fyne/v2@v2.7.1/internal/async/goroutine.go:46 +0x3f
fyne.io/fyne/v2/internal/driver/glfw.(*gLDriver).CreateWindow(0xc000386630, {0x0, 0x0})
	/home/ati/go/pkg/mod/fyne.io/fyne/v2@v2.7.1/internal/driver/glfw/window.go:900 +0x9b
fyne.io/fyne/v2/app.(*fyneApp).NewWindow(0xc00028a4d0?, {0x0?, 0x2?})
	/home/ati/go/pkg/mod/fyne.io/fyne/v2@v2.7.1/app/app.go:67 +0x22
main.main()
	/home/ati/projects/code/FrozenPea/main.go:123 +0x149
exit status 2
ALSA lib pulse.c:242:(pulse_connect) PulseAudio: Unable to connect: Connection refused

ALSA lib pulse.c:242:(pulse_connect) PulseAudio: Unable to connect: Connection refused

ALSA lib confmisc.c:165:(snd_config_get_card) Cannot get card index for 0
ALSA lib confmisc.c:165:(snd_config_get_card) Cannot get card index for 0
ALSA lib pcm_oss.c:397:(_snd_pcm_oss_open) Cannot open device /dev/dsp
ALSA lib pulse.c:242:(pulse_connect) PulseAudio: Unable to connect: Connection refused

ALSA lib confmisc.c:165:(snd_config_get_card) Cannot get card index for 0
ALSA lib confmisc.c:165:(snd_config_get_card) Cannot get card index for 0
2026/03/06 17:05:39 PlatformError: X11: The DISPLAY environment variable is missing
panic: NotInitialized: The GLFW library is not initialized

goroutine 1 [running, locked to thread]:
github.com/go-gl/glfw/v3.3/glfw.acceptError({0x0, 0x0, 0xc0000120d8?})
	/home/ati/go/pkg/mod/github.com/go-gl/glfw/v3.3/glfw@v0.0.0-20240506104042-037f3cc74f2a/error.go:177 +0x16f
github.com/go-gl/glfw/v3.3/glfw.panicError(...)
	/home/ati/go/pkg/mod/github.com/go-gl/glfw/v3.3/glfw@v0.0.0-20240506104042-037f3cc74f2a/error.go:188
github.com/go-gl/glfw/v3.3/glfw.CreateStandardCursor(0xc0002cfd20?)
	/home/ati/go/pkg/mod/github.com/go-gl/glfw/v3.3/glfw@v0.0.0-20240506104042-037f3cc74f2a/input.go:512 +0x3a
fyne.io/fyne/v2/internal/driver/glfw.initCursors()
	/home/ati/go/pkg/mod/fyne.io/fyne/v2@v2.7.1/internal/driver/glfw/window_desktop.go:56 +0x1c
fyne.io/fyne/v2/internal/driver/glfw.(*gLDriver).initGLFW(0x0?)
	/home/ati/go/pkg/mod/fyne.io/fyne/v2@v2.7.1/internal/driver/glfw/loop_desktop.go:18 +0x3a
fyne.io/fyne/v2/internal/driver/glfw.(*gLDriver).init(...)
	/home/ati/go/pkg/mod/fyne.io/fyne/v2@v2.7.1/internal/driver/glfw/driver.go:45
fyne.io/fyne/v2/internal/driver/glfw.(*gLDriver).createWindow(0xc0003fe630, {0x0?, 0x6e5aec?}, 0x1)
	/home/ati/go/pkg/mod/fyne.io/fyne/v2@v2.7.1/internal/driver/glfw/window.go:940 +0x55
fyne.io/fyne/v2/internal/driver/glfw.(*gLDriver).CreateWindow.func1()
	/home/ati/go/pkg/mod/fyne.io/fyne/v2@v2.7.1/internal/driver/glfw/window.go:901 +0x2d
fyne.io/fyne/v2/internal/async.EnsureMain(0xc0000c4ae0)
	/home/ati/go/pkg/mod/fyne.io/fyne/v2@v2.7.1/internal/async/goroutine.go:46 +0x3f
fyne.io/fyne/v2/internal/driver/glfw.(*gLDriver).CreateWindow(0xc0003fe630, {0x0, 0x0})
	/home/ati/go/pkg/mod/fyne.io/fyne/v2@v2.7.1/internal/driver/glfw/window.go:900 +0x9b
fyne.io/fyne/v2/app.(*fyneApp).NewWindow(0xc0003024d0?, {0x0?, 0x2?})
	/home/ati/go/pkg/mod/fyne.io/fyne/v2@v2.7.1/app/app.go:67 +0x22
main.main()
	/home/ati/projects/code/FrozenPea/main.go:123 +0x149
exit status 2
ALSA lib pulse.c:242:(pulse_connect) PulseAudio: Unable to connect: Connection refused

ALSA lib pulse.c:242:(pulse_connect) PulseAudio: Unable to connect: Connection refused

ALSA lib confmisc.c:165:(snd_config_get_card) Cannot get card index for 0
ALSA lib confmisc.c:165:(snd_config_get_card) Cannot get card index for 0
ALSA lib pcm_oss.c:397:(_snd_pcm_oss_open) Cannot open device /dev/dsp
ALSA lib pulse.c:242:(pulse_connect) PulseAudio: Unable to connect: Connection refused

ALSA lib confmisc.c:165:(snd_config_get_card) Cannot get card index for 0
ALSA lib confmisc.c:165:(snd_config_get_card) Cannot get card index for 0
2026/03/07 10:40:44 PlatformError: X11: The DISPLAY environment variable is missing
panic: NotInitialized: The GLFW library is not initialized

goroutine 1 [running, locked to thread]:
github.com/go-gl/glfw/v3.3/glfw.acceptError({0x0, 0x0, 0xc0000120a8?})
	/home/ati/go/pkg/mod/github.com/go-gl/glfw/v3.3/glfw@v0.0.0-20240506104042-037f3cc74f2a/error.go:177 +0x16f
github.com/go-gl/glfw/v3.3/glfw.panicError(...)
	/home/ati/go/pkg/mod/github.com/go-gl/glfw/v3.3/glfw@v0.0.0-20240506104042-037f3cc74f2a/error.go:188
github.com/go-gl/glfw/v3.3/glfw.CreateStandardCursor(0xc000277d20?)
	/home/ati/go/pkg/mod/github.com/go-gl/glfw/v3.3/glfw@v0.0.0-20240506104042-037f3cc74f2a/input.go:512 +0x3a
fyne.io/fyne/v2/internal/driver/glfw.initCursors()
	/home/ati/go/pkg/mod/fyne.io/fyne/v2@v2.7.1/internal/driver/glfw/window_desktop.go:56 +0x1c
fyne.io/fyne/v2/internal/driver/glfw.(*gLDriver).initGLFW(0x0?)
	/home/ati/go/pkg/mod/fyne.io/fyne/v2@v2.7.1/internal/driver/glfw/loop_desktop.go:18 +0x3a
fyne.io/fyne/v2/internal/driver/glfw.(*gLDriver).init(...)
	/home/ati/go/pkg/mod/fyne.io/fyne/v2@v2.7.1/internal/driver/glfw/driver.go:45
fyne.io/fyne/v2/internal/driver/glfw.(*gLDriver).createWindow(0xc000324fd0, {0x0?, 0x6e5aec?}, 0x1)
	/home/ati/go/pkg/mod/fyne.io/fyne/v2@v2.7.1/internal/driver/glfw/window.go:940 +0x55
fyne.io/fyne/v2/internal/driver/glfw.(*gLDriver).CreateWindow.func1()
	/home/ati/go/pkg/mod/fyne.io/fyne/v2@v2.7.1/internal/driver/glfw/window.go:901 +0x2d
fyne.io/fyne/v2/internal/async.EnsureMain(0xc0003dd1a0)
	/home/ati/go/pkg/mod/fyne.io/fyne/v2@v2.7.1/internal/async/goroutine.go:46 +0x3f
fyne.io/fyne/v2/internal/driver/glfw.(*gLDriver).CreateWindow(0xc000324fd0, {0x0, 0x0})
	/home/ati/go/pkg/mod/fyne.io/fyne/v2@v2.7.1/internal/driver/glfw/window.go:900 +0x9b
fyne.io/fyne/v2/app.(*fyneApp).NewWindow(0xc0002a43f0?, {0x0?, 0x2?})
	/home/ati/go/pkg/mod/fyne.io/fyne/v2@v2.7.1/app/app.go:67 +0x22
main.main()
	/home/ati/projects/code/FrozenPea/main.go:123 +0x149
exit status 2
Got X11 context, window: 41943082
Got X11 context, window: 41943090
XGB: xgb.go:403: A read error is unrecoverable: EOF
XGB: xgb.go:403: A read error is unrecoverable: EOF
XGB: xgb.go:403: A read error is unrecoverable: EOF
XGB: xgb.go:403: A read error is unrecoverable: EOF
panic: close of closed channel

goroutine 73 [running]:
github.com/BurntSushi/xgb.(*Conn).Close(...)
	/home/ati/go/pkg/mod/github.com/!burnt!sushi/xgb@v0.0.0-20210121224620-deaf085860bc/xgb.go:140
github.com/BurntSushi/xgb.(*Conn).readResponses(0xc0009f0210)
	/home/ati/go/pkg/mod/github.com/!burnt!sushi/xgb@v0.0.0-20210121224620-deaf085860bc/xgb.go:405 +0x246
created by github.com/BurntSushi/xgb.postNewConn in goroutine 1
	/home/ati/go/pkg/mod/github.com/!burnt!sushi/xgb@v0.0.0-20210121224620-deaf085860bc/xgb.go:133 +0x2b6
panic: close of closed channel

goroutine 25 [running]:
github.com/BurntSushi/xgb.(*Conn).Close(...)
	/home/ati/go/pkg/mod/github.com/!burnt!sushi/xgb@v0.0.0-20210121224620-deaf085860bc/xgb.go:140
github.com/BurntSushi/xgb.(*Conn).readResponses(0xc0009f0000)
	/home/ati/go/pkg/mod/github.com/!burnt!sushi/xgb@v0.0.0-20210121224620-deaf085860bc/xgb.go:405 +0x246
created by github.com/BurntSushi/xgb.postNewConn in goroutine 1
	/home/ati/go/pkg/mod/github.com/!burnt!sushi/xgb@v0.0.0-20210121224620-deaf085860bc/xgb.go:133 +0x2b6
ALSA lib pulse.c:242:(pulse_connect) PulseAudio: Unable to connect: Connection refused

ALSA lib pulse.c:242:(pulse_connect) PulseAudio: Unable to connect: Connection refused

ALSA lib confmisc.c:165:(snd_config_get_card) Cannot get card index for 0
ALSA lib confmisc.c:165:(snd_config_get_card) Cannot get card index for 0
ALSA lib pcm_oss.c:397:(_snd_pcm_oss_open) Cannot open device /dev/dsp
ALSA lib pulse.c:242:(pulse_connect) PulseAudio: Unable to connect: Connection refused

ALSA lib confmisc.c:165:(snd_config_get_card) Cannot get card index for 0
ALSA lib confmisc.c:165:(snd_config_get_card) Cannot get card index for 0
2026/03/07 13:23:29 PlatformError: X11: The DISPLAY environment variable is missing
panic: NotInitialized: The GLFW library is not initialized

goroutine 1 [running, locked to thread]:
github.com/go-gl/glfw/v3.3/glfw.acceptError({0x0, 0x0, 0xc000012030?})
	/home/ati/go/pkg/mod/github.com/go-gl/glfw/v3.3/glfw@v0.0.0-20240506104042-037f3cc74f2a/error.go:177 +0x16f
github.com/go-gl/glfw/v3.3/glfw.panicError(...)
	/home/ati/go/pkg/mod/github.com/go-gl/glfw/v3.3/glfw@v0.0.0-20240506104042-037f3cc74f2a/error.go:188
github.com/go-gl/glfw/v3.3/glfw.CreateStandardCursor(0xc00027bd20?)
	/home/ati/go/pkg/mod/github.com/go-gl/glfw/v3.3/glfw@v0.0.0-20240506104042-037f3cc74f2a/input.go:512 +0x3a
fyne.io/fyne/v2/internal/driver/glfw.initCursors()
	/home/ati/go/pkg/mod/fyne.io/fyne/v2@v2.7.1/internal/driver/glfw/window_desktop.go:56 +0x1c
fyne.io/fyne/v2/internal/driver/glfw.(*gLDriver).initGLFW(0x0?)
	/home/ati/go/pkg/mod/fyne.io/fyne/v2@v2.7.1/internal/driver/glfw/loop_desktop.go:18 +0x3a
fyne.io/fyne/v2/internal/driver/glfw.(*gLDriver).init(...)
	/home/ati/go/pkg/mod/fyne.io/fyne/v2@v2.7.1/internal/driver/glfw/driver.go:45
fyne.io/fyne/v2/internal/driver/glfw.(*gLDriver).createWindow(0xc00039e840, {0x0?, 0x6e5aec?}, 0x1)
	/home/ati/go/pkg/mod/fyne.io/fyne/v2@v2.7.1/internal/driver/glfw/window.go:940 +0x55
fyne.io/fyne/v2/internal/driver/glfw.(*gLDriver).CreateWindow.func1()
	/home/ati/go/pkg/mod/fyne.io/fyne/v2@v2.7.1/internal/driver/glfw/window.go:901 +0x2d
fyne.io/fyne/v2/internal/async.EnsureMain(0xc0000d2000)
	/home/ati/go/pkg/mod/fyne.io/fyne/v2@v2.7.1/internal/async/goroutine.go:46 +0x3f
fyne.io/fyne/v2/internal/driver/glfw.(*gLDriver).CreateWindow(0xc00039e840, {0x0, 0x0})
	/home/ati/go/pkg/mod/fyne.io/fyne/v2@v2.7.1/internal/driver/glfw/window.go:900 +0x9b
fyne.io/fyne/v2/app.(*fyneApp).NewWindow(0xc0002a84d0?, {0x0?, 0x2?})
	/home/ati/go/pkg/mod/fyne.io/fyne/v2@v2.7.1/app/app.go:67 +0x22
main.main()
	/home/ati/projects/code/FrozenPea/main.go:123 +0x149
exit status 2
ALSA lib pulse.c:242:(pulse_connect) PulseAudio: Unable to connect: Connection refused

ALSA lib pulse.c:242:(pulse_connect) PulseAudio: Unable to connect: Connection refused

ALSA lib confmisc.c:165:(snd_config_get_card) Cannot get card index for 0
ALSA lib confmisc.c:165:(snd_config_get_card) Cannot get card index for 0
ALSA lib pcm_oss.c:397:(_snd_pcm_oss_open) Cannot open device /dev/dsp
ALSA lib pulse.c:242:(pulse_connect) PulseAudio: Unable to connect: Connection refused

ALSA lib confmisc.c:165:(snd_config_get_card) Cannot get card index for 0
ALSA lib confmisc.c:165:(snd_config_get_card) Cannot get card index for 0
2026/03/07 14:03:09 PlatformError: X11: The DISPLAY environment variable is missing
panic: NotInitialized: The GLFW library is not initialized

goroutine 1 [running, locked to thread]:
github.com/go-gl/glfw/v3.3/glfw.acceptError({0x0, 0x0, 0xc000012060?})
	/home/ati/go/pkg/mod/github.com/go-gl/glfw/v3.3/glfw@v0.0.0-20240506104042-037f3cc74f2a/error.go:177 +0x16f
github.com/go-gl/glfw/v3.3/glfw.panicError(...)
	/home/ati/go/pkg/mod/github.com/go-gl/glfw/v3.3/glfw@v0.0.0-20240506104042-037f3cc74f2a/error.go:188
github.com/go-gl/glfw/v3.3/glfw.CreateStandardCursor(0xc00025bd20?)
	/home/ati/go/pkg/mod/github.com/go-gl/glfw/v3.3/glfw@v0.0.0-20240506104042-037f3cc74f2a/input.go:512 +0x3a
fyne.io/fyne/v2/internal/driver/glfw.initCursors()
	/home/ati/go/pkg/mod/fyne.io/fyne/v2@v2.7.1/internal/driver/glfw/window_desktop.go:56 +0x1c
fyne.io/fyne/v2/internal/driver/glfw.(*gLDriver).initGLFW(0x0?)
	/home/ati/go/pkg/mod/fyne.io/fyne/v2@v2.7.1/internal/driver/glfw/loop_desktop.go:18 +0x3a
fyne.io/fyne/v2/internal/driver/glfw.(*gLDriver).init(...)
	/home/ati/go/pkg/mod/fyne.io/fyne/v2@v2.7.1/internal/driver/glfw/driver.go:45
fyne.io/fyne/v2/internal/driver/glfw.(*gLDriver).createWindow(0xc0003a4630, {0x0?, 0x6e5aec?}, 0x1)
	/home/ati/go/pkg/mod/fyne.io/fyne/v2@v2.7.1/internal/driver/glfw/window.go:940 +0x55
fyne.io/fyne/v2/internal/driver/glfw.(*gLDriver).CreateWindow.func1()
	/home/ati/go/pkg/mod/fyne.io/fyne/v2@v2.7.1/internal/driver/glfw/window.go:901 +0x2d
fyne.io/fyne/v2/internal/async.EnsureMain(0xc0000c4180)
	/home/ati/go/pkg/mod/fyne.io/fyne/v2@v2.7.1/internal/async/goroutine.go:46 +0x3f
fyne.io/fyne/v2/internal/driver/glfw.(*gLDriver).CreateWindow(0xc0003a4630, {0x0, 0x0})
	/home/ati/go/pkg/mod/fyne.io/fyne/v2@v2.7.1/internal/driver/glfw/window.go:900 +0x9b
fyne.io/fyne/v2/app.(*fyneApp).NewWindow(0xc00029a460?, {0x0?, 0x2?})
	/home/ati/go/pkg/mod/fyne.io/fyne/v2@v2.7.1/app/app.go:67 +0x22
main.main()
	/home/ati/projects/code/FrozenPea/main.go:123 +0x149
exit status 2
ALSA lib confmisc.c:165:(snd_config_get_card) Cannot get card index for 0
ALSA lib confmisc.c:165:(snd_config_get_card) Cannot get card index for 0
ALSA lib confmisc.c:165:(snd_config_get_card) Cannot get card index for 0
ALSA lib pcm_oss.c:397:(_snd_pcm_oss_open) Cannot open device /dev/dsp
ALSA lib pulse.c:242:(pulse_connect) PulseAudio: Unable to connect: Connection refused

ALSA lib confmisc.c:165:(snd_config_get_card) Cannot get card index for 0
ALSA lib confmisc.c:165:(snd_config_get_card) Cannot get card index for 0
ALSA lib confmisc.c:165:(snd_config_get_card) Cannot get card index for 0
2026/03/07 14:32:25 PlatformError: X11: The DISPLAY environment variable is missing
panic: NotInitialized: The GLFW library is not initialized

goroutine 1 [running, locked to thread]:
github.com/go-gl/glfw/v3.3/glfw.acceptError({0x0, 0x0, 0xc00014c018?})
	/home/ati/go/pkg/mod/github.com/go-gl/glfw/v3.3/glfw@v0.0.0-20240506104042-037f3cc74f2a/error.go:177 +0x16f
github.com/go-gl/glfw/v3.3/glfw.panicError(...)
	/home/ati/go/pkg/mod/github.com/go-gl/glfw/v3.3/glfw@v0.0.0-20240506104042-037f3cc74f2a/error.go:188
github.com/go-gl/glfw/v3.3/glfw.CreateStandardCursor(0xc00021bd20?)
	/home/ati/go/pkg/mod/github.com/go-gl/glfw/v3.3/glfw@v0.0.0-20240506104042-037f3cc74f2a/input.go:512 +0x3a
fyne.io/fyne/v2/internal/driver/glfw.initCursors()
	/home/ati/go/pkg/mod/fyne.io/fyne/v2@v2.7.1/internal/driver/glfw/window_desktop.go:56 +0x1c
fyne.io/fyne/v2/internal/driver/glfw.(*gLDriver).initGLFW(0x0?)
	/home/ati/go/pkg/mod/fyne.io/fyne/v2@v2.7.1/internal/driver/glfw/loop_desktop.go:18 +0x3a
fyne.io/fyne/v2/internal/driver/glfw.(*gLDriver).init(...)
	/home/ati/go/pkg/mod/fyne.io/fyne/v2@v2.7.1/internal/driver/glfw/driver.go:45
fyne.io/fyne/v2/internal/driver/glfw.(*gLDriver).createWindow(0xc000334840, {0x0?, 0x6e5aec?}, 0x1)
	/home/ati/go/pkg/mod/fyne.io/fyne/v2@v2.7.1/internal/driver/glfw/window.go:940 +0x55
fyne.io/fyne/v2/internal/driver/glfw.(*gLDriver).CreateWindow.func1()
	/home/ati/go/pkg/mod/fyne.io/fyne/v2@v2.7.1/internal/driver/glfw/window.go:901 +0x2d
fyne.io/fyne/v2/internal/async.EnsureMain(0xc00013e030)
	/home/ati/go/pkg/mod/fyne.io/fyne/v2@v2.7.1/internal/async/goroutine.go:46 +0x3f
fyne.io/fyne/v2/internal/driver/glfw.(*gLDriver).CreateWindow(0xc000334840, {0x0, 0x0})
	/home/ati/go/pkg/mod/fyne.io/fyne/v2@v2.7.1/internal/driver/glfw/window.go:900 +0x9b
fyne.io/fyne/v2/app.(*fyneApp).NewWindow(0xc000244690?, {0x0?, 0x2?})
	/home/ati/go/pkg/mod/fyne.io/fyne/v2@v2.7.1/app/app.go:67 +0x22
main.main()
	/home/ati/projects/code/FrozenPea/main.go:123 +0x149
exit status 2
ALSA lib confmisc.c:165:(snd_config_get_card) Cannot get card index for 0
ALSA lib confmisc.c:165:(snd_config_get_card) Cannot get card index for 0
ALSA lib confmisc.c:165:(snd_config_get_card) Cannot get card index for 0
ALSA lib pcm_oss.c:397:(_snd_pcm_oss_open) Cannot open device /dev/dsp
ALSA lib pulse.c:242:(pulse_connect) PulseAudio: Unable to connect: Connection refused

ALSA lib confmisc.c:165:(snd_config_get_card) Cannot get card index for 0
ALSA lib confmisc.c:165:(snd_config_get_card) Cannot get card index for 0
ALSA lib confmisc.c:165:(snd_config_get_card) Cannot get card index for 0
2026/03/07 14:39:18 PlatformError: X11: The DISPLAY environment variable is missing
panic: NotInitialized: The GLFW library is not initialized

goroutine 1 [running, locked to thread]:
github.com/go-gl/glfw/v3.3/glfw.acceptError({0x0, 0x0, 0xc00019c690?})
	/home/ati/go/pkg/mod/github.com/go-gl/glfw/v3.3/glfw@v0.0.0-20240506104042-037f3cc74f2a/error.go:177 +0x16f
github.com/go-gl/glfw/v3.3/glfw.panicError(...)
	/home/ati/go/pkg/mod/github.com/go-gl/glfw/v3.3/glfw@v0.0.0-20240506104042-037f3cc74f2a/error.go:188
github.com/go-gl/glfw/v3.3/glfw.CreateStandardCursor(0xc000287d20?)
	/home/ati/go/pkg/mod/github.com/go-gl/glfw/v3.3/glfw@v0.0.0-20240506104042-037f3cc74f2a/input.go:512 +0x3a
fyne.io/fyne/v2/internal/driver/glfw.initCursors()
	/home/ati/go/pkg/mod/fyne.io/fyne/v2@v2.7.1/internal/driver/glfw/window_desktop.go:56 +0x1c
fyne.io/fyne/v2/internal/driver/glfw.(*gLDriver).initGLFW(0x0?)
	/home/ati/go/pkg/mod/fyne.io/fyne/v2@v2.7.1/internal/driver/glfw/loop_desktop.go:18 +0x3a
fyne.io/fyne/v2/internal/driver/glfw.(*gLDriver).init(...)
	/home/ati/go/pkg/mod/fyne.io/fyne/v2@v2.7.1/internal/driver/glfw/driver.go:45
fyne.io/fyne/v2/internal/driver/glfw.(*gLDriver).createWindow(0xc00041c000, {0x0?, 0x6e5aec?}, 0x1)
	/home/ati/go/pkg/mod/fyne.io/fyne/v2@v2.7.1/internal/driver/glfw/window.go:940 +0x55
fyne.io/fyne/v2/internal/driver/glfw.(*gLDriver).CreateWindow.func1()
	/home/ati/go/pkg/mod/fyne.io/fyne/v2@v2.7.1/internal/driver/glfw/window.go:901 +0x2d
fyne.io/fyne/v2/internal/async.EnsureMain(0xc0003ad260)
	/home/ati/go/pkg/mod/fyne.io/fyne/v2@v2.7.1/internal/async/goroutine.go:46 +0x3f
fyne.io/fyne/v2/internal/driver/glfw.(*gLDriver).CreateWindow(0xc00041c000, {0x0, 0x0})
	/home/ati/go/pkg/mod/fyne.io/fyne/v2@v2.7.1/internal/driver/glfw/window.go:900 +0x9b
fyne.io/fyne/v2/app.(*fyneApp).NewWindow(0xc000138310?, {0x0?, 0x2?})
	/home/ati/go/pkg/mod/fyne.io/fyne/v2@v2.7.1/app/app.go:67 +0x22
main.main()
	/home/ati/projects/code/FrozenPea/main.go:123 +0x149
exit status 2
ALSA lib confmisc.c:165:(snd_config_get_card) Cannot get card index for 0
ALSA lib confmisc.c:165:(snd_config_get_card) Cannot get card index for 0
ALSA lib confmisc.c:165:(snd_config_get_card) Cannot get card index for 0
ALSA lib pcm_oss.c:397:(_snd_pcm_oss_open) Cannot open device /dev/dsp
ALSA lib pulse.c:242:(pulse_connect) PulseAudio: Unable to connect: Connection refused

ALSA lib confmisc.c:165:(snd_config_get_card) Cannot get card index for 0
ALSA lib confmisc.c:165:(snd_config_get_card) Cannot get card index for 0
ALSA lib confmisc.c:165:(snd_config_get_card) Cannot get card index for 0
2026/03/07 21:40:51 PlatformError: X11: The DISPLAY environment variable is missing
panic: NotInitialized: The GLFW library is not initialized

goroutine 1 [running, locked to thread]:
github.com/go-gl/glfw/v3.3/glfw.acceptError({0x0, 0x0, 0xc00012e0a8?})
	/home/ati/go/pkg/mod/github.com/go-gl/glfw/v3.3/glfw@v0.0.0-20240506104042-037f3cc74f2a/error.go:177 +0x16f
github.com/go-gl/glfw/v3.3/glfw.panicError(...)
	/home/ati/go/pkg/mod/github.com/go-gl/glfw/v3.3/glfw@v0.0.0-20240506104042-037f3cc74f2a/error.go:188
github.com/go-gl/glfw/v3.3/glfw.CreateStandardCursor(0xc000295d20?)
	/home/ati/go/pkg/mod/github.com/go-gl/glfw/v3.3/glfw@v0.0.0-20240506104042-037f3cc74f2a/input.go:512 +0x3a
fyne.io/fyne/v2/internal/driver/glfw.initCursors()
	/home/ati/go/pkg/mod/fyne.io/fyne/v2@v2.7.1/internal/driver/glfw/window_desktop.go:56 +0x1c
fyne.io/fyne/v2/internal/driver/glfw.(*gLDriver).initGLFW(0x0?)
	/home/ati/go/pkg/mod/fyne.io/fyne/v2@v2.7.1/internal/driver/glfw/loop_desktop.go:18 +0x3a
fyne.io/fyne/v2/internal/driver/glfw.(*gLDriver).init(...)
	/home/ati/go/pkg/mod/fyne.io/fyne/v2@v2.7.1/internal/driver/glfw/driver.go:45
fyne.io/fyne/v2/internal/driver/glfw.(*gLDriver).createWindow(0xc0003d6630, {0x0?, 0x6e5aec?}, 0x1)
	/home/ati/go/pkg/mod/fyne.io/fyne/v2@v2.7.1/internal/driver/glfw/window.go:940 +0x55
fyne.io/fyne/v2/internal/driver/glfw.(*gLDriver).CreateWindow.func1()
	/home/ati/go/pkg/mod/fyne.io/fyne/v2@v2.7.1/internal/driver/glfw/window.go:901 +0x2d
fyne.io/fyne/v2/internal/async.EnsureMain(0xc000110780)
	/home/ati/go/pkg/mod/fyne.io/fyne/v2@v2.7.1/internal/async/goroutine.go:46 +0x3f
fyne.io/fyne/v2/internal/driver/glfw.(*gLDriver).CreateWindow(0xc0003d6630, {0x0, 0x0})
	/home/ati/go/pkg/mod/fyne.io/fyne/v2@v2.7.1/internal/driver/glfw/window.go:900 +0x9b
fyne.io/fyne/v2/app.(*fyneApp).NewWindow(0xc0002d04d0?, {0x0?, 0x2?})
	/home/ati/go/pkg/mod/fyne.io/fyne/v2@v2.7.1/app/app.go:67 +0x22
main.main()
	/home/ati/projects/code/FrozenPea/main.go:123 +0x149
exit status 2
ALSA lib confmisc.c:165:(snd_config_get_card) Cannot get card index for 0
ALSA lib confmisc.c:165:(snd_config_get_card) Cannot get card index for 0
ALSA lib confmisc.c:165:(snd_config_get_card) Cannot get card index for 0
ALSA lib pcm_oss.c:397:(_snd_pcm_oss_open) Cannot open device /dev/dsp
ALSA lib pulse.c:242:(pulse_connect) PulseAudio: Unable to connect: Connection refused

ALSA lib confmisc.c:165:(snd_config_get_card) Cannot get card index for 0
ALSA lib confmisc.c:165:(snd_config_get_card) Cannot get card index for 0
ALSA lib confmisc.c:165:(snd_config_get_card) Cannot get card index for 0
2026/03/08 11:08:07 PlatformError: X11: The DISPLAY environment variable is missing
panic: NotInitialized: The GLFW library is not initialized

goroutine 1 [running, locked to thread]:
github.com/go-gl/glfw/v3.3/glfw.acceptError({0x0, 0x0, 0xc0000121b0?})
	/home/ati/go/pkg/mod/github.com/go-gl/glfw/v3.3/glfw@v0.0.0-20240506104042-037f3cc74f2a/error.go:177 +0x16f
github.com/go-gl/glfw/v3.3/glfw.panicError(...)
	/home/ati/go/pkg/mod/github.com/go-gl/glfw/v3.3/glfw@v0.0.0-20240506104042-037f3cc74f2a/error.go:188
github.com/go-gl/glfw/v3.3/glfw.CreateStandardCursor(0xc00013bd20?)
	/home/ati/go/pkg/mod/github.com/go-gl/glfw/v3.3/glfw@v0.0.0-20240506104042-037f3cc74f2a/input.go:512 +0x3a
fyne.io/fyne/v2/internal/driver/glfw.initCursors()
	/home/ati/go/pkg/mod/fyne.io/fyne/v2@v2.7.1/internal/driver/glfw/window_desktop.go:56 +0x1c
fyne.io/fyne/v2/internal/driver/glfw.(*gLDriver).initGLFW(0x0?)
	/home/ati/go/pkg/mod/fyne.io/fyne/v2@v2.7.1/internal/driver/glfw/loop_desktop.go:18 +0x3a
fyne.io/fyne/v2/internal/driver/glfw.(*gLDriver).init(...)
	/home/ati/go/pkg/mod/fyne.io/fyne/v2@v2.7.1/internal/driver/glfw/driver.go:45
fyne.io/fyne/v2/internal/driver/glfw.(*gLDriver).createWindow(0xc000396630, {0x0?, 0x6e5aec?}, 0x1)
	/home/ati/go/pkg/mod/fyne.io/fyne/v2@v2.7.1/internal/driver/glfw/window.go:940 +0x55
fyne.io/fyne/v2/internal/driver/glfw.(*gLDriver).CreateWindow.func1()
	/home/ati/go/pkg/mod/fyne.io/fyne/v2@v2.7.1/internal/driver/glfw/window.go:901 +0x2d
fyne.io/fyne/v2/internal/async.EnsureMain(0xc0000c4f60)
	/home/ati/go/pkg/mod/fyne.io/fyne/v2@v2.7.1/internal/async/goroutine.go:46 +0x3f
fyne.io/fyne/v2/internal/driver/glfw.(*gLDriver).CreateWindow(0xc000396630, {0x0, 0x0})
	/home/ati/go/pkg/mod/fyne.io/fyne/v2@v2.7.1/internal/driver/glfw/window.go:900 +0x9b
fyne.io/fyne/v2/app.(*fyneApp).NewWindow(0xc000286bd0?, {0x0?, 0x2?})
	/home/ati/go/pkg/mod/fyne.io/fyne/v2@v2.7.1/app/app.go:67 +0x22
main.main()
	/home/ati/projects/code/FrozenPea/main.go:123 +0x149
exit status 2
X connection to :1 broken (explicit kill or server shutdown).
exit status 1
ALSA lib confmisc.c:165:(snd_config_get_card) Cannot get card index for 0
ALSA lib confmisc.c:165:(snd_config_get_card) Cannot get card index for 0
ALSA lib confmisc.c:165:(snd_config_get_card) Cannot get card index for 0
ALSA lib pcm_oss.c:397:(_snd_pcm_oss_open) Cannot open device /dev/dsp
ALSA lib pulse.c:242:(pulse_connect) PulseAudio: Unable to connect: Connection refused

ALSA lib confmisc.c:165:(snd_config_get_card) Cannot get card index for 0
ALSA lib confmisc.c:165:(snd_config_get_card) Cannot get card index for 0
ALSA lib confmisc.c:165:(snd_config_get_card) Cannot get card index for 0
2026/03/09 21:13:22 PlatformError: X11: The DISPLAY environment variable is missing
panic: NotInitialized: The GLFW library is not initialized

goroutine 1 [running, locked to thread]:
github.com/go-gl/glfw/v3.3/glfw.acceptError({0x0, 0x0, 0xc0001a6048?})
	/home/ati/go/pkg/mod/github.com/go-gl/glfw/v3.3/glfw@v0.0.0-20240506104042-037f3cc74f2a/error.go:177 +0x16f
github.com/go-gl/glfw/v3.3/glfw.panicError(...)
	/home/ati/go/pkg/mod/github.com/go-gl/glfw/v3.3/glfw@v0.0.0-20240506104042-037f3cc74f2a/error.go:188
github.com/go-gl/glfw/v3.3/glfw.CreateStandardCursor(0xc00029bd20?)
	/home/ati/go/pkg/mod/github.com/go-gl/glfw/v3.3/glfw@v0.0.0-20240506104042-037f3cc74f2a/input.go:512 +0x3a
fyne.io/fyne/v2/internal/driver/glfw.initCursors()
	/home/ati/go/pkg/mod/fyne.io/fyne/v2@v2.7.1/internal/driver/glfw/window_desktop.go:56 +0x1c
fyne.io/fyne/v2/internal/driver/glfw.(*gLDriver).initGLFW(0x0?)
	/home/ati/go/pkg/mod/fyne.io/fyne/v2@v2.7.1/internal/driver/glfw/loop_desktop.go:18 +0x3a
fyne.io/fyne/v2/internal/driver/glfw.(*gLDriver).init(...)
	/home/ati/go/pkg/mod/fyne.io/fyne/v2@v2.7.1/internal/driver/glfw/driver.go:45
fyne.io/fyne/v2/internal/driver/glfw.(*gLDriver).createWindow(0xc0003d6630, {0x0?, 0x6e5aec?}, 0x1)
	/home/ati/go/pkg/mod/fyne.io/fyne/v2@v2.7.1/internal/driver/glfw/window.go:940 +0x55
fyne.io/fyne/v2/internal/driver/glfw.(*gLDriver).CreateWindow.func1()
	/home/ati/go/pkg/mod/fyne.io/fyne/v2@v2.7.1/internal/driver/glfw/window.go:901 +0x2d
fyne.io/fyne/v2/internal/async.EnsureMain(0xc0001822d0)
	/home/ati/go/pkg/mod/fyne.io/fyne/v2@v2.7.1/internal/async/goroutine.go:46 +0x3f
fyne.io/fyne/v2/internal/driver/glfw.(*gLDriver).CreateWindow(0xc0003d6630, {0x0, 0x0})
	/home/ati/go/pkg/mod/fyne.io/fyne/v2@v2.7.1/internal/driver/glfw/window.go:900 +0x9b
fyne.io/fyne/v2/app.(*fyneApp).NewWindow(0xc0002d0460?, {0x0?, 0x2?})
	/home/ati/go/pkg/mod/fyne.io/fyne/v2@v2.7.1/app/app.go:67 +0x22
main.main()
	/home/ati/projects/code/FrozenPea/main.go:123 +0x149
exit status 2
ALSA lib confmisc.c:165:(snd_config_get_card) Cannot get card index for 0
ALSA lib confmisc.c:165:(snd_config_get_card) Cannot get card index for 0
ALSA lib confmisc.c:165:(snd_config_get_card) Cannot get card index for 0
ALSA lib pcm_oss.c:397:(_snd_pcm_oss_open) Cannot open device /dev/dsp
ALSA lib pulse.c:242:(pulse_connect) PulseAudio: Unable to connect: Connection refused

ALSA lib confmisc.c:165:(snd_config_get_card) Cannot get card index for 0
ALSA lib confmisc.c:165:(snd_config_get_card) Cannot get card index for 0
ALSA lib confmisc.c:165:(snd_config_get_card) Cannot get card index for 0
2026/03/10 11:48:25 PlatformError: X11: The DISPLAY environment variable is missing
panic: NotInitialized: The GLFW library is not initialized

goroutine 1 [running, locked to thread]:
github.com/go-gl/glfw/v3.3/glfw.acceptError({0x0, 0x0, 0xc000012078?})
	/home/ati/go/pkg/mod/github.com/go-gl/glfw/v3.3/glfw@v0.0.0-20240506104042-037f3cc74f2a/error.go:177 +0x16f
github.com/go-gl/glfw/v3.3/glfw.panicError(...)
	/home/ati/go/pkg/mod/github.com/go-gl/glfw/v3.3/glfw@v0.0.0-20240506104042-037f3cc74f2a/error.go:188
github.com/go-gl/glfw/v3.3/glfw.CreateStandardCursor(0xc000291d20?)
	/home/ati/go/pkg/mod/github.com/go-gl/glfw/v3.3/glfw@v0.0.0-20240506104042-037f3cc74f2a/input.go:512 +0x3a
fyne.io/fyne/v2/internal/driver/glfw.initCursors()
	/home/ati/go/pkg/mod/fyne.io/fyne/v2@v2.7.1/internal/driver/glfw/window_desktop.go:56 +0x1c
fyne.io/fyne/v2/internal/driver/glfw.(*gLDriver).initGLFW(0x0?)
	/home/ati/go/pkg/mod/fyne.io/fyne/v2@v2.7.1/internal/driver/glfw/loop_desktop.go:18 +0x3a
fyne.io/fyne/v2/internal/driver/glfw.(*gLDriver).init(...)
	/home/ati/go/pkg/mod/fyne.io/fyne/v2@v2.7.1/internal/driver/glfw/driver.go:45
fyne.io/fyne/v2/internal/driver/glfw.(*gLDriver).createWindow(0xc000140210, {0x0?, 0x6e5aec?}, 0x1)
	/home/ati/go/pkg/mod/fyne.io/fyne/v2@v2.7.1/internal/driver/glfw/window.go:940 +0x55
fyne.io/fyne/v2/internal/driver/glfw.(*gLDriver).CreateWindow.func1()
	/home/ati/go/pkg/mod/fyne.io/fyne/v2@v2.7.1/internal/driver/glfw/window.go:901 +0x2d
fyne.io/fyne/v2/internal/async.EnsureMain(0xc0000be840)
	/home/ati/go/pkg/mod/fyne.io/fyne/v2@v2.7.1/internal/async/goroutine.go:46 +0x3f
fyne.io/fyne/v2/internal/driver/glfw.(*gLDriver).CreateWindow(0xc000140210, {0x0, 0x0})
	/home/ati/go/pkg/mod/fyne.io/fyne/v2@v2.7.1/internal/driver/glfw/window.go:900 +0x9b
fyne.io/fyne/v2/app.(*fyneApp).NewWindow(0xc0001ba150?, {0x0?, 0x2?})
	/home/ati/go/pkg/mod/fyne.io/fyne/v2@v2.7.1/app/app.go:67 +0x22
main.main()
	/home/ati/projects/code/FrozenPea/main.go:123 +0x149
exit status 2
Got X11 context, window: 4194361
XGB: conn.go:47: Could not get authority info: open /home/ati/.Xauthority: no such file or directory
XGB: conn.go:48: Trying connection without authority info...
XGB: xgb.go:403: A read error is unrecoverable: EOF
XGB: xgb.go:403: A read error is unrecoverable: EOF
XGB: xgb.go:367: A write error is unrecoverable: write unix @->/tmp/.X11-unix/X1: write: broken pipe
panic: close of closed channel

goroutine 31 [running]:
github.com/BurntSushi/xgb.(*Conn).Close(...)
	/home/ati/go/pkg/mod/github.com/!burnt!sushi/xgb@v0.0.0-20210121224620-deaf085860bc/xgb.go:140
github.com/BurntSushi/xgb.(*Conn).readResponses(0xc002622000)
	/home/ati/go/pkg/mod/github.com/!burnt!sushi/xgb@v0.0.0-20210121224620-deaf085860bc/xgb.go:405 +0x246
created by github.com/BurntSushi/xgb.postNewConn in goroutine 1
	/home/ati/go/pkg/mod/github.com/!burnt!sushi/xgb@v0.0.0-20210121224620-deaf085860bc/xgb.go:133 +0x2b6
exit status 2
ALSA lib confmisc.c:165:(snd_config_get_card) Cannot get card index for 0
ALSA lib confmisc.c:165:(snd_config_get_card) Cannot get card index for 0
ALSA lib confmisc.c:165:(snd_config_get_card) Cannot get card index for 0
ALSA lib pcm_oss.c:397:(_snd_pcm_oss_open) Cannot open device /dev/dsp
ALSA lib pulse.c:242:(pulse_connect) PulseAudio: Unable to connect: Connection refused

ALSA lib confmisc.c:165:(snd_config_get_card) Cannot get card index for 0
ALSA lib confmisc.c:165:(snd_config_get_card) Cannot get card index for 0
ALSA lib confmisc.c:165:(snd_config_get_card) Cannot get card index for 0
2026/03/10 13:29:08 PlatformError: X11: The DISPLAY environment variable is missing
panic: NotInitialized: The GLFW library is not initialized

goroutine 1 [running, locked to thread]:
github.com/go-gl/glfw/v3.3/glfw.acceptError({0x0, 0x0, 0xc000482018?})
	/home/ati/go/pkg/mod/github.com/go-gl/glfw/v3.3/glfw@v0.0.0-20240506104042-037f3cc74f2a/error.go:177 +0x16f
github.com/go-gl/glfw/v3.3/glfw.panicError(...)
	/home/ati/go/pkg/mod/github.com/go-gl/glfw/v3.3/glfw@v0.0.0-20240506104042-037f3cc74f2a/error.go:188
github.com/go-gl/glfw/v3.3/glfw.CreateStandardCursor(0xc0001e3d20?)
	/home/ati/go/pkg/mod/github.com/go-gl/glfw/v3.3/glfw@v0.0.0-20240506104042-037f3cc74f2a/input.go:512 +0x3a
fyne.io/fyne/v2/internal/driver/glfw.initCursors()
	/home/ati/go/pkg/mod/fyne.io/fyne/v2@v2.7.1/internal/driver/glfw/window_desktop.go:56 +0x1c
fyne.io/fyne/v2/internal/driver/glfw.(*gLDriver).initGLFW(0x0?)
	/home/ati/go/pkg/mod/fyne.io/fyne/v2@v2.7.1/internal/driver/glfw/loop_desktop.go:18 +0x3a
fyne.io/fyne/v2/internal/driver/glfw.(*gLDriver).init(...)
	/home/ati/go/pkg/mod/fyne.io/fyne/v2@v2.7.1/internal/driver/glfw/driver.go:45
fyne.io/fyne/v2/internal/driver/glfw.(*gLDriver).createWindow(0xc000150210, {0x0?, 0x6e5aec?}, 0x1)
	/home/ati/go/pkg/mod/fyne.io/fyne/v2@v2.7.1/internal/driver/glfw/window.go:940 +0x55
fyne.io/fyne/v2/internal/driver/glfw.(*gLDriver).CreateWindow.func1()
	/home/ati/go/pkg/mod/fyne.io/fyne/v2@v2.7.1/internal/driver/glfw/window.go:901 +0x2d
fyne.io/fyne/v2/internal/async.EnsureMain(0xc000492000)
	/home/ati/go/pkg/mod/fyne.io/fyne/v2@v2.7.1/internal/async/goroutine.go:46 +0x3f
fyne.io/fyne/v2/internal/driver/glfw.(*gLDriver).CreateWindow(0xc000150210, {0x0, 0x0})
	/home/ati/go/pkg/mod/fyne.io/fyne/v2@v2.7.1/internal/driver/glfw/window.go:900 +0x9b
fyne.io/fyne/v2/app.(*fyneApp).NewWindow(0xc00011a310?, {0x0?, 0x2?})
	/home/ati/go/pkg/mod/fyne.io/fyne/v2@v2.7.1/app/app.go:67 +0x22
main.main()
	/home/ati/projects/code/FrozenPea/main.go:123 +0x149
exit status 2
ALSA lib confmisc.c:165:(snd_config_get_card) Cannot get card index for 0
ALSA lib confmisc.c:165:(snd_config_get_card) Cannot get card index for 0
ALSA lib confmisc.c:165:(snd_config_get_card) Cannot get card index for 0
ALSA lib pcm_oss.c:397:(_snd_pcm_oss_open) Cannot open device /dev/dsp
ALSA lib pulse.c:242:(pulse_connect) PulseAudio: Unable to connect: Connection refused

ALSA lib confmisc.c:165:(snd_config_get_card) Cannot get card index for 0
ALSA lib confmisc.c:165:(snd_config_get_card) Cannot get card index for 0
ALSA lib confmisc.c:165:(snd_config_get_card) Cannot get card index for 0
2026/03/11 20:15:38 PlatformError: X11: The DISPLAY environment variable is missing
panic: NotInitialized: The GLFW library is not initialized

goroutine 1 [running, locked to thread]:
github.com/go-gl/glfw/v3.3/glfw.acceptError({0x0, 0x0, 0xc00013a600?})
	/home/ati/go/pkg/mod/github.com/go-gl/glfw/v3.3/glfw@v0.0.0-20240506104042-037f3cc74f2a/error.go:177 +0x16f
github.com/go-gl/glfw/v3.3/glfw.panicError(...)
	/home/ati/go/pkg/mod/github.com/go-gl/glfw/v3.3/glfw@v0.0.0-20240506104042-037f3cc74f2a/error.go:188
github.com/go-gl/glfw/v3.3/glfw.CreateStandardCursor(0xc000287d20?)
	/home/ati/go/pkg/mod/github.com/go-gl/glfw/v3.3/glfw@v0.0.0-20240506104042-037f3cc74f2a/input.go:512 +0x3a
fyne.io/fyne/v2/internal/driver/glfw.initCursors()
	/home/ati/go/pkg/mod/fyne.io/fyne/v2@v2.7.1/internal/driver/glfw/window_desktop.go:56 +0x1c
fyne.io/fyne/v2/internal/driver/glfw.(*gLDriver).initGLFW(0x0?)
	/home/ati/go/pkg/mod/fyne.io/fyne/v2@v2.7.1/internal/driver/glfw/loop_desktop.go:18 +0x3a
fyne.io/fyne/v2/internal/driver/glfw.(*gLDriver).init(...)
	/home/ati/go/pkg/mod/fyne.io/fyne/v2@v2.7.1/internal/driver/glfw/driver.go:45
fyne.io/fyne/v2/internal/driver/glfw.(*gLDriver).createWindow(0xc0003be840, {0x0?, 0x6e5aec?}, 0x1)
	/home/ati/go/pkg/mod/fyne.io/fyne/v2@v2.7.1/internal/driver/glfw/window.go:940 +0x55
fyne.io/fyne/v2/internal/driver/glfw.(*gLDriver).CreateWindow.func1()
	/home/ati/go/pkg/mod/fyne.io/fyne/v2@v2.7.1/internal/driver/glfw/window.go:901 +0x2d
fyne.io/fyne/v2/internal/async.EnsureMain(0xc0003bd560)
	/home/ati/go/pkg/mod/fyne.io/fyne/v2@v2.7.1/internal/async/goroutine.go:46 +0x3f
fyne.io/fyne/v2/internal/driver/glfw.(*gLDriver).CreateWindow(0xc0003be840, {0x0, 0x0})
	/home/ati/go/pkg/mod/fyne.io/fyne/v2@v2.7.1/internal/driver/glfw/window.go:900 +0x9b
fyne.io/fyne/v2/app.(*fyneApp).NewWindow(0xc0002ba620?, {0x0?, 0x2?})
	/home/ati/go/pkg/mod/fyne.io/fyne/v2@v2.7.1/app/app.go:67 +0x22
main.main()
	/home/ati/projects/code/FrozenPea/main.go:123 +0x149
exit status 2
Got X11 context, window: 4194361
XGB: conn.go:47: Could not get authority info: open /home/ati/.Xauthority: no such file or directory
XGB: conn.go:48: Trying connection without authority info...
XGB: xgb.go:403: A read error is unrecoverable: EOF
XGB: xgb.go:403: A read error is unrecoverable: EOF
panic: close of closed channel

goroutine 86 [running]:
github.com/BurntSushi/xgb.(*Conn).Close(...)
	/home/ati/go/pkg/mod/github.com/!burnt!sushi/xgb@v0.0.0-20210121224620-deaf085860bc/xgb.go:140
github.com/BurntSushi/xgb.(*Conn).readResponses(0xc001f30160)
	/home/ati/go/pkg/mod/github.com/!burnt!sushi/xgb@v0.0.0-20210121224620-deaf085860bc/xgb.go:405 +0x246
created by github.com/BurntSushi/xgb.postNewConn in goroutine 1
	/home/ati/go/pkg/mod/github.com/!burnt!sushi/xgb@v0.0.0-20210121224620-deaf085860bc/xgb.go:133 +0x2b6
exit status 2
ALSA lib confmisc.c:165:(snd_config_get_card) Cannot get card index for 0
ALSA lib confmisc.c:165:(snd_config_get_card) Cannot get card index for 0
ALSA lib confmisc.c:165:(snd_config_get_card) Cannot get card index for 0
ALSA lib pcm_oss.c:397:(_snd_pcm_oss_open) Cannot open device /dev/dsp
ALSA lib pulse.c:242:(pulse_connect) PulseAudio: Unable to connect: Connection refused

ALSA lib confmisc.c:165:(snd_config_get_card) Cannot get card index for 0
ALSA lib confmisc.c:165:(snd_config_get_card) Cannot get card index for 0
ALSA lib confmisc.c:165:(snd_config_get_card) Cannot get card index for 0
2026/03/12 21:14:58 PlatformError: X11: The DISPLAY environment variable is missing
panic: NotInitialized: The GLFW library is not initialized

goroutine 1 [running, locked to thread]:
github.com/go-gl/glfw/v3.3/glfw.acceptError({0x0, 0x0, 0xc00011c018?})
	/home/ati/go/pkg/mod/github.com/go-gl/glfw/v3.3/glfw@v0.0.0-20240506104042-037f3cc74f2a/error.go:177 +0x16f
github.com/go-gl/glfw/v3.3/glfw.panicError(...)
	/home/ati/go/pkg/mod/github.com/go-gl/glfw/v3.3/glfw@v0.0.0-20240506104042-037f3cc74f2a/error.go:188
github.com/go-gl/glfw/v3.3/glfw.CreateStandardCursor(0xc0002bdd20?)
	/home/ati/go/pkg/mod/github.com/go-gl/glfw/v3.3/glfw@v0.0.0-20240506104042-037f3cc74f2a/input.go:512 +0x3a
fyne.io/fyne/v2/internal/driver/glfw.initCursors()
	/home/ati/go/pkg/mod/fyne.io/fyne/v2@v2.7.1/internal/driver/glfw/window_desktop.go:56 +0x1c
fyne.io/fyne/v2/internal/driver/glfw.(*gLDriver).initGLFW(0x0?)
	/home/ati/go/pkg/mod/fyne.io/fyne/v2@v2.7.1/internal/driver/glfw/loop_desktop.go:18 +0x3a
fyne.io/fyne/v2/internal/driver/glfw.(*gLDriver).init(...)
	/home/ati/go/pkg/mod/fyne.io/fyne/v2@v2.7.1/internal/driver/glfw/driver.go:45
fyne.io/fyne/v2/internal/driver/glfw.(*gLDriver).createWindow(0xc0000f6210, {0x0?, 0x6e5aec?}, 0x1)
	/home/ati/go/pkg/mod/fyne.io/fyne/v2@v2.7.1/internal/driver/glfw/window.go:940 +0x55
fyne.io/fyne/v2/internal/driver/glfw.(*gLDriver).CreateWindow.func1()
	/home/ati/go/pkg/mod/fyne.io/fyne/v2@v2.7.1/internal/driver/glfw/window.go:901 +0x2d
fyne.io/fyne/v2/internal/async.EnsureMain(0xc00012a000)
	/home/ati/go/pkg/mod/fyne.io/fyne/v2@v2.7.1/internal/async/goroutine.go:46 +0x3f
fyne.io/fyne/v2/internal/driver/glfw.(*gLDriver).CreateWindow(0xc0000f6210, {0x0, 0x0})
	/home/ati/go/pkg/mod/fyne.io/fyne/v2@v2.7.1/internal/driver/glfw/window.go:900 +0x9b
fyne.io/fyne/v2/app.(*fyneApp).NewWindow(0xc0000e6310?, {0x0?, 0x2?})
	/home/ati/go/pkg/mod/fyne.io/fyne/v2@v2.7.1/app/app.go:67 +0x22
main.main()
	/home/ati/projects/code/FrozenPea/main.go:123 +0x149
exit status 2
X connection to :1 broken (explicit kill or server shutdown).
exit status 1
ALSA lib confmisc.c:165:(snd_config_get_card) Cannot get card index for 0
ALSA lib confmisc.c:165:(snd_config_get_card) Cannot get card index for 0
ALSA lib confmisc.c:165:(snd_config_get_card) Cannot get card index for 0
ALSA lib pcm_oss.c:397:(_snd_pcm_oss_open) Cannot open device /dev/dsp
ALSA lib pulse.c:242:(pulse_connect) PulseAudio: Unable to connect: Connection refused

ALSA lib confmisc.c:165:(snd_config_get_card) Cannot get card index for 0
ALSA lib confmisc.c:165:(snd_config_get_card) Cannot get card index for 0
ALSA lib confmisc.c:165:(snd_config_get_card) Cannot get card index for 0
2026/03/13 19:13:01 PlatformError: X11: The DISPLAY environment variable is missing
panic: NotInitialized: The GLFW library is not initialized

goroutine 1 [running, locked to thread]:
github.com/go-gl/glfw/v3.3/glfw.acceptError({0x0, 0x0, 0xc00014a630?})
	/home/ati/go/pkg/mod/github.com/go-gl/glfw/v3.3/glfw@v0.0.0-20240506104042-037f3cc74f2a/error.go:177 +0x16f
github.com/go-gl/glfw/v3.3/glfw.panicError(...)
	/home/ati/go/pkg/mod/github.com/go-gl/glfw/v3.3/glfw@v0.0.0-20240506104042-037f3cc74f2a/error.go:188
github.com/go-gl/glfw/v3.3/glfw.CreateStandardCursor(0xc0001bdd20?)
	/home/ati/go/pkg/mod/github.com/go-gl/glfw/v3.3/glfw@v0.0.0-20240506104042-037f3cc74f2a/input.go:512 +0x3a
fyne.io/fyne/v2/internal/driver/glfw.initCursors()
	/home/ati/go/pkg/mod/fyne.io/fyne/v2@v2.7.1/internal/driver/glfw/window_desktop.go:56 +0x1c
fyne.io/fyne/v2/internal/driver/glfw.(*gLDriver).initGLFW(0x0?)
	/home/ati/go/pkg/mod/fyne.io/fyne/v2@v2.7.1/internal/driver/glfw/loop_desktop.go:18 +0x3a
fyne.io/fyne/v2/internal/driver/glfw.(*gLDriver).init(...)
	/home/ati/go/pkg/mod/fyne.io/fyne/v2@v2.7.1/internal/driver/glfw/driver.go:45
fyne.io/fyne/v2/internal/driver/glfw.(*gLDriver).createWindow(0xc000414000, {0x0?, 0x6e5aec?}, 0x1)
	/home/ati/go/pkg/mod/fyne.io/fyne/v2@v2.7.1/internal/driver/glfw/window.go:940 +0x55
fyne.io/fyne/v2/internal/driver/glfw.(*gLDriver).CreateWindow.func1()
	/home/ati/go/pkg/mod/fyne.io/fyne/v2@v2.7.1/internal/driver/glfw/window.go:901 +0x2d
fyne.io/fyne/v2/internal/async.EnsureMain(0xc0003e7290)
	/home/ati/go/pkg/mod/fyne.io/fyne/v2@v2.7.1/internal/async/goroutine.go:46 +0x3f
fyne.io/fyne/v2/internal/driver/glfw.(*gLDriver).CreateWindow(0xc000414000, {0x0, 0x0})
	/home/ati/go/pkg/mod/fyne.io/fyne/v2@v2.7.1/internal/driver/glfw/window.go:900 +0x9b
fyne.io/fyne/v2/app.(*fyneApp).NewWindow(0xc000416150?, {0x0?, 0x2?})
	/home/ati/go/pkg/mod/fyne.io/fyne/v2@v2.7.1/app/app.go:67 +0x22
main.main()
	/home/ati/projects/code/FrozenPea/main.go:123 +0x149
exit status 2
ALSA lib confmisc.c:165:(snd_config_get_card) Cannot get card index for 0
ALSA lib confmisc.c:165:(snd_config_get_card) Cannot get card index for 0
ALSA lib confmisc.c:165:(snd_config_get_card) Cannot get card index for 0
ALSA lib pcm_oss.c:397:(_snd_pcm_oss_open) Cannot open device /dev/dsp
ALSA lib pulse.c:242:(pulse_connect) PulseAudio: Unable to connect: Connection refused

ALSA lib confmisc.c:165:(snd_config_get_card) Cannot get card index for 0
ALSA lib confmisc.c:165:(snd_config_get_card) Cannot get card index for 0
ALSA lib confmisc.c:165:(snd_config_get_card) Cannot get card index for 0
2026/03/14 06:49:27 PlatformError: X11: The DISPLAY environment variable is missing
panic: NotInitialized: The GLFW library is not initialized

goroutine 1 [running, locked to thread]:
github.com/go-gl/glfw/v3.3/glfw.acceptError({0x0, 0x0, 0xc0002100f0?})
	/home/ati/go/pkg/mod/github.com/go-gl/glfw/v3.3/glfw@v0.0.0-20240506104042-037f3cc74f2a/error.go:177 +0x16f
github.com/go-gl/glfw/v3.3/glfw.panicError(...)
	/home/ati/go/pkg/mod/github.com/go-gl/glfw/v3.3/glfw@v0.0.0-20240506104042-037f3cc74f2a/error.go:188
github.com/go-gl/glfw/v3.3/glfw.CreateStandardCursor(0xc0002c5d20?)
	/home/ati/go/pkg/mod/github.com/go-gl/glfw/v3.3/glfw@v0.0.0-20240506104042-037f3cc74f2a/input.go:512 +0x3a
fyne.io/fyne/v2/internal/driver/glfw.initCursors()
	/home/ati/go/pkg/mod/fyne.io/fyne/v2@v2.7.1/internal/driver/glfw/window_desktop.go:56 +0x1c
fyne.io/fyne/v2/internal/driver/glfw.(*gLDriver).initGLFW(0x0?)
	/home/ati/go/pkg/mod/fyne.io/fyne/v2@v2.7.1/internal/driver/glfw/loop_desktop.go:18 +0x3a
fyne.io/fyne/v2/internal/driver/glfw.(*gLDriver).init(...)
	/home/ati/go/pkg/mod/fyne.io/fyne/v2@v2.7.1/internal/driver/glfw/driver.go:45
fyne.io/fyne/v2/internal/driver/glfw.(*gLDriver).createWindow(0xc0000f4210, {0x0?, 0x6e5aec?}, 0x1)
	/home/ati/go/pkg/mod/fyne.io/fyne/v2@v2.7.1/internal/driver/glfw/window.go:940 +0x55
fyne.io/fyne/v2/internal/driver/glfw.(*gLDriver).CreateWindow.func1()
	/home/ati/go/pkg/mod/fyne.io/fyne/v2@v2.7.1/internal/driver/glfw/window.go:901 +0x2d
fyne.io/fyne/v2/internal/async.EnsureMain(0xc00011ab40)
	/home/ati/go/pkg/mod/fyne.io/fyne/v2@v2.7.1/internal/async/goroutine.go:46 +0x3f
fyne.io/fyne/v2/internal/driver/glfw.(*gLDriver).CreateWindow(0xc0000f4210, {0x0, 0x0})
	/home/ati/go/pkg/mod/fyne.io/fyne/v2@v2.7.1/internal/driver/glfw/window.go:900 +0x9b
fyne.io/fyne/v2/app.(*fyneApp).NewWindow(0xc0000ce3f0?, {0x0?, 0x2?})
	/home/ati/go/pkg/mod/fyne.io/fyne/v2@v2.7.1/app/app.go:67 +0x22
main.main()
	/home/ati/projects/code/FrozenPea/main.go:123 +0x149
exit status 2
Got X11 context, window: 4194364
XGB: conn.go:47: Could not get authority info: open /home/ati/.Xauthority: no such file or directory
XGB: conn.go:48: Trying connection without authority info...
Got X11 context, window: 4194387
XGB: conn.go:47: Could not get authority info: open /home/ati/.Xauthority: no such file or directory
XGB: conn.go:48: Trying connection without authority info...
Got X11 context, window: 4194410
XGB: conn.go:47: Could not get authority info: open /home/ati/.Xauthority: no such file or directory
XGB: conn.go:48: Trying connection without authority info...
Got X11 context, window: 4194433
XGB: conn.go:47: Could not get authority info: open /home/ati/.Xauthority: no such file or directory
XGB: conn.go:48: Trying connection without authority info...
Got X11 context, window: 4194456
XGB: conn.go:47: Could not get authority info: open /home/ati/.Xauthority: no such file or directory
XGB: conn.go:48: Trying connection without authority info...
Got X11 context, window: 4194479
XGB: conn.go:47: Could not get authority info: open /home/ati/.Xauthority: no such file or directory
XGB: conn.go:48: Trying connection without authority info...
XGB: xgb.go:403: A read error is unrecoverable: EOF
XGB: xgb.go:403: A read error is unrecoverable: EOF
XGB: xgb.go:403: A read error is unrecoverable: EOF
XGB: xgb.go:403: A read error is unrecoverable: EOF
panic: close of closed channel

goroutine 67 [running]:
github.com/BurntSushi/xgb.(*Conn).Close(...)
	/home/ati/go/pkg/mod/github.com/!burnt!sushi/xgb@v0.0.0-20210121224620-deaf085860bc/xgb.go:140
github.com/BurntSushi/xgb.(*Conn).readResponses(0xc000d8f1e0)
	/home/ati/go/pkg/mod/github.com/!burnt!sushi/xgb@v0.0.0-20210121224620-deaf085860bc/xgb.go:405 +0x246
created by github.com/BurntSushi/xgb.postNewConn in goroutine 1
	/home/ati/go/pkg/mod/github.com/!burnt!sushi/xgb@v0.0.0-20210121224620-deaf085860bc/xgb.go:133 +0x2b6
panic: close of closed channel

goroutine 27 [running]:
github.com/BurntSushi/xgb.(*Conn).Close(...)
	/home/ati/go/pkg/mod/github.com/!burnt!sushi/xgb@v0.0.0-20210121224620-deaf085860bc/xgb.go:140
github.com/BurntSushi/xgb.(*Conn).readResponses(0xc000d8f340)
	/home/ati/go/pkg/mod/github.com/!burnt!sushi/xgb@v0.0.0-20210121224620-deaf085860bc/xgb.go:405 +0x246
created by github.com/BurntSushi/xgb.postNewConn in goroutine 1
	/home/ati/go/pkg/mod/github.com/!burnt!sushi/xgb@v0.0.0-20210121224620-deaf085860bc/xgb.go:133 +0x2b6
exit status 2
ALSA lib confmisc.c:165:(snd_config_get_card) Cannot get card index for 0
ALSA lib confmisc.c:165:(snd_config_get_card) Cannot get card index for 0
ALSA lib confmisc.c:165:(snd_config_get_card) Cannot get card index for 0
ALSA lib pcm_oss.c:397:(_snd_pcm_oss_open) Cannot open device /dev/dsp
ALSA lib pulse.c:242:(pulse_connect) PulseAudio: Unable to connect: Connection refused

ALSA lib confmisc.c:165:(snd_config_get_card) Cannot get card index for 0
ALSA lib confmisc.c:165:(snd_config_get_card) Cannot get card index for 0
ALSA lib confmisc.c:165:(snd_config_get_card) Cannot get card index for 0
2026/03/14 17:23:46 PlatformError: X11: The DISPLAY environment variable is missing
panic: NotInitialized: The GLFW library is not initialized

goroutine 1 [running, locked to thread]:
github.com/go-gl/glfw/v3.3/glfw.acceptError({0x0, 0x0, 0xc000012648?})
	/home/ati/go/pkg/mod/github.com/go-gl/glfw/v3.3/glfw@v0.0.0-20240506104042-037f3cc74f2a/error.go:177 +0x16f
github.com/go-gl/glfw/v3.3/glfw.panicError(...)
	/home/ati/go/pkg/mod/github.com/go-gl/glfw/v3.3/glfw@v0.0.0-20240506104042-037f3cc74f2a/error.go:188
github.com/go-gl/glfw/v3.3/glfw.CreateStandardCursor(0xc00018dd20?)
	/home/ati/go/pkg/mod/github.com/go-gl/glfw/v3.3/glfw@v0.0.0-20240506104042-037f3cc74f2a/input.go:512 +0x3a
fyne.io/fyne/v2/internal/driver/glfw.initCursors()
	/home/ati/go/pkg/mod/fyne.io/fyne/v2@v2.7.1/internal/driver/glfw/window_desktop.go:56 +0x1c
fyne.io/fyne/v2/internal/driver/glfw.(*gLDriver).initGLFW(0x0?)
	/home/ati/go/pkg/mod/fyne.io/fyne/v2@v2.7.1/internal/driver/glfw/loop_desktop.go:18 +0x3a
fyne.io/fyne/v2/internal/driver/glfw.(*gLDriver).init(...)
	/home/ati/go/pkg/mod/fyne.io/fyne/v2@v2.7.1/internal/driver/glfw/driver.go:45
fyne.io/fyne/v2/internal/driver/glfw.(*gLDriver).createWindow(0xc00025e000, {0x0?, 0x6e5aec?}, 0x1)
	/home/ati/go/pkg/mod/fyne.io/fyne/v2@v2.7.1/internal/driver/glfw/window.go:940 +0x55
fyne.io/fyne/v2/internal/driver/glfw.(*gLDriver).CreateWindow.func1()
	/home/ati/go/pkg/mod/fyne.io/fyne/v2@v2.7.1/internal/driver/glfw/window.go:901 +0x2d
fyne.io/fyne/v2/internal/async.EnsureMain(0xc00033b0b0)
	/home/ati/go/pkg/mod/fyne.io/fyne/v2@v2.7.1/internal/async/goroutine.go:46 +0x3f
fyne.io/fyne/v2/internal/driver/glfw.(*gLDriver).CreateWindow(0xc00025e000, {0x0, 0x0})
	/home/ati/go/pkg/mod/fyne.io/fyne/v2@v2.7.1/internal/driver/glfw/window.go:900 +0x9b
fyne.io/fyne/v2/app.(*fyneApp).NewWindow(0xc0002558f0?, {0x0?, 0x2?})
	/home/ati/go/pkg/mod/fyne.io/fyne/v2@v2.7.1/app/app.go:67 +0x22
main.main()
	/home/ati/projects/code/FrozenPea/main.go:123 +0x149
exit status 2
ALSA lib confmisc.c:165:(snd_config_get_card) Cannot get card index for 0
ALSA lib confmisc.c:165:(snd_config_get_card) Cannot get card index for 0
ALSA lib confmisc.c:165:(snd_config_get_card) Cannot get card index for 0
ALSA lib pcm_oss.c:397:(_snd_pcm_oss_open) Cannot open device /dev/dsp
ALSA lib pulse.c:242:(pulse_connect) PulseAudio: Unable to connect: Connection refused

ALSA lib confmisc.c:165:(snd_config_get_card) Cannot get card index for 0
ALSA lib confmisc.c:165:(snd_config_get_card) Cannot get card index for 0
ALSA lib confmisc.c:165:(snd_config_get_card) Cannot get card index for 0
2026/03/15 08:38:12 PlatformError: X11: The DISPLAY environment variable is missing
panic: NotInitialized: The GLFW library is not initialized

goroutine 1 [running, locked to thread]:
github.com/go-gl/glfw/v3.3/glfw.acceptError({0x0, 0x0, 0xc0001305e8?})
	/home/ati/go/pkg/mod/github.com/go-gl/glfw/v3.3/glfw@v0.0.0-20240506104042-037f3cc74f2a/error.go:177 +0x16f
github.com/go-gl/glfw/v3.3/glfw.panicError(...)
	/home/ati/go/pkg/mod/github.com/go-gl/glfw/v3.3/glfw@v0.0.0-20240506104042-037f3cc74f2a/error.go:188
github.com/go-gl/glfw/v3.3/glfw.CreateStandardCursor(0xc00021fd20?)
	/home/ati/go/pkg/mod/github.com/go-gl/glfw/v3.3/glfw@v0.0.0-20240506104042-037f3cc74f2a/input.go:512 +0x3a
fyne.io/fyne/v2/internal/driver/glfw.initCursors()
	/home/ati/go/pkg/mod/fyne.io/fyne/v2@v2.7.1/internal/driver/glfw/window_desktop.go:56 +0x1c
fyne.io/fyne/v2/internal/driver/glfw.(*gLDriver).initGLFW(0x0?)
	/home/ati/go/pkg/mod/fyne.io/fyne/v2@v2.7.1/internal/driver/glfw/loop_desktop.go:18 +0x3a
fyne.io/fyne/v2/internal/driver/glfw.(*gLDriver).init(...)
	/home/ati/go/pkg/mod/fyne.io/fyne/v2@v2.7.1/internal/driver/glfw/driver.go:45
fyne.io/fyne/v2/internal/driver/glfw.(*gLDriver).createWindow(0xc0003f8000, {0x0?, 0x6e5aec?}, 0x1)
	/home/ati/go/pkg/mod/fyne.io/fyne/v2@v2.7.1/internal/driver/glfw/window.go:940 +0x55
fyne.io/fyne/v2/internal/driver/glfw.(*gLDriver).CreateWindow.func1()
	/home/ati/go/pkg/mod/fyne.io/fyne/v2@v2.7.1/internal/driver/glfw/window.go:901 +0x2d
fyne.io/fyne/v2/internal/async.EnsureMain(0xc00034f1a0)
	/home/ati/go/pkg/mod/fyne.io/fyne/v2@v2.7.1/internal/async/goroutine.go:46 +0x3f
fyne.io/fyne/v2/internal/driver/glfw.(*gLDriver).CreateWindow(0xc0003f8000, {0x0, 0x0})
	/home/ati/go/pkg/mod/fyne.io/fyne/v2@v2.7.1/internal/driver/glfw/window.go:900 +0x9b
fyne.io/fyne/v2/app.(*fyneApp).NewWindow(0xc000398230?, {0x0?, 0x2?})
	/home/ati/go/pkg/mod/fyne.io/fyne/v2@v2.7.1/app/app.go:67 +0x22
main.main()
	/home/ati/projects/code/FrozenPea/main.go:123 +0x149
exit status 2
Got X11 context, window: 4194361
XGB: conn.go:47: Could not get authority info: open /home/ati/.Xauthority: no such file or directory
XGB: conn.go:48: Trying connection without authority info...
Got X11 context, window: 4194384
XGB: conn.go:47: Could not get authority info: open /home/ati/.Xauthority: no such file or directory
XGB: conn.go:48: Trying connection without authority info...
XGB: xgb.go:403: A read error is unrecoverable: EOF
XGB: xgb.go:403: A read error is unrecoverable: EOF
panic: close of closed channel

goroutine 101 [running]:
github.com/BurntSushi/xgb.(*Conn).Close(...)
	/home/ati/go/pkg/mod/github.com/!burnt!sushi/xgb@v0.0.0-20210121224620-deaf085860bc/xgb.go:140
github.com/BurntSushi/xgb.(*Conn).readResponses(0xc001d5e2c0)
	/home/ati/go/pkg/mod/github.com/!burnt!sushi/xgb@v0.0.0-20210121224620-deaf085860bc/xgb.go:405 +0x246
created by github.com/BurntSushi/xgb.postNewConn in goroutine 1
	/home/ati/go/pkg/mod/github.com/!burnt!sushi/xgb@v0.0.0-20210121224620-deaf085860bc/xgb.go:133 +0x2b6
exit status 2
ALSA lib confmisc.c:165:(snd_config_get_card) Cannot get card index for 0
ALSA lib confmisc.c:165:(snd_config_get_card) Cannot get card index for 0
ALSA lib confmisc.c:165:(snd_config_get_card) Cannot get card index for 0
ALSA lib pcm_oss.c:397:(_snd_pcm_oss_open) Cannot open device /dev/dsp
ALSA lib pulse.c:242:(pulse_connect) PulseAudio: Unable to connect: Connection refused

ALSA lib confmisc.c:165:(snd_config_get_card) Cannot get card index for 0
ALSA lib confmisc.c:165:(snd_config_get_card) Cannot get card index for 0
ALSA lib confmisc.c:165:(snd_config_get_card) Cannot get card index for 0
2026/03/16 20:45:19 PlatformError: X11: The DISPLAY environment variable is missing
panic: NotInitialized: The GLFW library is not initialized

goroutine 1 [running, locked to thread]:
github.com/go-gl/glfw/v3.3/glfw.acceptError({0x0, 0x0, 0xc0002a25a0?})
	/home/ati/go/pkg/mod/github.com/go-gl/glfw/v3.3/glfw@v0.0.0-20240506104042-037f3cc74f2a/error.go:177 +0x16f
github.com/go-gl/glfw/v3.3/glfw.panicError(...)
	/home/ati/go/pkg/mod/github.com/go-gl/glfw/v3.3/glfw@v0.0.0-20240506104042-037f3cc74f2a/error.go:188
github.com/go-gl/glfw/v3.3/glfw.CreateStandardCursor(0xc000161d20?)
	/home/ati/go/pkg/mod/github.com/go-gl/glfw/v3.3/glfw@v0.0.0-20240506104042-037f3cc74f2a/input.go:512 +0x3a
fyne.io/fyne/v2/internal/driver/glfw.initCursors()
	/home/ati/go/pkg/mod/fyne.io/fyne/v2@v2.7.1/internal/driver/glfw/window_desktop.go:56 +0x1c
fyne.io/fyne/v2/internal/driver/glfw.(*gLDriver).initGLFW(0x0?)
	/home/ati/go/pkg/mod/fyne.io/fyne/v2@v2.7.1/internal/driver/glfw/loop_desktop.go:18 +0x3a
fyne.io/fyne/v2/internal/driver/glfw.(*gLDriver).init(...)
	/home/ati/go/pkg/mod/fyne.io/fyne/v2@v2.7.1/internal/driver/glfw/driver.go:45
fyne.io/fyne/v2/internal/driver/glfw.(*gLDriver).createWindow(0xc0000fa000, {0x0?, 0x6e5aec?}, 0x1)
	/home/ati/go/pkg/mod/fyne.io/fyne/v2@v2.7.1/internal/driver/glfw/window.go:940 +0x55
fyne.io/fyne/v2/internal/driver/glfw.(*gLDriver).CreateWindow.func1()
	/home/ati/go/pkg/mod/fyne.io/fyne/v2@v2.7.1/internal/driver/glfw/window.go:901 +0x2d
fyne.io/fyne/v2/internal/async.EnsureMain(0xc0003aaf30)
	/home/ati/go/pkg/mod/fyne.io/fyne/v2@v2.7.1/internal/async/goroutine.go:46 +0x3f
fyne.io/fyne/v2/internal/driver/glfw.(*gLDriver).CreateWindow(0xc0000fa000, {0x0, 0x0})
	/home/ati/go/pkg/mod/fyne.io/fyne/v2@v2.7.1/internal/driver/glfw/window.go:900 +0x9b
fyne.io/fyne/v2/app.(*fyneApp).NewWindow(0xc0000fc150?, {0x0?, 0x2?})
	/home/ati/go/pkg/mod/fyne.io/fyne/v2@v2.7.1/app/app.go:67 +0x22
main.main()
	/home/ati/projects/code/FrozenPea/main.go:123 +0x149
exit status 2
Got X11 context, window: 4194361
XGB: conn.go:47: Could not get authority info: open /home/ati/.Xauthority: no such file or directory
XGB: conn.go:48: Trying connection without authority info...
XGB: xgb.go:403: A read error is unrecoverable: EOF
XGB: xgb.go:403: A read error is unrecoverable: EOF
XGB: xgb.go:367: A write error is unrecoverable: write unix @->/tmp/.X11-unix/X1: write: broken pipe
panic: close of closed channel

goroutine 28 [running]:
github.com/BurntSushi/xgb.(*Conn).Close(...)
	/home/ati/go/pkg/mod/github.com/!burnt!sushi/xgb@v0.0.0-20210121224620-deaf085860bc/xgb.go:140
github.com/BurntSushi/xgb.(*Conn).readResponses(0xc00369c000)
	/home/ati/go/pkg/mod/github.com/!burnt!sushi/xgb@v0.0.0-20210121224620-deaf085860bc/xgb.go:405 +0x246
created by github.com/BurntSushi/xgb.postNewConn in goroutine 1
	/home/ati/go/pkg/mod/github.com/!burnt!sushi/xgb@v0.0.0-20210121224620-deaf085860bc/xgb.go:133 +0x2b6
exit status 2
ALSA lib confmisc.c:165:(snd_config_get_card) Cannot get card index for 0
ALSA lib confmisc.c:165:(snd_config_get_card) Cannot get card index for 0
ALSA lib confmisc.c:165:(snd_config_get_card) Cannot get card index for 0
ALSA lib pcm_oss.c:397:(_snd_pcm_oss_open) Cannot open device /dev/dsp
ALSA lib pulse.c:242:(pulse_connect) PulseAudio: Unable to connect: Connection refused

ALSA lib confmisc.c:165:(snd_config_get_card) Cannot get card index for 0
ALSA lib confmisc.c:165:(snd_config_get_card) Cannot get card index for 0
ALSA lib confmisc.c:165:(snd_config_get_card) Cannot get card index for 0
2026/03/17 19:27:01 PlatformError: X11: The DISPLAY environment variable is missing
panic: NotInitialized: The GLFW library is not initialized

goroutine 1 [running, locked to thread]:
github.com/go-gl/glfw/v3.3/glfw.acceptError({0x0, 0x0, 0xc00015a018?})
	/home/ati/go/pkg/mod/github.com/go-gl/glfw/v3.3/glfw@v0.0.0-20240506104042-037f3cc74f2a/error.go:177 +0x16f
github.com/go-gl/glfw/v3.3/glfw.panicError(...)
	/home/ati/go/pkg/mod/github.com/go-gl/glfw/v3.3/glfw@v0.0.0-20240506104042-037f3cc74f2a/error.go:188
github.com/go-gl/glfw/v3.3/glfw.CreateStandardCursor(0xc00020bd20?)
	/home/ati/go/pkg/mod/github.com/go-gl/glfw/v3.3/glfw@v0.0.0-20240506104042-037f3cc74f2a/input.go:512 +0x3a
fyne.io/fyne/v2/internal/driver/glfw.initCursors()
	/home/ati/go/pkg/mod/fyne.io/fyne/v2@v2.7.1/internal/driver/glfw/window_desktop.go:56 +0x1c
fyne.io/fyne/v2/internal/driver/glfw.(*gLDriver).initGLFW(0x0?)
	/home/ati/go/pkg/mod/fyne.io/fyne/v2@v2.7.1/internal/driver/glfw/loop_desktop.go:18 +0x3a
fyne.io/fyne/v2/internal/driver/glfw.(*gLDriver).init(...)
	/home/ati/go/pkg/mod/fyne.io/fyne/v2@v2.7.1/internal/driver/glfw/driver.go:45
fyne.io/fyne/v2/internal/driver/glfw.(*gLDriver).createWindow(0xc000326840, {0x0?, 0x6e5aec?}, 0x1)
	/home/ati/go/pkg/mod/fyne.io/fyne/v2@v2.7.1/internal/driver/glfw/window.go:940 +0x55
fyne.io/fyne/v2/internal/driver/glfw.(*gLDriver).CreateWindow.func1()
	/home/ati/go/pkg/mod/fyne.io/fyne/v2@v2.7.1/internal/driver/glfw/window.go:901 +0x2d
fyne.io/fyne/v2/internal/async.EnsureMain(0xc00011a150)
	/home/ati/go/pkg/mod/fyne.io/fyne/v2@v2.7.1/internal/async/goroutine.go:46 +0x3f
fyne.io/fyne/v2/internal/driver/glfw.(*gLDriver).CreateWindow(0xc000326840, {0x0, 0x0})
	/home/ati/go/pkg/mod/fyne.io/fyne/v2@v2.7.1/internal/driver/glfw/window.go:900 +0x9b
fyne.io/fyne/v2/app.(*fyneApp).NewWindow(0xc0002345b0?, {0x0?, 0x2?})
	/home/ati/go/pkg/mod/fyne.io/fyne/v2@v2.7.1/app/app.go:67 +0x22
main.main()
	/home/ati/projects/code/FrozenPea/main.go:123 +0x149
exit status 2
ALSA lib confmisc.c:165:(snd_config_get_card) Cannot get card index for 0
ALSA lib confmisc.c:165:(snd_config_get_card) Cannot get card index for 0
ALSA lib confmisc.c:165:(snd_config_get_card) Cannot get card index for 0
ALSA lib pcm_oss.c:397:(_snd_pcm_oss_open) Cannot open device /dev/dsp
ALSA lib pulse.c:242:(pulse_connect) PulseAudio: Unable to connect: Connection refused

ALSA lib confmisc.c:165:(snd_config_get_card) Cannot get card index for 0
ALSA lib confmisc.c:165:(snd_config_get_card) Cannot get card index for 0
ALSA lib confmisc.c:165:(snd_config_get_card) Cannot get card index for 0
2026/03/18 19:23:59 PlatformError: X11: The DISPLAY environment variable is missing
panic: NotInitialized: The GLFW library is not initialized

goroutine 1 [running, locked to thread]:
github.com/go-gl/glfw/v3.3/glfw.acceptError({0x0, 0x0, 0xc000012030?})
	/home/ati/go/pkg/mod/github.com/go-gl/glfw/v3.3/glfw@v0.0.0-20240506104042-037f3cc74f2a/error.go:177 +0x16f
github.com/go-gl/glfw/v3.3/glfw.panicError(...)
	/home/ati/go/pkg/mod/github.com/go-gl/glfw/v3.3/glfw@v0.0.0-20240506104042-037f3cc74f2a/error.go:188
github.com/go-gl/glfw/v3.3/glfw.CreateStandardCursor(0xc000207d20?)
	/home/ati/go/pkg/mod/github.com/go-gl/glfw/v3.3/glfw@v0.0.0-20240506104042-037f3cc74f2a/input.go:512 +0x3a
fyne.io/fyne/v2/internal/driver/glfw.initCursors()
	/home/ati/go/pkg/mod/fyne.io/fyne/v2@v2.7.1/internal/driver/glfw/window_desktop.go:56 +0x1c
fyne.io/fyne/v2/internal/driver/glfw.(*gLDriver).initGLFW(0x0?)
	/home/ati/go/pkg/mod/fyne.io/fyne/v2@v2.7.1/internal/driver/glfw/loop_desktop.go:18 +0x3a
fyne.io/fyne/v2/internal/driver/glfw.(*gLDriver).init(...)
	/home/ati/go/pkg/mod/fyne.io/fyne/v2@v2.7.1/internal/driver/glfw/driver.go:45
fyne.io/fyne/v2/internal/driver/glfw.(*gLDriver).createWindow(0xc000322840, {0x0?, 0x6e5aec?}, 0x1)
	/home/ati/go/pkg/mod/fyne.io/fyne/v2@v2.7.1/internal/driver/glfw/window.go:940 +0x55
fyne.io/fyne/v2/internal/driver/glfw.(*gLDriver).CreateWindow.func1()
	/home/ati/go/pkg/mod/fyne.io/fyne/v2@v2.7.1/internal/driver/glfw/window.go:901 +0x2d
fyne.io/fyne/v2/internal/async.EnsureMain(0xc0000c4180)
	/home/ati/go/pkg/mod/fyne.io/fyne/v2@v2.7.1/internal/async/goroutine.go:46 +0x3f
fyne.io/fyne/v2/internal/driver/glfw.(*gLDriver).CreateWindow(0xc000322840, {0x0, 0x0})
	/home/ati/go/pkg/mod/fyne.io/fyne/v2@v2.7.1/internal/driver/glfw/window.go:900 +0x9b
fyne.io/fyne/v2/app.(*fyneApp).NewWindow(0xc00022e690?, {0x0?, 0x2?})
	/home/ati/go/pkg/mod/fyne.io/fyne/v2@v2.7.1/app/app.go:67 +0x22
main.main()
	/home/ati/projects/code/FrozenPea/main.go:123 +0x149
exit status 2
ALSA lib confmisc.c:165:(snd_config_get_card) Cannot get card index for 0
ALSA lib confmisc.c:165:(snd_config_get_card) Cannot get card index for 0
ALSA lib confmisc.c:165:(snd_config_get_card) Cannot get card index for 0
ALSA lib pcm_oss.c:397:(_snd_pcm_oss_open) Cannot open device /dev/dsp
ALSA lib pulse.c:242:(pulse_connect) PulseAudio: Unable to connect: Connection refused

ALSA lib confmisc.c:165:(snd_config_get_card) Cannot get card index for 0
ALSA lib confmisc.c:165:(snd_config_get_card) Cannot get card index for 0
ALSA lib confmisc.c:165:(snd_config_get_card) Cannot get card index for 0
2026/03/19 19:32:38 PlatformError: X11: The DISPLAY environment variable is missing
panic: NotInitialized: The GLFW library is not initialized

goroutine 1 [running, locked to thread]:
github.com/go-gl/glfw/v3.3/glfw.acceptError({0x0, 0x0, 0xc0000120c0?})
	/home/ati/go/pkg/mod/github.com/go-gl/glfw/v3.3/glfw@v0.0.0-20240506104042-037f3cc74f2a/error.go:177 +0x16f
github.com/go-gl/glfw/v3.3/glfw.panicError(...)
	/home/ati/go/pkg/mod/github.com/go-gl/glfw/v3.3/glfw@v0.0.0-20240506104042-037f3cc74f2a/error.go:188
github.com/go-gl/glfw/v3.3/glfw.CreateStandardCursor(0xc00016dd20?)
	/home/ati/go/pkg/mod/github.com/go-gl/glfw/v3.3/glfw@v0.0.0-20240506104042-037f3cc74f2a/input.go:512 +0x3a
fyne.io/fyne/v2/internal/driver/glfw.initCursors()
	/home/ati/go/pkg/mod/fyne.io/fyne/v2@v2.7.1/internal/driver/glfw/window_desktop.go:56 +0x1c
fyne.io/fyne/v2/internal/driver/glfw.(*gLDriver).initGLFW(0x0?)
	/home/ati/go/pkg/mod/fyne.io/fyne/v2@v2.7.1/internal/driver/glfw/loop_desktop.go:18 +0x3a
fyne.io/fyne/v2/internal/driver/glfw.(*gLDriver).init(...)
	/home/ati/go/pkg/mod/fyne.io/fyne/v2@v2.7.1/internal/driver/glfw/driver.go:45
fyne.io/fyne/v2/internal/driver/glfw.(*gLDriver).createWindow(0xc000352000, {0x0?, 0x6e5aec?}, 0x1)
	/home/ati/go/pkg/mod/fyne.io/fyne/v2@v2.7.1/internal/driver/glfw/window.go:940 +0x55
fyne.io/fyne/v2/internal/driver/glfw.(*gLDriver).CreateWindow.func1()
	/home/ati/go/pkg/mod/fyne.io/fyne/v2@v2.7.1/internal/driver/glfw/window.go:901 +0x2d
fyne.io/fyne/v2/internal/async.EnsureMain(0xc0000c4660)
	/home/ati/go/pkg/mod/fyne.io/fyne/v2@v2.7.1/internal/async/goroutine.go:46 +0x3f
fyne.io/fyne/v2/internal/driver/glfw.(*gLDriver).CreateWindow(0xc000352000, {0x0, 0x0})
	/home/ati/go/pkg/mod/fyne.io/fyne/v2@v2.7.1/internal/driver/glfw/window.go:900 +0x9b
fyne.io/fyne/v2/app.(*fyneApp).NewWindow(0xc00032a380?, {0x0?, 0x2?})
	/home/ati/go/pkg/mod/fyne.io/fyne/v2@v2.7.1/app/app.go:67 +0x22
main.main()
	/home/ati/projects/code/FrozenPea/main.go:123 +0x149
exit status 2
ALSA lib confmisc.c:165:(snd_config_get_card) Cannot get card index for 0
ALSA lib confmisc.c:165:(snd_config_get_card) Cannot get card index for 0
ALSA lib confmisc.c:165:(snd_config_get_card) Cannot get card index for 0
ALSA lib pcm_oss.c:397:(_snd_pcm_oss_open) Cannot open device /dev/dsp
ALSA lib pulse.c:242:(pulse_connect) PulseAudio: Unable to connect: Connection refused

ALSA lib confmisc.c:165:(snd_config_get_card) Cannot get card index for 0
ALSA lib confmisc.c:165:(snd_config_get_card) Cannot get card index for 0
ALSA lib confmisc.c:165:(snd_config_get_card) Cannot get card index for 0
2026/03/20 19:04:55 PlatformError: X11: The DISPLAY environment variable is missing
panic: NotInitialized: The GLFW library is not initialized

goroutine 1 [running, locked to thread]:
github.com/go-gl/glfw/v3.3/glfw.acceptError({0x0, 0x0, 0xc00018e600?})
	/home/ati/go/pkg/mod/github.com/go-gl/glfw/v3.3/glfw@v0.0.0-20240506104042-037f3cc74f2a/error.go:177 +0x16f
github.com/go-gl/glfw/v3.3/glfw.panicError(...)
	/home/ati/go/pkg/mod/github.com/go-gl/glfw/v3.3/glfw@v0.0.0-20240506104042-037f3cc74f2a/error.go:188
github.com/go-gl/glfw/v3.3/glfw.CreateStandardCursor(0xc00022dd20?)
	/home/ati/go/pkg/mod/github.com/go-gl/glfw/v3.3/glfw@v0.0.0-20240506104042-037f3cc74f2a/input.go:512 +0x3a
fyne.io/fyne/v2/internal/driver/glfw.initCursors()
	/home/ati/go/pkg/mod/fyne.io/fyne/v2@v2.7.1/internal/driver/glfw/window_desktop.go:56 +0x1c
fyne.io/fyne/v2/internal/driver/glfw.(*gLDriver).initGLFW(0x0?)
	/home/ati/go/pkg/mod/fyne.io/fyne/v2@v2.7.1/internal/driver/glfw/loop_desktop.go:18 +0x3a
fyne.io/fyne/v2/internal/driver/glfw.(*gLDriver).init(...)
	/home/ati/go/pkg/mod/fyne.io/fyne/v2@v2.7.1/internal/driver/glfw/driver.go:45
fyne.io/fyne/v2/internal/driver/glfw.(*gLDriver).createWindow(0xc0003c7d90, {0x0?, 0x6e5aec?}, 0x1)
	/home/ati/go/pkg/mod/fyne.io/fyne/v2@v2.7.1/internal/driver/glfw/window.go:940 +0x55
fyne.io/fyne/v2/internal/driver/glfw.(*gLDriver).CreateWindow.func1()
	/home/ati/go/pkg/mod/fyne.io/fyne/v2@v2.7.1/internal/driver/glfw/window.go:901 +0x2d
fyne.io/fyne/v2/internal/async.EnsureMain(0xc0002f32c0)
	/home/ati/go/pkg/mod/fyne.io/fyne/v2@v2.7.1/internal/async/goroutine.go:46 +0x3f
fyne.io/fyne/v2/internal/driver/glfw.(*gLDriver).CreateWindow(0xc0003c7d90, {0x0, 0x0})
	/home/ati/go/pkg/mod/fyne.io/fyne/v2@v2.7.1/internal/driver/glfw/window.go:900 +0x9b
fyne.io/fyne/v2/app.(*fyneApp).NewWindow(0xc0001483f0?, {0x0?, 0x2?})
	/home/ati/go/pkg/mod/fyne.io/fyne/v2@v2.7.1/app/app.go:67 +0x22
main.main()
	/home/ati/projects/code/FrozenPea/main.go:123 +0x149
exit status 2
X connection to :1 broken (explicit kill or server shutdown).
exit status 1
ALSA lib confmisc.c:165:(snd_config_get_card) Cannot get card index for 0
ALSA lib confmisc.c:165:(snd_config_get_card) Cannot get card index for 0
ALSA lib confmisc.c:165:(snd_config_get_card) Cannot get card index for 0
ALSA lib pcm_oss.c:397:(_snd_pcm_oss_open) Cannot open device /dev/dsp
ALSA lib pulse.c:242:(pulse_connect) PulseAudio: Unable to connect: Connection refused

ALSA lib confmisc.c:165:(snd_config_get_card) Cannot get card index for 0
ALSA lib confmisc.c:165:(snd_config_get_card) Cannot get card index for 0
ALSA lib confmisc.c:165:(snd_config_get_card) Cannot get card index for 0
2026/03/21 06:56:08 PlatformError: X11: The DISPLAY environment variable is missing
panic: NotInitialized: The GLFW library is not initialized

goroutine 1 [running, locked to thread]:
github.com/go-gl/glfw/v3.3/glfw.acceptError({0x0, 0x0, 0xc0001900c0?})
	/home/ati/go/pkg/mod/github.com/go-gl/glfw/v3.3/glfw@v0.0.0-20240506104042-037f3cc74f2a/error.go:177 +0x16f
github.com/go-gl/glfw/v3.3/glfw.panicError(...)
	/home/ati/go/pkg/mod/github.com/go-gl/glfw/v3.3/glfw@v0.0.0-20240506104042-037f3cc74f2a/error.go:188
github.com/go-gl/glfw/v3.3/glfw.CreateStandardCursor(0xc000263d20?)
	/home/ati/go/pkg/mod/github.com/go-gl/glfw/v3.3/glfw@v0.0.0-20240506104042-037f3cc74f2a/input.go:512 +0x3a
fyne.io/fyne/v2/internal/driver/glfw.initCursors()
	/home/ati/go/pkg/mod/fyne.io/fyne/v2@v2.7.1/internal/driver/glfw/window_desktop.go:56 +0x1c
fyne.io/fyne/v2/internal/driver/glfw.(*gLDriver).initGLFW(0x0?)
	/home/ati/go/pkg/mod/fyne.io/fyne/v2@v2.7.1/internal/driver/glfw/loop_desktop.go:18 +0x3a
fyne.io/fyne/v2/internal/driver/glfw.(*gLDriver).init(...)
	/home/ati/go/pkg/mod/fyne.io/fyne/v2@v2.7.1/internal/driver/glfw/driver.go:45
fyne.io/fyne/v2/internal/driver/glfw.(*gLDriver).createWindow(0xc0000f2210, {0x0?, 0x6e5aec?}, 0x1)
	/home/ati/go/pkg/mod/fyne.io/fyne/v2@v2.7.1/internal/driver/glfw/window.go:940 +0x55
fyne.io/fyne/v2/internal/driver/glfw.(*gLDriver).CreateWindow.func1()
	/home/ati/go/pkg/mod/fyne.io/fyne/v2@v2.7.1/internal/driver/glfw/window.go:901 +0x2d
fyne.io/fyne/v2/internal/async.EnsureMain(0xc00011a810)
	/home/ati/go/pkg/mod/fyne.io/fyne/v2@v2.7.1/internal/async/goroutine.go:46 +0x3f
fyne.io/fyne/v2/internal/driver/glfw.(*gLDriver).CreateWindow(0xc0000f2210, {0x0, 0x0})
	/home/ati/go/pkg/mod/fyne.io/fyne/v2@v2.7.1/internal/driver/glfw/window.go:900 +0x9b
fyne.io/fyne/v2/app.(*fyneApp).NewWindow(0xc0000cc310?, {0x0?, 0x2?})
	/home/ati/go/pkg/mod/fyne.io/fyne/v2@v2.7.1/app/app.go:67 +0x22
main.main()
	/home/ati/projects/code/FrozenPea/main.go:123 +0x149
exit status 2
Got X11 context, window: 4194361
XGB: conn.go:47: Could not get authority info: open /home/ati/.Xauthority: no such file or directory
XGB: conn.go:48: Trying connection without authority info...
Got X11 context, window: 4194384
XGB: conn.go:47: Could not get authority info: open /home/ati/.Xauthority: no such file or directory
XGB: conn.go:48: Trying connection without authority info...
XGB: xgb.go:403: A read error is unrecoverable: EOF
XGB: xgb.go:403: A read error is unrecoverable: EOF
panic: close of closed channel

goroutine 46 [running]:
github.com/BurntSushi/xgb.(*Conn).Close(...)
	/home/ati/go/pkg/mod/github.com/!burnt!sushi/xgb@v0.0.0-20210121224620-deaf085860bc/xgb.go:140
github.com/BurntSushi/xgb.(*Conn).readResponses(0xc0038fe210)
	/home/ati/go/pkg/mod/github.com/!burnt!sushi/xgb@v0.0.0-20210121224620-deaf085860bc/xgb.go:405 +0x246
created by github.com/BurntSushi/xgb.postNewConn in goroutine 1
	/home/ati/go/pkg/mod/github.com/!burnt!sushi/xgb@v0.0.0-20210121224620-deaf085860bc/xgb.go:133 +0x2b6
exit status 2
ALSA lib confmisc.c:165:(snd_config_get_card) Cannot get card index for 0
ALSA lib confmisc.c:165:(snd_config_get_card) Cannot get card index for 0
ALSA lib confmisc.c:165:(snd_config_get_card) Cannot get card index for 0
ALSA lib pcm_oss.c:397:(_snd_pcm_oss_open) Cannot open device /dev/dsp
ALSA lib pulse.c:242:(pulse_connect) PulseAudio: Unable to connect: Connection refused

ALSA lib confmisc.c:165:(snd_config_get_card) Cannot get card index for 0
ALSA lib confmisc.c:165:(snd_config_get_card) Cannot get card index for 0
ALSA lib confmisc.c:165:(snd_config_get_card) Cannot get card index for 0
2026/03/22 08:39:37 PlatformError: X11: The DISPLAY environment variable is missing
panic: NotInitialized: The GLFW library is not initialized

goroutine 1 [running, locked to thread]:
github.com/go-gl/glfw/v3.3/glfw.acceptError({0x0, 0x0, 0xc0000120d8?})
	/home/ati/go/pkg/mod/github.com/go-gl/glfw/v3.3/glfw@v0.0.0-20240506104042-037f3cc74f2a/error.go:177 +0x16f
github.com/go-gl/glfw/v3.3/glfw.panicError(...)
	/home/ati/go/pkg/mod/github.com/go-gl/glfw/v3.3/glfw@v0.0.0-20240506104042-037f3cc74f2a/error.go:188
github.com/go-gl/glfw/v3.3/glfw.CreateStandardCursor(0xc000267d20?)
	/home/ati/go/pkg/mod/github.com/go-gl/glfw/v3.3/glfw@v0.0.0-20240506104042-037f3cc74f2a/input.go:512 +0x3a
fyne.io/fyne/v2/internal/driver/glfw.initCursors()
	/home/ati/go/pkg/mod/fyne.io/fyne/v2@v2.7.1/internal/driver/glfw/window_desktop.go:56 +0x1c
fyne.io/fyne/v2/internal/driver/glfw.(*gLDriver).initGLFW(0x0?)
	/home/ati/go/pkg/mod/fyne.io/fyne/v2@v2.7.1/internal/driver/glfw/loop_desktop.go:18 +0x3a
fyne.io/fyne/v2/internal/driver/glfw.(*gLDriver).init(...)
	/home/ati/go/pkg/mod/fyne.io/fyne/v2@v2.7.1/internal/driver/glfw/driver.go:45
fyne.io/fyne/v2/internal/driver/glfw.(*gLDriver).createWindow(0xc0001ee000, {0x0?, 0x6e5aec?}, 0x1)
	/home/ati/go/pkg/mod/fyne.io/fyne/v2@v2.7.1/internal/driver/glfw/window.go:940 +0x55
fyne.io/fyne/v2/internal/driver/glfw.(*gLDriver).CreateWindow.func1()
	/home/ati/go/pkg/mod/fyne.io/fyne/v2@v2.7.1/internal/driver/glfw/window.go:901 +0x2d
fyne.io/fyne/v2/internal/async.EnsureMain(0xc0000c4c30)
	/home/ati/go/pkg/mod/fyne.io/fyne/v2@v2.7.1/internal/async/goroutine.go:46 +0x3f
fyne.io/fyne/v2/internal/driver/glfw.(*gLDriver).CreateWindow(0xc0001ee000, {0x0, 0x0})
	/home/ati/go/pkg/mod/fyne.io/fyne/v2@v2.7.1/internal/driver/glfw/window.go:900 +0x9b
fyne.io/fyne/v2/app.(*fyneApp).NewWindow(0xc0001941c0?, {0x0?, 0x2?})
	/home/ati/go/pkg/mod/fyne.io/fyne/v2@v2.7.1/app/app.go:67 +0x22
main.main()
	/home/ati/projects/code/FrozenPea/main.go:123 +0x149
exit status 2
Got X11 context, window: 4194364
XGB: conn.go:47: Could not get authority info: open /home/ati/.Xauthority: no such file or directory
XGB: conn.go:48: Trying connection without authority info...
XGB: xgb.go:403: A read error is unrecoverable: EOF
XGB: xgb.go:403: A read error is unrecoverable: EOF
panic: close of closed channel

goroutine 29 [running]:
github.com/BurntSushi/xgb.(*Conn).Close(...)
	/home/ati/go/pkg/mod/github.com/!burnt!sushi/xgb@v0.0.0-20210121224620-deaf085860bc/xgb.go:140
github.com/BurntSushi/xgb.(*Conn).readResponses(0xc00345a160)
	/home/ati/go/pkg/mod/github.com/!burnt!sushi/xgb@v0.0.0-20210121224620-deaf085860bc/xgb.go:405 +0x246
created by github.com/BurntSushi/xgb.postNewConn in goroutine 1
	/home/ati/go/pkg/mod/github.com/!burnt!sushi/xgb@v0.0.0-20210121224620-deaf085860bc/xgb.go:133 +0x2b6
exit status 2
ALSA lib confmisc.c:165:(snd_config_get_card) Cannot get card index for 0
ALSA lib confmisc.c:165:(snd_config_get_card) Cannot get card index for 0
ALSA lib confmisc.c:165:(snd_config_get_card) Cannot get card index for 0
ALSA lib pcm_oss.c:397:(_snd_pcm_oss_open) Cannot open device /dev/dsp
ALSA lib pulse.c:242:(pulse_connect) PulseAudio: Unable to connect: Connection refused

ALSA lib confmisc.c:165:(snd_config_get_card) Cannot get card index for 0
ALSA lib confmisc.c:165:(snd_config_get_card) Cannot get card index for 0
ALSA lib confmisc.c:165:(snd_config_get_card) Cannot get card index for 0
2026/03/23 21:53:54 PlatformError: X11: The DISPLAY environment variable is missing
panic: NotInitialized: The GLFW library is not initialized

goroutine 1 [running, locked to thread]:
github.com/go-gl/glfw/v3.3/glfw.acceptError({0x0, 0x0, 0xc00017e0f0?})
	/home/ati/go/pkg/mod/github.com/go-gl/glfw/v3.3/glfw@v0.0.0-20240506104042-037f3cc74f2a/error.go:177 +0x16f
github.com/go-gl/glfw/v3.3/glfw.panicError(...)
	/home/ati/go/pkg/mod/github.com/go-gl/glfw/v3.3/glfw@v0.0.0-20240506104042-037f3cc74f2a/error.go:188
github.com/go-gl/glfw/v3.3/glfw.CreateStandardCursor(0xc0001cbd20?)
	/home/ati/go/pkg/mod/github.com/go-gl/glfw/v3.3/glfw@v0.0.0-20240506104042-037f3cc74f2a/input.go:512 +0x3a
fyne.io/fyne/v2/internal/driver/glfw.initCursors()
	/home/ati/go/pkg/mod/fyne.io/fyne/v2@v2.7.1/internal/driver/glfw/window_desktop.go:56 +0x1c
fyne.io/fyne/v2/internal/driver/glfw.(*gLDriver).initGLFW(0x0?)
	/home/ati/go/pkg/mod/fyne.io/fyne/v2@v2.7.1/internal/driver/glfw/loop_desktop.go:18 +0x3a
fyne.io/fyne/v2/internal/driver/glfw.(*gLDriver).init(...)
	/home/ati/go/pkg/mod/fyne.io/fyne/v2@v2.7.1/internal/driver/glfw/driver.go:45
fyne.io/fyne/v2/internal/driver/glfw.(*gLDriver).createWindow(0xc00041c630, {0x0?, 0x6e5aec?}, 0x1)
	/home/ati/go/pkg/mod/fyne.io/fyne/v2@v2.7.1/internal/driver/glfw/window.go:940 +0x55
fyne.io/fyne/v2/internal/driver/glfw.(*gLDriver).CreateWindow.func1()
	/home/ati/go/pkg/mod/fyne.io/fyne/v2@v2.7.1/internal/driver/glfw/window.go:901 +0x2d
fyne.io/fyne/v2/internal/async.EnsureMain(0xc0001109f0)
	/home/ati/go/pkg/mod/fyne.io/fyne/v2@v2.7.1/internal/async/goroutine.go:46 +0x3f
fyne.io/fyne/v2/internal/driver/glfw.(*gLDriver).CreateWindow(0xc00041c630, {0x0, 0x0})
	/home/ati/go/pkg/mod/fyne.io/fyne/v2@v2.7.1/internal/driver/glfw/window.go:900 +0x9b
fyne.io/fyne/v2/app.(*fyneApp).NewWindow(0xc00042e230?, {0x0?, 0x2?})
	/home/ati/go/pkg/mod/fyne.io/fyne/v2@v2.7.1/app/app.go:67 +0x22
main.main()
	/home/ati/projects/code/FrozenPea/main.go:123 +0x149
exit status 2
ALSA lib confmisc.c:165:(snd_config_get_card) Cannot get card index for 0
ALSA lib confmisc.c:165:(snd_config_get_card) Cannot get card index for 0
ALSA lib confmisc.c:165:(snd_config_get_card) Cannot get card index for 0
ALSA lib pcm_oss.c:397:(_snd_pcm_oss_open) Cannot open device /dev/dsp
ALSA lib pulse.c:242:(pulse_connect) PulseAudio: Unable to connect: Connection refused

ALSA lib confmisc.c:165:(snd_config_get_card) Cannot get card index for 0
ALSA lib confmisc.c:165:(snd_config_get_card) Cannot get card index for 0
ALSA lib confmisc.c:165:(snd_config_get_card) Cannot get card index for 0
2026/03/24 19:37:49 PlatformError: X11: The DISPLAY environment variable is missing
panic: NotInitialized: The GLFW library is not initialized

goroutine 1 [running, locked to thread]:
github.com/go-gl/glfw/v3.3/glfw.acceptError({0x0, 0x0, 0xc000126060?})
	/home/ati/go/pkg/mod/github.com/go-gl/glfw/v3.3/glfw@v0.0.0-20240506104042-037f3cc74f2a/error.go:177 +0x16f
github.com/go-gl/glfw/v3.3/glfw.panicError(...)
	/home/ati/go/pkg/mod/github.com/go-gl/glfw/v3.3/glfw@v0.0.0-20240506104042-037f3cc74f2a/error.go:188
github.com/go-gl/glfw/v3.3/glfw.CreateStandardCursor(0xc0001d3d20?)
	/home/ati/go/pkg/mod/github.com/go-gl/glfw/v3.3/glfw@v0.0.0-20240506104042-037f3cc74f2a/input.go:512 +0x3a
fyne.io/fyne/v2/internal/driver/glfw.initCursors()
	/home/ati/go/pkg/mod/fyne.io/fyne/v2@v2.7.1/internal/driver/glfw/window_desktop.go:56 +0x1c
fyne.io/fyne/v2/internal/driver/glfw.(*gLDriver).initGLFW(0x0?)
	/home/ati/go/pkg/mod/fyne.io/fyne/v2@v2.7.1/internal/driver/glfw/loop_desktop.go:18 +0x3a
fyne.io/fyne/v2/internal/driver/glfw.(*gLDriver).init(...)
	/home/ati/go/pkg/mod/fyne.io/fyne/v2@v2.7.1/internal/driver/glfw/driver.go:45
fyne.io/fyne/v2/internal/driver/glfw.(*gLDriver).createWindow(0xc000492000, {0x0?, 0x6e5aec?}, 0x1)
	/home/ati/go/pkg/mod/fyne.io/fyne/v2@v2.7.1/internal/driver/glfw/window.go:940 +0x55
fyne.io/fyne/v2/internal/driver/glfw.(*gLDriver).CreateWindow.func1()
	/home/ati/go/pkg/mod/fyne.io/fyne/v2@v2.7.1/internal/driver/glfw/window.go:901 +0x2d
fyne.io/fyne/v2/internal/async.EnsureMain(0xc0001107e0)
	/home/ati/go/pkg/mod/fyne.io/fyne/v2@v2.7.1/internal/async/goroutine.go:46 +0x3f
fyne.io/fyne/v2/internal/driver/glfw.(*gLDriver).CreateWindow(0xc000492000, {0x0, 0x0})
	/home/ati/go/pkg/mod/fyne.io/fyne/v2@v2.7.1/internal/driver/glfw/window.go:900 +0x9b
fyne.io/fyne/v2/app.(*fyneApp).NewWindow(0xc000120230?, {0x0?, 0x2?})
	/home/ati/go/pkg/mod/fyne.io/fyne/v2@v2.7.1/app/app.go:67 +0x22
main.main()
	/home/ati/projects/code/FrozenPea/main.go:123 +0x149
exit status 2
ALSA lib confmisc.c:165:(snd_config_get_card) Cannot get card index for 0
ALSA lib confmisc.c:165:(snd_config_get_card) Cannot get card index for 0
ALSA lib confmisc.c:165:(snd_config_get_card) Cannot get card index for 0
ALSA lib pcm_oss.c:397:(_snd_pcm_oss_open) Cannot open device /dev/dsp
ALSA lib pulse.c:242:(pulse_connect) PulseAudio: Unable to connect: Connection refused

ALSA lib confmisc.c:165:(snd_config_get_card) Cannot get card index for 0
ALSA lib confmisc.c:165:(snd_config_get_card) Cannot get card index for 0
ALSA lib confmisc.c:165:(snd_config_get_card) Cannot get card index for 0
2026/03/25 19:13:11 PlatformError: X11: The DISPLAY environment variable is missing
panic: NotInitialized: The GLFW library is not initialized

goroutine 1 [running, locked to thread]:
github.com/go-gl/glfw/v3.3/glfw.acceptError({0x0, 0x0, 0xc0001a0648?})
	/home/ati/go/pkg/mod/github.com/go-gl/glfw/v3.3/glfw@v0.0.0-20240506104042-037f3cc74f2a/error.go:177 +0x16f
github.com/go-gl/glfw/v3.3/glfw.panicError(...)
	/home/ati/go/pkg/mod/github.com/go-gl/glfw/v3.3/glfw@v0.0.0-20240506104042-037f3cc74f2a/error.go:188
github.com/go-gl/glfw/v3.3/glfw.CreateStandardCursor(0xc000227d20?)
	/home/ati/go/pkg/mod/github.com/go-gl/glfw/v3.3/glfw@v0.0.0-20240506104042-037f3cc74f2a/input.go:512 +0x3a
fyne.io/fyne/v2/internal/driver/glfw.initCursors()
	/home/ati/go/pkg/mod/fyne.io/fyne/v2@v2.7.1/internal/driver/glfw/window_desktop.go:56 +0x1c
fyne.io/fyne/v2/internal/driver/glfw.(*gLDriver).initGLFW(0x0?)
	/home/ati/go/pkg/mod/fyne.io/fyne/v2@v2.7.1/internal/driver/glfw/loop_desktop.go:18 +0x3a
fyne.io/fyne/v2/internal/driver/glfw.(*gLDriver).init(...)
	/home/ati/go/pkg/mod/fyne.io/fyne/v2@v2.7.1/internal/driver/glfw/driver.go:45
fyne.io/fyne/v2/internal/driver/glfw.(*gLDriver).createWindow(0xc0000f6210, {0x0?, 0x6e5aec?}, 0x1)
	/home/ati/go/pkg/mod/fyne.io/fyne/v2@v2.7.1/internal/driver/glfw/window.go:940 +0x55
fyne.io/fyne/v2/internal/driver/glfw.(*gLDriver).CreateWindow.func1()
	/home/ati/go/pkg/mod/fyne.io/fyne/v2@v2.7.1/internal/driver/glfw/window.go:901 +0x2d
fyne.io/fyne/v2/internal/async.EnsureMain(0xc000357080)
	/home/ati/go/pkg/mod/fyne.io/fyne/v2@v2.7.1/internal/async/goroutine.go:46 +0x3f
fyne.io/fyne/v2/internal/driver/glfw.(*gLDriver).CreateWindow(0xc0000f6210, {0x0, 0x0})
	/home/ati/go/pkg/mod/fyne.io/fyne/v2@v2.7.1/internal/driver/glfw/window.go:900 +0x9b
fyne.io/fyne/v2/app.(*fyneApp).NewWindow(0xc0000e6310?, {0x0?, 0x2?})
	/home/ati/go/pkg/mod/fyne.io/fyne/v2@v2.7.1/app/app.go:67 +0x22
main.main()
	/home/ati/projects/code/FrozenPea/main.go:123 +0x149
exit status 2
ALSA lib confmisc.c:165:(snd_config_get_card) Cannot get card index for 0
ALSA lib confmisc.c:165:(snd_config_get_card) Cannot get card index for 0
ALSA lib confmisc.c:165:(snd_config_get_card) Cannot get card index for 0
ALSA lib pcm_oss.c:397:(_snd_pcm_oss_open) Cannot open device /dev/dsp
ALSA lib pulse.c:242:(pulse_connect) PulseAudio: Unable to connect: Connection refused

ALSA lib confmisc.c:165:(snd_config_get_card) Cannot get card index for 0
ALSA lib confmisc.c:165:(snd_config_get_card) Cannot get card index for 0
ALSA lib confmisc.c:165:(snd_config_get_card) Cannot get card index for 0
2026/03/26 20:19:22 PlatformError: X11: The DISPLAY environment variable is missing
panic: NotInitialized: The GLFW library is not initialized

goroutine 1 [running, locked to thread]:
github.com/go-gl/glfw/v3.3/glfw.acceptError({0x0, 0x0, 0xc000512018?})
	/home/ati/go/pkg/mod/github.com/go-gl/glfw/v3.3/glfw@v0.0.0-20240506104042-037f3cc74f2a/error.go:177 +0x16f
github.com/go-gl/glfw/v3.3/glfw.panicError(...)
	/home/ati/go/pkg/mod/github.com/go-gl/glfw/v3.3/glfw@v0.0.0-20240506104042-037f3cc74f2a/error.go:188
github.com/go-gl/glfw/v3.3/glfw.CreateStandardCursor(0xc000245d20?)
	/home/ati/go/pkg/mod/github.com/go-gl/glfw/v3.3/glfw@v0.0.0-20240506104042-037f3cc74f2a/input.go:512 +0x3a
fyne.io/fyne/v2/internal/driver/glfw.initCursors()
	/home/ati/go/pkg/mod/fyne.io/fyne/v2@v2.7.1/internal/driver/glfw/window_desktop.go:56 +0x1c
fyne.io/fyne/v2/internal/driver/glfw.(*gLDriver).initGLFW(0x0?)
	/home/ati/go/pkg/mod/fyne.io/fyne/v2@v2.7.1/internal/driver/glfw/loop_desktop.go:18 +0x3a
fyne.io/fyne/v2/internal/driver/glfw.(*gLDriver).init(...)
	/home/ati/go/pkg/mod/fyne.io/fyne/v2@v2.7.1/internal/driver/glfw/driver.go:45
fyne.io/fyne/v2/internal/driver/glfw.(*gLDriver).createWindow(0xc000488000, {0x0?, 0x6e5aec?}, 0x1)
	/home/ati/go/pkg/mod/fyne.io/fyne/v2@v2.7.1/internal/driver/glfw/window.go:940 +0x55
fyne.io/fyne/v2/internal/driver/glfw.(*gLDriver).CreateWindow.func1()
	/home/ati/go/pkg/mod/fyne.io/fyne/v2@v2.7.1/internal/driver/glfw/window.go:901 +0x2d
fyne.io/fyne/v2/internal/async.EnsureMain(0xc000518000)
	/home/ati/go/pkg/mod/fyne.io/fyne/v2@v2.7.1/internal/async/goroutine.go:46 +0x3f
fyne.io/fyne/v2/internal/driver/glfw.(*gLDriver).CreateWindow(0xc000488000, {0x0, 0x0})
	/home/ati/go/pkg/mod/fyne.io/fyne/v2@v2.7.1/internal/driver/glfw/window.go:900 +0x9b
fyne.io/fyne/v2/app.(*fyneApp).NewWindow(0xc0002783f0?, {0x0?, 0x2?})
	/home/ati/go/pkg/mod/fyne.io/fyne/v2@v2.7.1/app/app.go:67 +0x22
main.main()
	/home/ati/projects/code/FrozenPea/main.go:123 +0x149
exit status 2
ALSA lib confmisc.c:165:(snd_config_get_card) Cannot get card index for 0
ALSA lib confmisc.c:165:(snd_config_get_card) Cannot get card index for 0
ALSA lib confmisc.c:165:(snd_config_get_card) Cannot get card index for 0
ALSA lib pcm_oss.c:397:(_snd_pcm_oss_open) Cannot open device /dev/dsp
ALSA lib pulse.c:242:(pulse_connect) PulseAudio: Unable to connect: Connection refused

ALSA lib confmisc.c:165:(snd_config_get_card) Cannot get card index for 0
ALSA lib confmisc.c:165:(snd_config_get_card) Cannot get card index for 0
ALSA lib confmisc.c:165:(snd_config_get_card) Cannot get card index for 0
2026/03/27 19:41:04 PlatformError: X11: The DISPLAY environment variable is missing
panic: NotInitialized: The GLFW library is not initialized

goroutine 1 [running, locked to thread]:
github.com/go-gl/glfw/v3.3/glfw.acceptError({0x0, 0x0, 0xc0001d6120?})
	/home/ati/go/pkg/mod/github.com/go-gl/glfw/v3.3/glfw@v0.0.0-20240506104042-037f3cc74f2a/error.go:177 +0x16f
github.com/go-gl/glfw/v3.3/glfw.panicError(...)
	/home/ati/go/pkg/mod/github.com/go-gl/glfw/v3.3/glfw@v0.0.0-20240506104042-037f3cc74f2a/error.go:188
github.com/go-gl/glfw/v3.3/glfw.CreateStandardCursor(0xc0002afd20?)
	/home/ati/go/pkg/mod/github.com/go-gl/glfw/v3.3/glfw@v0.0.0-20240506104042-037f3cc74f2a/input.go:512 +0x3a
fyne.io/fyne/v2/internal/driver/glfw.initCursors()
	/home/ati/go/pkg/mod/fyne.io/fyne/v2@v2.7.1/internal/driver/glfw/window_desktop.go:56 +0x1c
fyne.io/fyne/v2/internal/driver/glfw.(*gLDriver).initGLFW(0x0?)
	/home/ati/go/pkg/mod/fyne.io/fyne/v2@v2.7.1/internal/driver/glfw/loop_desktop.go:18 +0x3a
fyne.io/fyne/v2/internal/driver/glfw.(*gLDriver).init(...)
	/home/ati/go/pkg/mod/fyne.io/fyne/v2@v2.7.1/internal/driver/glfw/driver.go:45
fyne.io/fyne/v2/internal/driver/glfw.(*gLDriver).createWindow(0xc000150210, {0x0?, 0x6e5aec?}, 0x1)
	/home/ati/go/pkg/mod/fyne.io/fyne/v2@v2.7.1/internal/driver/glfw/window.go:940 +0x55
fyne.io/fyne/v2/internal/driver/glfw.(*gLDriver).CreateWindow.func1()
	/home/ati/go/pkg/mod/fyne.io/fyne/v2@v2.7.1/internal/driver/glfw/window.go:901 +0x2d
fyne.io/fyne/v2/internal/async.EnsureMain(0xc0003940f0)
	/home/ati/go/pkg/mod/fyne.io/fyne/v2@v2.7.1/internal/async/goroutine.go:46 +0x3f
fyne.io/fyne/v2/internal/driver/glfw.(*gLDriver).CreateWindow(0xc000150210, {0x0, 0x0})
	/home/ati/go/pkg/mod/fyne.io/fyne/v2@v2.7.1/internal/driver/glfw/window.go:900 +0x9b
fyne.io/fyne/v2/app.(*fyneApp).NewWindow(0xc0002e4540?, {0x0?, 0x2?})
	/home/ati/go/pkg/mod/fyne.io/fyne/v2@v2.7.1/app/app.go:67 +0x22
main.main()
	/home/ati/projects/code/FrozenPea/main.go:123 +0x149
exit status 2
ALSA lib confmisc.c:165:(snd_config_get_card) Cannot get card index for 0
ALSA lib confmisc.c:165:(snd_config_get_card) Cannot get card index for 0
ALSA lib confmisc.c:165:(snd_config_get_card) Cannot get card index for 0
ALSA lib pcm_oss.c:397:(_snd_pcm_oss_open) Cannot open device /dev/dsp
ALSA lib pulse.c:242:(pulse_connect) PulseAudio: Unable to connect: Connection refused

ALSA lib confmisc.c:165:(snd_config_get_card) Cannot get card index for 0
ALSA lib confmisc.c:165:(snd_config_get_card) Cannot get card index for 0
ALSA lib confmisc.c:165:(snd_config_get_card) Cannot get card index for 0
2026/03/28 06:52:14 PlatformError: X11: The DISPLAY environment variable is missing
panic: NotInitialized: The GLFW library is not initialized

goroutine 1 [running, locked to thread]:
github.com/go-gl/glfw/v3.3/glfw.acceptError({0x0, 0x0, 0xc0001e8600?})
	/home/ati/go/pkg/mod/github.com/go-gl/glfw/v3.3/glfw@v0.0.0-20240506104042-037f3cc74f2a/error.go:177 +0x16f
github.com/go-gl/glfw/v3.3/glfw.panicError(...)
	/home/ati/go/pkg/mod/github.com/go-gl/glfw/v3.3/glfw@v0.0.0-20240506104042-037f3cc74f2a/error.go:188
github.com/go-gl/glfw/v3.3/glfw.CreateStandardCursor(0xc000257d20?)
	/home/ati/go/pkg/mod/github.com/go-gl/glfw/v3.3/glfw@v0.0.0-20240506104042-037f3cc74f2a/input.go:512 +0x3a
fyne.io/fyne/v2/internal/driver/glfw.initCursors()
	/home/ati/go/pkg/mod/fyne.io/fyne/v2@v2.7.1/internal/driver/glfw/window_desktop.go:56 +0x1c
fyne.io/fyne/v2/internal/driver/glfw.(*gLDriver).initGLFW(0x0?)
	/home/ati/go/pkg/mod/fyne.io/fyne/v2@v2.7.1/internal/driver/glfw/loop_desktop.go:18 +0x3a
fyne.io/fyne/v2/internal/driver/glfw.(*gLDriver).init(...)
	/home/ati/go/pkg/mod/fyne.io/fyne/v2@v2.7.1/internal/driver/glfw/driver.go:45
fyne.io/fyne/v2/internal/driver/glfw.(*gLDriver).createWindow(0xc00015a210, {0x0?, 0x6e5aec?}, 0x1)
	/home/ati/go/pkg/mod/fyne.io/fyne/v2@v2.7.1/internal/driver/glfw/window.go:940 +0x55
fyne.io/fyne/v2/internal/driver/glfw.(*gLDriver).CreateWindow.func1()
	/home/ati/go/pkg/mod/fyne.io/fyne/v2@v2.7.1/internal/driver/glfw/window.go:901 +0x2d
fyne.io/fyne/v2/internal/async.EnsureMain(0xc000181cb0)
	/home/ati/go/pkg/mod/fyne.io/fyne/v2@v2.7.1/internal/async/goroutine.go:46 +0x3f
fyne.io/fyne/v2/internal/driver/glfw.(*gLDriver).CreateWindow(0xc00015a210, {0x0, 0x0})
	/home/ati/go/pkg/mod/fyne.io/fyne/v2@v2.7.1/internal/driver/glfw/window.go:900 +0x9b
fyne.io/fyne/v2/app.(*fyneApp).NewWindow(0xc00012c310?, {0x0?, 0x2?})
	/home/ati/go/pkg/mod/fyne.io/fyne/v2@v2.7.1/app/app.go:67 +0x22
main.main()
	/home/ati/projects/code/FrozenPea/main.go:123 +0x149
exit status 2
Got X11 context, window: 4194364
XGB: conn.go:47: Could not get authority info: open /home/ati/.Xauthority: no such file or directory
XGB: conn.go:48: Trying connection without authority info...
Got X11 context, window: 4194387
XGB: conn.go:47: Could not get authority info: open /home/ati/.Xauthority: no such file or directory
XGB: conn.go:48: Trying connection without authority info...
XGB: xgb.go:403: A read error is unrecoverable: EOF
XGB: xgb.go:403: A read error is unrecoverable: EOF
XGB: xgb.go:403: A read error is unrecoverable: EOF
XGB: xgb.go:403: A read error is unrecoverable: EOF
panic: close of closed channel

goroutine 101 [running]:
github.com/BurntSushi/xgb.(*Conn).Close(...)
	/home/ati/go/pkg/mod/github.com/!burnt!sushi/xgb@v0.0.0-20210121224620-deaf085860bc/xgb.go:140
github.com/BurntSushi/xgb.(*Conn).readResponses(0xc000d009a0)
	/home/ati/go/pkg/mod/github.com/!burnt!sushi/xgb@v0.0.0-20210121224620-deaf085860bc/xgb.go:405 +0x246
created by github.com/BurntSushi/xgb.postNewConn in goroutine 1
	/home/ati/go/pkg/mod/github.com/!burnt!sushi/xgb@v0.0.0-20210121224620-deaf085860bc/xgb.go:133 +0x2b6
panic: close of closed channel

goroutine 117 [running]:
github.com/BurntSushi/xgb.(*Conn).Close(...)
	/home/ati/go/pkg/mod/github.com/!burnt!sushi/xgb@v0.0.0-20210121224620-deaf085860bc/xgb.go:140
github.com/BurntSushi/xgb.(*Conn).readResponses(0xc000d00b00)
	/home/ati/go/pkg/mod/github.com/!burnt!sushi/xgb@v0.0.0-20210121224620-deaf085860bc/xgb.go:405 +0x246
created by github.com/BurntSushi/xgb.postNewConn in goroutine 1
	/home/ati/go/pkg/mod/github.com/!burnt!sushi/xgb@v0.0.0-20210121224620-deaf085860bc/xgb.go:133 +0x2b6
exit status 2
ALSA lib confmisc.c:165:(snd_config_get_card) Cannot get card index for 0
ALSA lib confmisc.c:165:(snd_config_get_card) Cannot get card index for 0
ALSA lib confmisc.c:165:(snd_config_get_card) Cannot get card index for 0
ALSA lib pcm_oss.c:397:(_snd_pcm_oss_open) Cannot open device /dev/dsp
ALSA lib pulse.c:242:(pulse_connect) PulseAudio: Unable to connect: Connection refused

ALSA lib confmisc.c:165:(snd_config_get_card) Cannot get card index for 0
ALSA lib confmisc.c:165:(snd_config_get_card) Cannot get card index for 0
ALSA lib confmisc.c:165:(snd_config_get_card) Cannot get card index for 0
2026/03/29 08:01:40 PlatformError: X11: The DISPLAY environment variable is missing
panic: NotInitialized: The GLFW library is not initialized

goroutine 1 [running, locked to thread]:
github.com/go-gl/glfw/v3.3/glfw.acceptError({0x0, 0x0, 0xc000012120?})
	/home/ati/go/pkg/mod/github.com/go-gl/glfw/v3.3/glfw@v0.0.0-20240506104042-037f3cc74f2a/error.go:177 +0x16f
github.com/go-gl/glfw/v3.3/glfw.panicError(...)
	/home/ati/go/pkg/mod/github.com/go-gl/glfw/v3.3/glfw@v0.0.0-20240506104042-037f3cc74f2a/error.go:188
github.com/go-gl/glfw/v3.3/glfw.CreateStandardCursor(0xc00029dd20?)
	/home/ati/go/pkg/mod/github.com/go-gl/glfw/v3.3/glfw@v0.0.0-20240506104042-037f3cc74f2a/input.go:512 +0x3a
fyne.io/fyne/v2/internal/driver/glfw.initCursors()
	/home/ati/go/pkg/mod/fyne.io/fyne/v2@v2.7.1/internal/driver/glfw/window_desktop.go:56 +0x1c
fyne.io/fyne/v2/internal/driver/glfw.(*gLDriver).initGLFW(0x0?)
	/home/ati/go/pkg/mod/fyne.io/fyne/v2@v2.7.1/internal/driver/glfw/loop_desktop.go:18 +0x3a
fyne.io/fyne/v2/internal/driver/glfw.(*gLDriver).init(...)
	/home/ati/go/pkg/mod/fyne.io/fyne/v2@v2.7.1/internal/driver/glfw/driver.go:45
fyne.io/fyne/v2/internal/driver/glfw.(*gLDriver).createWindow(0xc00025c000, {0x0?, 0x6e5aec?}, 0x1)
	/home/ati/go/pkg/mod/fyne.io/fyne/v2@v2.7.1/internal/driver/glfw/window.go:940 +0x55
fyne.io/fyne/v2/internal/driver/glfw.(*gLDriver).CreateWindow.func1()
	/home/ati/go/pkg/mod/fyne.io/fyne/v2@v2.7.1/internal/driver/glfw/window.go:901 +0x2d
fyne.io/fyne/v2/internal/async.EnsureMain(0xc0000c4cc0)
	/home/ati/go/pkg/mod/fyne.io/fyne/v2@v2.7.1/internal/async/goroutine.go:46 +0x3f
fyne.io/fyne/v2/internal/driver/glfw.(*gLDriver).CreateWindow(0xc00025c000, {0x0, 0x0})
	/home/ati/go/pkg/mod/fyne.io/fyne/v2@v2.7.1/internal/driver/glfw/window.go:900 +0x9b
fyne.io/fyne/v2/app.(*fyneApp).NewWindow(0xc0002141c0?, {0x0?, 0x2?})
	/home/ati/go/pkg/mod/fyne.io/fyne/v2@v2.7.1/app/app.go:67 +0x22
main.main()
	/home/ati/projects/code/FrozenPea/main.go:123 +0x149
exit status 2
Got X11 context, window: 4194364
XGB: conn.go:47: Could not get authority info: open /home/ati/.Xauthority: no such file or directory
XGB: conn.go:48: Trying connection without authority info...
XGB: xgb.go:403: A read error is unrecoverable: EOF
XGB: xgb.go:403: A read error is unrecoverable: EOF
panic: close of closed channel

goroutine 98 [running]:
github.com/BurntSushi/xgb.(*Conn).Close(...)
	/home/ati/go/pkg/mod/github.com/!burnt!sushi/xgb@v0.0.0-20210121224620-deaf085860bc/xgb.go:140
github.com/BurntSushi/xgb.(*Conn).readResponses(0xc000336840)
	/home/ati/go/pkg/mod/github.com/!burnt!sushi/xgb@v0.0.0-20210121224620-deaf085860bc/xgb.go:405 +0x246
created by github.com/BurntSushi/xgb.postNewConn in goroutine 1
	/home/ati/go/pkg/mod/github.com/!burnt!sushi/xgb@v0.0.0-20210121224620-deaf085860bc/xgb.go:133 +0x2b6
exit status 2
ALSA lib confmisc.c:165:(snd_config_get_card) Cannot get card index for 0
ALSA lib confmisc.c:165:(snd_config_get_card) Cannot get card index for 0
ALSA lib confmisc.c:165:(snd_config_get_card) Cannot get card index for 0
ALSA lib pcm_oss.c:397:(_snd_pcm_oss_open) Cannot open device /dev/dsp
ALSA lib pulse.c:242:(pulse_connect) PulseAudio: Unable to connect: Connection refused

ALSA lib confmisc.c:165:(snd_config_get_card) Cannot get card index for 0
ALSA lib confmisc.c:165:(snd_config_get_card) Cannot get card index for 0
ALSA lib confmisc.c:165:(snd_config_get_card) Cannot get card index for 0
2026/03/30 22:28:31 PlatformError: X11: The DISPLAY environment variable is missing
panic: NotInitialized: The GLFW library is not initialized

goroutine 1 [running, locked to thread]:
github.com/go-gl/glfw/v3.3/glfw.acceptError({0x0, 0x0, 0xc000012138?})
	/home/ati/go/pkg/mod/github.com/go-gl/glfw/v3.3/glfw@v0.0.0-20240506104042-037f3cc74f2a/error.go:177 +0x16f
github.com/go-gl/glfw/v3.3/glfw.panicError(...)
	/home/ati/go/pkg/mod/github.com/go-gl/glfw/v3.3/glfw@v0.0.0-20240506104042-037f3cc74f2a/error.go:188
github.com/go-gl/glfw/v3.3/glfw.CreateStandardCursor(0xc00025fd20?)
	/home/ati/go/pkg/mod/github.com/go-gl/glfw/v3.3/glfw@v0.0.0-20240506104042-037f3cc74f2a/input.go:512 +0x3a
fyne.io/fyne/v2/internal/driver/glfw.initCursors()
	/home/ati/go/pkg/mod/fyne.io/fyne/v2@v2.7.1/internal/driver/glfw/window_desktop.go:56 +0x1c
fyne.io/fyne/v2/internal/driver/glfw.(*gLDriver).initGLFW(0x0?)
	/home/ati/go/pkg/mod/fyne.io/fyne/v2@v2.7.1/internal/driver/glfw/loop_desktop.go:18 +0x3a
fyne.io/fyne/v2/internal/driver/glfw.(*gLDriver).init(...)
	/home/ati/go/pkg/mod/fyne.io/fyne/v2@v2.7.1/internal/driver/glfw/driver.go:45
fyne.io/fyne/v2/internal/driver/glfw.(*gLDriver).createWindow(0xc000490000, {0x0?, 0x6e5aec?}, 0x1)
	/home/ati/go/pkg/mod/fyne.io/fyne/v2@v2.7.1/internal/driver/glfw/window.go:940 +0x55
fyne.io/fyne/v2/internal/driver/glfw.(*gLDriver).CreateWindow.func1()
	/home/ati/go/pkg/mod/fyne.io/fyne/v2@v2.7.1/internal/driver/glfw/window.go:901 +0x2d
fyne.io/fyne/v2/internal/async.EnsureMain(0xc0003b41e0)
	/home/ati/go/pkg/mod/fyne.io/fyne/v2@v2.7.1/internal/async/goroutine.go:46 +0x3f
fyne.io/fyne/v2/internal/driver/glfw.(*gLDriver).CreateWindow(0xc000490000, {0x0, 0x0})
	/home/ati/go/pkg/mod/fyne.io/fyne/v2@v2.7.1/internal/driver/glfw/window.go:900 +0x9b
fyne.io/fyne/v2/app.(*fyneApp).NewWindow(0xc000496150?, {0x0?, 0x2?})
	/home/ati/go/pkg/mod/fyne.io/fyne/v2@v2.7.1/app/app.go:67 +0x22
main.main()
	/home/ati/projects/code/FrozenPea/main.go:123 +0x149
exit status 2
ALSA lib confmisc.c:165:(snd_config_get_card) Cannot get card index for 0
ALSA lib confmisc.c:165:(snd_config_get_card) Cannot get card index for 0
ALSA lib confmisc.c:165:(snd_config_get_card) Cannot get card index for 0
ALSA lib pcm_oss.c:397:(_snd_pcm_oss_open) Cannot open device /dev/dsp
ALSA lib pulse.c:242:(pulse_connect) PulseAudio: Unable to connect: Connection refused

ALSA lib confmisc.c:165:(snd_config_get_card) Cannot get card index for 0
ALSA lib confmisc.c:165:(snd_config_get_card) Cannot get card index for 0
ALSA lib confmisc.c:165:(snd_config_get_card) Cannot get card index for 0
2026/03/31 19:49:19 PlatformError: X11: The DISPLAY environment variable is missing
panic: NotInitialized: The GLFW library is not initialized

goroutine 1 [running, locked to thread]:
github.com/go-gl/glfw/v3.3/glfw.acceptError({0x0, 0x0, 0xc00023c5e8?})
	/home/ati/go/pkg/mod/github.com/go-gl/glfw/v3.3/glfw@v0.0.0-20240506104042-037f3cc74f2a/error.go:177 +0x16f
github.com/go-gl/glfw/v3.3/glfw.panicError(...)
	/home/ati/go/pkg/mod/github.com/go-gl/glfw/v3.3/glfw@v0.0.0-20240506104042-037f3cc74f2a/error.go:188
github.com/go-gl/glfw/v3.3/glfw.CreateStandardCursor(0xc000277d20?)
	/home/ati/go/pkg/mod/github.com/go-gl/glfw/v3.3/glfw@v0.0.0-20240506104042-037f3cc74f2a/input.go:512 +0x3a
fyne.io/fyne/v2/internal/driver/glfw.initCursors()
	/home/ati/go/pkg/mod/fyne.io/fyne/v2@v2.7.1/internal/driver/glfw/window_desktop.go:56 +0x1c
fyne.io/fyne/v2/internal/driver/glfw.(*gLDriver).initGLFW(0x0?)
	/home/ati/go/pkg/mod/fyne.io/fyne/v2@v2.7.1/internal/driver/glfw/loop_desktop.go:18 +0x3a
fyne.io/fyne/v2/internal/driver/glfw.(*gLDriver).init(...)
	/home/ati/go/pkg/mod/fyne.io/fyne/v2@v2.7.1/internal/driver/glfw/driver.go:45
fyne.io/fyne/v2/internal/driver/glfw.(*gLDriver).createWindow(0xc0000f6210, {0x0?, 0x6e5aec?}, 0x1)
	/home/ati/go/pkg/mod/fyne.io/fyne/v2@v2.7.1/internal/driver/glfw/window.go:940 +0x55
fyne.io/fyne/v2/internal/driver/glfw.(*gLDriver).CreateWindow.func1()
	/home/ati/go/pkg/mod/fyne.io/fyne/v2@v2.7.1/internal/driver/glfw/window.go:901 +0x2d
fyne.io/fyne/v2/internal/async.EnsureMain(0xc0003b7410)
	/home/ati/go/pkg/mod/fyne.io/fyne/v2@v2.7.1/internal/async/goroutine.go:46 +0x3f
fyne.io/fyne/v2/internal/driver/glfw.(*gLDriver).CreateWindow(0xc0000f6210, {0x0, 0x0})
	/home/ati/go/pkg/mod/fyne.io/fyne/v2@v2.7.1/internal/driver/glfw/window.go:900 +0x9b
fyne.io/fyne/v2/app.(*fyneApp).NewWindow(0xc0000e6380?, {0x0?, 0x2?})
	/home/ati/go/pkg/mod/fyne.io/fyne/v2@v2.7.1/app/app.go:67 +0x22
main.main()
	/home/ati/projects/code/FrozenPea/main.go:123 +0x149
exit status 2
ALSA lib confmisc.c:165:(snd_config_get_card) Cannot get card index for 0
ALSA lib confmisc.c:165:(snd_config_get_card) Cannot get card index for 0
ALSA lib confmisc.c:165:(snd_config_get_card) Cannot get card index for 0
ALSA lib pcm_oss.c:397:(_snd_pcm_oss_open) Cannot open device /dev/dsp
ALSA lib pulse.c:242:(pulse_connect) PulseAudio: Unable to connect: Connection refused

ALSA lib confmisc.c:165:(snd_config_get_card) Cannot get card index for 0
ALSA lib confmisc.c:165:(snd_config_get_card) Cannot get card index for 0
ALSA lib confmisc.c:165:(snd_config_get_card) Cannot get card index for 0
2026/04/01 18:42:14 PlatformError: X11: The DISPLAY environment variable is missing
panic: NotInitialized: The GLFW library is not initialized

goroutine 1 [running, locked to thread]:
github.com/go-gl/glfw/v3.3/glfw.acceptError({0x0, 0x0, 0xc000012690?})
	/home/ati/go/pkg/mod/github.com/go-gl/glfw/v3.3/glfw@v0.0.0-20240506104042-037f3cc74f2a/error.go:177 +0x16f
github.com/go-gl/glfw/v3.3/glfw.panicError(...)
	/home/ati/go/pkg/mod/github.com/go-gl/glfw/v3.3/glfw@v0.0.0-20240506104042-037f3cc74f2a/error.go:188
github.com/go-gl/glfw/v3.3/glfw.CreateStandardCursor(0xc0001cbd20?)
	/home/ati/go/pkg/mod/github.com/go-gl/glfw/v3.3/glfw@v0.0.0-20240506104042-037f3cc74f2a/input.go:512 +0x3a
fyne.io/fyne/v2/internal/driver/glfw.initCursors()
	/home/ati/go/pkg/mod/fyne.io/fyne/v2@v2.7.1/internal/driver/glfw/window_desktop.go:56 +0x1c
fyne.io/fyne/v2/internal/driver/glfw.(*gLDriver).initGLFW(0x0?)
	/home/ati/go/pkg/mod/fyne.io/fyne/v2@v2.7.1/internal/driver/glfw/loop_desktop.go:18 +0x3a
fyne.io/fyne/v2/internal/driver/glfw.(*gLDriver).init(...)
	/home/ati/go/pkg/mod/fyne.io/fyne/v2@v2.7.1/internal/driver/glfw/driver.go:45
fyne.io/fyne/v2/internal/driver/glfw.(*gLDriver).createWindow(0xc000278000, {0x0?, 0x6e5aec?}, 0x1)
	/home/ati/go/pkg/mod/fyne.io/fyne/v2@v2.7.1/internal/driver/glfw/window.go:940 +0x55
fyne.io/fyne/v2/internal/driver/glfw.(*gLDriver).CreateWindow.func1()
	/home/ati/go/pkg/mod/fyne.io/fyne/v2@v2.7.1/internal/driver/glfw/window.go:901 +0x2d
fyne.io/fyne/v2/internal/async.EnsureMain(0xc000369aa0)
	/home/ati/go/pkg/mod/fyne.io/fyne/v2@v2.7.1/internal/async/goroutine.go:46 +0x3f
fyne.io/fyne/v2/internal/driver/glfw.(*gLDriver).CreateWindow(0xc000278000, {0x0, 0x0})
	/home/ati/go/pkg/mod/fyne.io/fyne/v2@v2.7.1/internal/driver/glfw/window.go:900 +0x9b
fyne.io/fyne/v2/app.(*fyneApp).NewWindow(0xc00026c1c0?, {0x0?, 0x2?})
	/home/ati/go/pkg/mod/fyne.io/fyne/v2@v2.7.1/app/app.go:67 +0x22
main.main()
	/home/ati/projects/code/FrozenPea/main.go:123 +0x149
exit status 2
ALSA lib confmisc.c:165:(snd_config_get_card) Cannot get card index for 0
ALSA lib confmisc.c:165:(snd_config_get_card) Cannot get card index for 0
ALSA lib confmisc.c:165:(snd_config_get_card) Cannot get card index for 0
ALSA lib pcm_oss.c:397:(_snd_pcm_oss_open) Cannot open device /dev/dsp
ALSA lib pulse.c:242:(pulse_connect) PulseAudio: Unable to connect: Connection refused

ALSA lib confmisc.c:165:(snd_config_get_card) Cannot get card index for 0
ALSA lib confmisc.c:165:(snd_config_get_card) Cannot get card index for 0
ALSA lib confmisc.c:165:(snd_config_get_card) Cannot get card index for 0
2026/04/02 20:13:10 PlatformError: X11: The DISPLAY environment variable is missing
panic: NotInitialized: The GLFW library is not initialized

goroutine 1 [running, locked to thread]:
github.com/go-gl/glfw/v3.3/glfw.acceptError({0x0, 0x0, 0xc000012168?})
	/home/ati/go/pkg/mod/github.com/go-gl/glfw/v3.3/glfw@v0.0.0-20240506104042-037f3cc74f2a/error.go:177 +0x16f
github.com/go-gl/glfw/v3.3/glfw.panicError(...)
	/home/ati/go/pkg/mod/github.com/go-gl/glfw/v3.3/glfw@v0.0.0-20240506104042-037f3cc74f2a/error.go:188
github.com/go-gl/glfw/v3.3/glfw.CreateStandardCursor(0xc000217d20?)
	/home/ati/go/pkg/mod/github.com/go-gl/glfw/v3.3/glfw@v0.0.0-20240506104042-037f3cc74f2a/input.go:512 +0x3a
fyne.io/fyne/v2/internal/driver/glfw.initCursors()
	/home/ati/go/pkg/mod/fyne.io/fyne/v2@v2.7.1/internal/driver/glfw/window_desktop.go:56 +0x1c
fyne.io/fyne/v2/internal/driver/glfw.(*gLDriver).initGLFW(0x0?)
	/home/ati/go/pkg/mod/fyne.io/fyne/v2@v2.7.1/internal/driver/glfw/loop_desktop.go:18 +0x3a
fyne.io/fyne/v2/internal/driver/glfw.(*gLDriver).init(...)
	/home/ati/go/pkg/mod/fyne.io/fyne/v2@v2.7.1/internal/driver/glfw/driver.go:45
fyne.io/fyne/v2/internal/driver/glfw.(*gLDriver).createWindow(0xc000350840, {0x0?, 0x6e5aec?}, 0x1)
	/home/ati/go/pkg/mod/fyne.io/fyne/v2@v2.7.1/internal/driver/glfw/window.go:940 +0x55
fyne.io/fyne/v2/internal/driver/glfw.(*gLDriver).CreateWindow.func1()
	/home/ati/go/pkg/mod/fyne.io/fyne/v2@v2.7.1/internal/driver/glfw/window.go:901 +0x2d
fyne.io/fyne/v2/internal/async.EnsureMain(0xc0000c4ea0)
	/home/ati/go/pkg/mod/fyne.io/fyne/v2@v2.7.1/internal/async/goroutine.go:46 +0x3f
fyne.io/fyne/v2/internal/driver/glfw.(*gLDriver).CreateWindow(0xc000350840, {0x0, 0x0})
	/home/ati/go/pkg/mod/fyne.io/fyne/v2@v2.7.1/internal/driver/glfw/window.go:900 +0x9b
fyne.io/fyne/v2/app.(*fyneApp).NewWindow(0xc00024e620?, {0x0?, 0x2?})
	/home/ati/go/pkg/mod/fyne.io/fyne/v2@v2.7.1/app/app.go:67 +0x22
main.main()
	/home/ati/projects/code/FrozenPea/main.go:123 +0x149
exit status 2
ALSA lib confmisc.c:165:(snd_config_get_card) Cannot get card index for 0
ALSA lib confmisc.c:165:(snd_config_get_card) Cannot get card index for 0
ALSA lib confmisc.c:165:(snd_config_get_card) Cannot get card index for 0
ALSA lib pcm_oss.c:397:(_snd_pcm_oss_open) Cannot open device /dev/dsp
ALSA lib pulse.c:242:(pulse_connect) PulseAudio: Unable to connect: Connection refused

ALSA lib confmisc.c:165:(snd_config_get_card) Cannot get card index for 0
ALSA lib confmisc.c:165:(snd_config_get_card) Cannot get card index for 0
ALSA lib confmisc.c:165:(snd_config_get_card) Cannot get card index for 0
2026/04/03 19:59:21 PlatformError: X11: The DISPLAY environment variable is missing
panic: NotInitialized: The GLFW library is not initialized

goroutine 1 [running, locked to thread]:
github.com/go-gl/glfw/v3.3/glfw.acceptError({0x0, 0x0, 0xc00013c018?})
	/home/ati/go/pkg/mod/github.com/go-gl/glfw/v3.3/glfw@v0.0.0-20240506104042-037f3cc74f2a/error.go:177 +0x16f
github.com/go-gl/glfw/v3.3/glfw.panicError(...)
	/home/ati/go/pkg/mod/github.com/go-gl/glfw/v3.3/glfw@v0.0.0-20240506104042-037f3cc74f2a/error.go:188
github.com/go-gl/glfw/v3.3/glfw.CreateStandardCursor(0xc0001cfd20?)
	/home/ati/go/pkg/mod/github.com/go-gl/glfw/v3.3/glfw@v0.0.0-20240506104042-037f3cc74f2a/input.go:512 +0x3a
fyne.io/fyne/v2/internal/driver/glfw.initCursors()
	/home/ati/go/pkg/mod/fyne.io/fyne/v2@v2.7.1/internal/driver/glfw/window_desktop.go:56 +0x1c
fyne.io/fyne/v2/internal/driver/glfw.(*gLDriver).initGLFW(0x0?)
	/home/ati/go/pkg/mod/fyne.io/fyne/v2@v2.7.1/internal/driver/glfw/loop_desktop.go:18 +0x3a
fyne.io/fyne/v2/internal/driver/glfw.(*gLDriver).init(...)
	/home/ati/go/pkg/mod/fyne.io/fyne/v2@v2.7.1/internal/driver/glfw/driver.go:45
fyne.io/fyne/v2/internal/driver/glfw.(*gLDriver).createWindow(0xc0003fc840, {0x0?, 0x6e5aec?}, 0x1)
	/home/ati/go/pkg/mod/fyne.io/fyne/v2@v2.7.1/internal/driver/glfw/window.go:940 +0x55
fyne.io/fyne/v2/internal/driver/glfw.(*gLDriver).CreateWindow.func1()
	/home/ati/go/pkg/mod/fyne.io/fyne/v2@v2.7.1/internal/driver/glfw/window.go:901 +0x2d
fyne.io/fyne/v2/internal/async.EnsureMain(0xc000142000)
	/home/ati/go/pkg/mod/fyne.io/fyne/v2@v2.7.1/internal/async/goroutine.go:46 +0x3f
fyne.io/fyne/v2/internal/driver/glfw.(*gLDriver).CreateWindow(0xc0003fc840, {0x0, 0x0})
	/home/ati/go/pkg/mod/fyne.io/fyne/v2@v2.7.1/internal/driver/glfw/window.go:900 +0x9b
fyne.io/fyne/v2/app.(*fyneApp).NewWindow(0xc000306e70?, {0x0?, 0x2?})
	/home/ati/go/pkg/mod/fyne.io/fyne/v2@v2.7.1/app/app.go:67 +0x22
main.main()
	/home/ati/projects/code/FrozenPea/main.go:123 +0x149
exit status 2
ALSA lib confmisc.c:165:(snd_config_get_card) Cannot get card index for 0
ALSA lib confmisc.c:165:(snd_config_get_card) Cannot get card index for 0
ALSA lib confmisc.c:165:(snd_config_get_card) Cannot get card index for 0
ALSA lib pcm_oss.c:397:(_snd_pcm_oss_open) Cannot open device /dev/dsp
ALSA lib pulse.c:242:(pulse_connect) PulseAudio: Unable to connect: Connection refused

ALSA lib confmisc.c:165:(snd_config_get_card) Cannot get card index for 0
ALSA lib confmisc.c:165:(snd_config_get_card) Cannot get card index for 0
ALSA lib confmisc.c:165:(snd_config_get_card) Cannot get card index for 0
2026/04/04 06:51:49 PlatformError: X11: The DISPLAY environment variable is missing
panic: NotInitialized: The GLFW library is not initialized

goroutine 1 [running, locked to thread]:
github.com/go-gl/glfw/v3.3/glfw.acceptError({0x0, 0x0, 0xc000130138?})
	/home/ati/go/pkg/mod/github.com/go-gl/glfw/v3.3/glfw@v0.0.0-20240506104042-037f3cc74f2a/error.go:177 +0x16f
github.com/go-gl/glfw/v3.3/glfw.panicError(...)
	/home/ati/go/pkg/mod/github.com/go-gl/glfw/v3.3/glfw@v0.0.0-20240506104042-037f3cc74f2a/error.go:188
github.com/go-gl/glfw/v3.3/glfw.CreateStandardCursor(0xc000227d20?)
	/home/ati/go/pkg/mod/github.com/go-gl/glfw/v3.3/glfw@v0.0.0-20240506104042-037f3cc74f2a/input.go:512 +0x3a
fyne.io/fyne/v2/internal/driver/glfw.initCursors()
	/home/ati/go/pkg/mod/fyne.io/fyne/v2@v2.7.1/internal/driver/glfw/window_desktop.go:56 +0x1c
fyne.io/fyne/v2/internal/driver/glfw.(*gLDriver).initGLFW(0x0?)
	/home/ati/go/pkg/mod/fyne.io/fyne/v2@v2.7.1/internal/driver/glfw/loop_desktop.go:18 +0x3a
fyne.io/fyne/v2/internal/driver/glfw.(*gLDriver).init(...)
	/home/ati/go/pkg/mod/fyne.io/fyne/v2@v2.7.1/internal/driver/glfw/driver.go:45
fyne.io/fyne/v2/internal/driver/glfw.(*gLDriver).createWindow(0xc000364630, {0x0?, 0x6e5aec?}, 0x1)
	/home/ati/go/pkg/mod/fyne.io/fyne/v2@v2.7.1/internal/driver/glfw/window.go:940 +0x55
fyne.io/fyne/v2/internal/driver/glfw.(*gLDriver).CreateWindow.func1()
	/home/ati/go/pkg/mod/fyne.io/fyne/v2@v2.7.1/internal/driver/glfw/window.go:901 +0x2d
fyne.io/fyne/v2/internal/async.EnsureMain(0xc000112810)
	/home/ati/go/pkg/mod/fyne.io/fyne/v2@v2.7.1/internal/async/goroutine.go:46 +0x3f
fyne.io/fyne/v2/internal/driver/glfw.(*gLDriver).CreateWindow(0xc000364630, {0x0, 0x0})
	/home/ati/go/pkg/mod/fyne.io/fyne/v2@v2.7.1/internal/driver/glfw/window.go:900 +0x9b
fyne.io/fyne/v2/app.(*fyneApp).NewWindow(0xc00025c460?, {0x0?, 0x2?})
	/home/ati/go/pkg/mod/fyne.io/fyne/v2@v2.7.1/app/app.go:67 +0x22
main.main()
	/home/ati/projects/code/FrozenPea/main.go:123 +0x149
exit status 2
Got X11 context, window: 4194361
XGB: conn.go:47: Could not get authority info: open /home/ati/.Xauthority: no such file or directory
XGB: conn.go:48: Trying connection without authority info...
XGB: xgb.go:403: A read error is unrecoverable: EOF
XGB: xgb.go:403: A read error is unrecoverable: EOF
XGB: xgb.go:367: A write error is unrecoverable: write unix @->/tmp/.X11-unix/X1: write: broken pipe
panic: close of closed channel

goroutine 41 [running]:
github.com/BurntSushi/xgb.(*Conn).Close(...)
	/home/ati/go/pkg/mod/github.com/!burnt!sushi/xgb@v0.0.0-20210121224620-deaf085860bc/xgb.go:140
github.com/BurntSushi/xgb.(*Conn).readResponses(0xc00368e000)
	/home/ati/go/pkg/mod/github.com/!burnt!sushi/xgb@v0.0.0-20210121224620-deaf085860bc/xgb.go:405 +0x246
created by github.com/BurntSushi/xgb.postNewConn in goroutine 1
	/home/ati/go/pkg/mod/github.com/!burnt!sushi/xgb@v0.0.0-20210121224620-deaf085860bc/xgb.go:133 +0x2b6
exit status 2
ALSA lib confmisc.c:165:(snd_config_get_card) Cannot get card index for 0
ALSA lib confmisc.c:165:(snd_config_get_card) Cannot get card index for 0
ALSA lib confmisc.c:165:(snd_config_get_card) Cannot get card index for 0
ALSA lib pcm_oss.c:397:(_snd_pcm_oss_open) Cannot open device /dev/dsp
ALSA lib pulse.c:242:(pulse_connect) PulseAudio: Unable to connect: Connection refused

ALSA lib confmisc.c:165:(snd_config_get_card) Cannot get card index for 0
ALSA lib confmisc.c:165:(snd_config_get_card) Cannot get card index for 0
ALSA lib confmisc.c:165:(snd_config_get_card) Cannot get card index for 0
2026/04/05 10:02:24 PlatformError: X11: The DISPLAY environment variable is missing
panic: NotInitialized: The GLFW library is not initialized

goroutine 1 [running, locked to thread]:
github.com/go-gl/glfw/v3.3/glfw.acceptError({0x0, 0x0, 0xc0003c4060?})
	/home/ati/go/pkg/mod/github.com/go-gl/glfw/v3.3/glfw@v0.0.0-20240506104042-037f3cc74f2a/error.go:177 +0x16f
github.com/go-gl/glfw/v3.3/glfw.panicError(...)
	/home/ati/go/pkg/mod/github.com/go-gl/glfw/v3.3/glfw@v0.0.0-20240506104042-037f3cc74f2a/error.go:188
github.com/go-gl/glfw/v3.3/glfw.CreateStandardCursor(0xc00020bd20?)
	/home/ati/go/pkg/mod/github.com/go-gl/glfw/v3.3/glfw@v0.0.0-20240506104042-037f3cc74f2a/input.go:512 +0x3a
fyne.io/fyne/v2/internal/driver/glfw.initCursors()
	/home/ati/go/pkg/mod/fyne.io/fyne/v2@v2.7.1/internal/driver/glfw/window_desktop.go:56 +0x1c
fyne.io/fyne/v2/internal/driver/glfw.(*gLDriver).initGLFW(0x0?)
	/home/ati/go/pkg/mod/fyne.io/fyne/v2@v2.7.1/internal/driver/glfw/loop_desktop.go:18 +0x3a
fyne.io/fyne/v2/internal/driver/glfw.(*gLDriver).init(...)
	/home/ati/go/pkg/mod/fyne.io/fyne/v2@v2.7.1/internal/driver/glfw/driver.go:45
fyne.io/fyne/v2/internal/driver/glfw.(*gLDriver).createWindow(0xc000488000, {0x0?, 0x6e5aec?}, 0x1)
	/home/ati/go/pkg/mod/fyne.io/fyne/v2@v2.7.1/internal/driver/glfw/window.go:940 +0x55
fyne.io/fyne/v2/internal/driver/glfw.(*gLDriver).CreateWindow.func1()
	/home/ati/go/pkg/mod/fyne.io/fyne/v2@v2.7.1/internal/driver/glfw/window.go:901 +0x2d
fyne.io/fyne/v2/internal/async.EnsureMain(0xc0003b0d80)
	/home/ati/go/pkg/mod/fyne.io/fyne/v2@v2.7.1/internal/async/goroutine.go:46 +0x3f
fyne.io/fyne/v2/internal/driver/glfw.(*gLDriver).CreateWindow(0xc000488000, {0x0, 0x0})
	/home/ati/go/pkg/mod/fyne.io/fyne/v2@v2.7.1/internal/driver/glfw/window.go:900 +0x9b
fyne.io/fyne/v2/app.(*fyneApp).NewWindow(0xc00048a150?, {0x0?, 0x2?})
	/home/ati/go/pkg/mod/fyne.io/fyne/v2@v2.7.1/app/app.go:67 +0x22
main.main()
	/home/ati/projects/code/FrozenPea/main.go:123 +0x149
exit status 2
Got X11 context, window: 4194364
XGB: conn.go:47: Could not get authority info: open /home/ati/.Xauthority: no such file or directory
XGB: conn.go:48: Trying connection without authority info...
XGB: xgb.go:403: A read error is unrecoverable: EOF
XGB: xgb.go:403: A read error is unrecoverable: EOF
XGB: xgb.go:367: A write error is unrecoverable: write unix @->/tmp/.X11-unix/X1: write: broken pipe
panic: close of closed channel

goroutine 16 [running]:
github.com/BurntSushi/xgb.(*Conn).Close(...)
	/home/ati/go/pkg/mod/github.com/!burnt!sushi/xgb@v0.0.0-20210121224620-deaf085860bc/xgb.go:140
github.com/BurntSushi/xgb.(*Conn).readResponses(0xc000e3fa20)
	/home/ati/go/pkg/mod/github.com/!burnt!sushi/xgb@v0.0.0-20210121224620-deaf085860bc/xgb.go:405 +0x246
created by github.com/BurntSushi/xgb.postNewConn in goroutine 1
	/home/ati/go/pkg/mod/github.com/!burnt!sushi/xgb@v0.0.0-20210121224620-deaf085860bc/xgb.go:133 +0x2b6
exit status 2
ALSA lib confmisc.c:165:(snd_config_get_card) Cannot get card index for 0
ALSA lib confmisc.c:165:(snd_config_get_card) Cannot get card index for 0
ALSA lib confmisc.c:165:(snd_config_get_card) Cannot get card index for 0
ALSA lib pcm_oss.c:397:(_snd_pcm_oss_open) Cannot open device /dev/dsp
ALSA lib pulse.c:242:(pulse_connect) PulseAudio: Unable to connect: Connection refused

ALSA lib confmisc.c:165:(snd_config_get_card) Cannot get card index for 0
ALSA lib confmisc.c:165:(snd_config_get_card) Cannot get card index for 0
ALSA lib confmisc.c:165:(snd_config_get_card) Cannot get card index for 0
2026/04/06 11:04:39 PlatformError: X11: The DISPLAY environment variable is missing
panic: NotInitialized: The GLFW library is not initialized

goroutine 1 [running, locked to thread]:
github.com/go-gl/glfw/v3.3/glfw.acceptError({0x0, 0x0, 0xc000120180?})
	/home/ati/go/pkg/mod/github.com/go-gl/glfw/v3.3/glfw@v0.0.0-20240506104042-037f3cc74f2a/error.go:177 +0x16f
github.com/go-gl/glfw/v3.3/glfw.panicError(...)
	/home/ati/go/pkg/mod/github.com/go-gl/glfw/v3.3/glfw@v0.0.0-20240506104042-037f3cc74f2a/error.go:188
github.com/go-gl/glfw/v3.3/glfw.CreateStandardCursor(0xc000245d20?)
	/home/ati/go/pkg/mod/github.com/go-gl/glfw/v3.3/glfw@v0.0.0-20240506104042-037f3cc74f2a/input.go:512 +0x3a
fyne.io/fyne/v2/internal/driver/glfw.initCursors()
	/home/ati/go/pkg/mod/fyne.io/fyne/v2@v2.7.1/internal/driver/glfw/window_desktop.go:56 +0x1c
fyne.io/fyne/v2/internal/driver/glfw.(*gLDriver).initGLFW(0x0?)
	/home/ati/go/pkg/mod/fyne.io/fyne/v2@v2.7.1/internal/driver/glfw/loop_desktop.go:18 +0x3a
fyne.io/fyne/v2/internal/driver/glfw.(*gLDriver).init(...)
	/home/ati/go/pkg/mod/fyne.io/fyne/v2@v2.7.1/internal/driver/glfw/driver.go:45
fyne.io/fyne/v2/internal/driver/glfw.(*gLDriver).createWindow(0xc000404580, {0x0?, 0x6e5aec?}, 0x1)
	/home/ati/go/pkg/mod/fyne.io/fyne/v2@v2.7.1/internal/driver/glfw/window.go:940 +0x55
fyne.io/fyne/v2/internal/driver/glfw.(*gLDriver).CreateWindow.func1()
	/home/ati/go/pkg/mod/fyne.io/fyne/v2@v2.7.1/internal/driver/glfw/window.go:901 +0x2d
fyne.io/fyne/v2/internal/async.EnsureMain(0xc00011ef30)
	/home/ati/go/pkg/mod/fyne.io/fyne/v2@v2.7.1/internal/async/goroutine.go:46 +0x3f
fyne.io/fyne/v2/internal/driver/glfw.(*gLDriver).CreateWindow(0xc000404580, {0x0, 0x0})
	/home/ati/go/pkg/mod/fyne.io/fyne/v2@v2.7.1/internal/driver/glfw/window.go:900 +0x9b
fyne.io/fyne/v2/app.(*fyneApp).NewWindow(0xc000418230?, {0x0?, 0x2?})
	/home/ati/go/pkg/mod/fyne.io/fyne/v2@v2.7.1/app/app.go:67 +0x22
main.main()
	/home/ati/projects/code/FrozenPea/main.go:123 +0x149
exit status 2
ALSA lib confmisc.c:165:(snd_config_get_card) Cannot get card index for 0
ALSA lib confmisc.c:165:(snd_config_get_card) Cannot get card index for 0
ALSA lib confmisc.c:165:(snd_config_get_card) Cannot get card index for 0
ALSA lib pcm_oss.c:397:(_snd_pcm_oss_open) Cannot open device /dev/dsp
ALSA lib pulse.c:242:(pulse_connect) PulseAudio: Unable to connect: Connection refused

ALSA lib confmisc.c:165:(snd_config_get_card) Cannot get card index for 0
ALSA lib confmisc.c:165:(snd_config_get_card) Cannot get card index for 0
ALSA lib confmisc.c:165:(snd_config_get_card) Cannot get card index for 0
2026/04/07 23:02:28 PlatformError: X11: The DISPLAY environment variable is missing
panic: NotInitialized: The GLFW library is not initialized

goroutine 1 [running, locked to thread]:
github.com/go-gl/glfw/v3.3/glfw.acceptError({0x0, 0x0, 0xc000492018?})
	/home/ati/go/pkg/mod/github.com/go-gl/glfw/v3.3/glfw@v0.0.0-20240506104042-037f3cc74f2a/error.go:177 +0x16f
github.com/go-gl/glfw/v3.3/glfw.panicError(...)
	/home/ati/go/pkg/mod/github.com/go-gl/glfw/v3.3/glfw@v0.0.0-20240506104042-037f3cc74f2a/error.go:188
github.com/go-gl/glfw/v3.3/glfw.CreateStandardCursor(0xc000267d20?)
	/home/ati/go/pkg/mod/github.com/go-gl/glfw/v3.3/glfw@v0.0.0-20240506104042-037f3cc74f2a/input.go:512 +0x3a
fyne.io/fyne/v2/internal/driver/glfw.initCursors()
	/home/ati/go/pkg/mod/fyne.io/fyne/v2@v2.7.1/internal/driver/glfw/window_desktop.go:56 +0x1c
fyne.io/fyne/v2/internal/driver/glfw.(*gLDriver).initGLFW(0x0?)
	/home/ati/go/pkg/mod/fyne.io/fyne/v2@v2.7.1/internal/driver/glfw/loop_desktop.go:18 +0x3a
fyne.io/fyne/v2/internal/driver/glfw.(*gLDriver).init(...)
	/home/ati/go/pkg/mod/fyne.io/fyne/v2@v2.7.1/internal/driver/glfw/driver.go:45
fyne.io/fyne/v2/internal/driver/glfw.(*gLDriver).createWindow(0xc0003b2630, {0x0?, 0x6e5aec?}, 0x1)
	/home/ati/go/pkg/mod/fyne.io/fyne/v2@v2.7.1/internal/driver/glfw/window.go:940 +0x55
fyne.io/fyne/v2/internal/driver/glfw.(*gLDriver).CreateWindow.func1()
	/home/ati/go/pkg/mod/fyne.io/fyne/v2@v2.7.1/internal/driver/glfw/window.go:901 +0x2d
fyne.io/fyne/v2/internal/async.EnsureMain(0xc000498000)
	/home/ati/go/pkg/mod/fyne.io/fyne/v2@v2.7.1/internal/async/goroutine.go:46 +0x3f
fyne.io/fyne/v2/internal/driver/glfw.(*gLDriver).CreateWindow(0xc0003b2630, {0x0, 0x0})
	/home/ati/go/pkg/mod/fyne.io/fyne/v2@v2.7.1/internal/driver/glfw/window.go:900 +0x9b
fyne.io/fyne/v2/app.(*fyneApp).NewWindow(0xc00019e310?, {0x0?, 0x2?})
	/home/ati/go/pkg/mod/fyne.io/fyne/v2@v2.7.1/app/app.go:67 +0x22
main.main()
	/home/ati/projects/code/FrozenPea/main.go:123 +0x149
exit status 2
ALSA lib confmisc.c:165:(snd_config_get_card) Cannot get card index for 0
ALSA lib confmisc.c:165:(snd_config_get_card) Cannot get card index for 0
ALSA lib confmisc.c:165:(snd_config_get_card) Cannot get card index for 0
ALSA lib pcm_oss.c:397:(_snd_pcm_oss_open) Cannot open device /dev/dsp
ALSA lib pulse.c:242:(pulse_connect) PulseAudio: Unable to connect: Connection refused

ALSA lib confmisc.c:165:(snd_config_get_card) Cannot get card index for 0
ALSA lib confmisc.c:165:(snd_config_get_card) Cannot get card index for 0
ALSA lib confmisc.c:165:(snd_config_get_card) Cannot get card index for 0
2026/04/08 19:51:10 PlatformError: X11: The DISPLAY environment variable is missing
panic: NotInitialized: The GLFW library is not initialized

goroutine 1 [running, locked to thread]:
github.com/go-gl/glfw/v3.3/glfw.acceptError({0x0, 0x0, 0xc000286570?})
	/home/ati/go/pkg/mod/github.com/go-gl/glfw/v3.3/glfw@v0.0.0-20240506104042-037f3cc74f2a/error.go:177 +0x16f
github.com/go-gl/glfw/v3.3/glfw.panicError(...)
	/home/ati/go/pkg/mod/github.com/go-gl/glfw/v3.3/glfw@v0.0.0-20240506104042-037f3cc74f2a/error.go:188
github.com/go-gl/glfw/v3.3/glfw.CreateStandardCursor(0xc0002dfd20?)
	/home/ati/go/pkg/mod/github.com/go-gl/glfw/v3.3/glfw@v0.0.0-20240506104042-037f3cc74f2a/input.go:512 +0x3a
fyne.io/fyne/v2/internal/driver/glfw.initCursors()
	/home/ati/go/pkg/mod/fyne.io/fyne/v2@v2.7.1/internal/driver/glfw/window_desktop.go:56 +0x1c
fyne.io/fyne/v2/internal/driver/glfw.(*gLDriver).initGLFW(0x0?)
	/home/ati/go/pkg/mod/fyne.io/fyne/v2@v2.7.1/internal/driver/glfw/loop_desktop.go:18 +0x3a
fyne.io/fyne/v2/internal/driver/glfw.(*gLDriver).init(...)
	/home/ati/go/pkg/mod/fyne.io/fyne/v2@v2.7.1/internal/driver/glfw/driver.go:45
fyne.io/fyne/v2/internal/driver/glfw.(*gLDriver).createWindow(0xc000418630, {0x0?, 0x6e5aec?}, 0x1)
	/home/ati/go/pkg/mod/fyne.io/fyne/v2@v2.7.1/internal/driver/glfw/window.go:940 +0x55
fyne.io/fyne/v2/internal/driver/glfw.(*gLDriver).CreateWindow.func1()
	/home/ati/go/pkg/mod/fyne.io/fyne/v2@v2.7.1/internal/driver/glfw/window.go:901 +0x2d
fyne.io/fyne/v2/internal/async.EnsureMain(0xc000289770)
	/home/ati/go/pkg/mod/fyne.io/fyne/v2@v2.7.1/internal/async/goroutine.go:46 +0x3f
fyne.io/fyne/v2/internal/driver/glfw.(*gLDriver).CreateWindow(0xc000418630, {0x0, 0x0})
	/home/ati/go/pkg/mod/fyne.io/fyne/v2@v2.7.1/internal/driver/glfw/window.go:900 +0x9b
fyne.io/fyne/v2/app.(*fyneApp).NewWindow(0xc0002022a0?, {0x0?, 0x2?})
	/home/ati/go/pkg/mod/fyne.io/fyne/v2@v2.7.1/app/app.go:67 +0x22
main.main()
	/home/ati/projects/code/FrozenPea/main.go:123 +0x149
exit status 2
ALSA lib confmisc.c:165:(snd_config_get_card) Cannot get card index for 0
ALSA lib confmisc.c:165:(snd_config_get_card) Cannot get card index for 0
ALSA lib confmisc.c:165:(snd_config_get_card) Cannot get card index for 0
ALSA lib pcm_oss.c:397:(_snd_pcm_oss_open) Cannot open device /dev/dsp
ALSA lib pulse.c:242:(pulse_connect) PulseAudio: Unable to connect: Connection refused

ALSA lib confmisc.c:165:(snd_config_get_card) Cannot get card index for 0
ALSA lib confmisc.c:165:(snd_config_get_card) Cannot get card index for 0
ALSA lib confmisc.c:165:(snd_config_get_card) Cannot get card index for 0
2026/04/09 20:31:08 PlatformError: X11: The DISPLAY environment variable is missing
panic: NotInitialized: The GLFW library is not initialized

goroutine 1 [running, locked to thread]:
github.com/go-gl/glfw/v3.3/glfw.acceptError({0x0, 0x0, 0xc000214660?})
	/home/ati/go/pkg/mod/github.com/go-gl/glfw/v3.3/glfw@v0.0.0-20240506104042-037f3cc74f2a/error.go:177 +0x16f
github.com/go-gl/glfw/v3.3/glfw.panicError(...)
	/home/ati/go/pkg/mod/github.com/go-gl/glfw/v3.3/glfw@v0.0.0-20240506104042-037f3cc74f2a/error.go:188
github.com/go-gl/glfw/v3.3/glfw.CreateStandardCursor(0xc0002a1d20?)
	/home/ati/go/pkg/mod/github.com/go-gl/glfw/v3.3/glfw@v0.0.0-20240506104042-037f3cc74f2a/input.go:512 +0x3a
fyne.io/fyne/v2/internal/driver/glfw.initCursors()
	/home/ati/go/pkg/mod/fyne.io/fyne/v2@v2.7.1/internal/driver/glfw/window_desktop.go:56 +0x1c
fyne.io/fyne/v2/internal/driver/glfw.(*gLDriver).initGLFW(0x0?)
	/home/ati/go/pkg/mod/fyne.io/fyne/v2@v2.7.1/internal/driver/glfw/loop_desktop.go:18 +0x3a
fyne.io/fyne/v2/internal/driver/glfw.(*gLDriver).init(...)
	/home/ati/go/pkg/mod/fyne.io/fyne/v2@v2.7.1/internal/driver/glfw/driver.go:45
fyne.io/fyne/v2/internal/driver/glfw.(*gLDriver).createWindow(0xc0000d8210, {0x0?, 0x6e5aec?}, 0x1)
	/home/ati/go/pkg/mod/fyne.io/fyne/v2@v2.7.1/internal/driver/glfw/window.go:940 +0x55
fyne.io/fyne/v2/internal/driver/glfw.(*gLDriver).CreateWindow.func1()
	/home/ati/go/pkg/mod/fyne.io/fyne/v2@v2.7.1/internal/driver/glfw/window.go:901 +0x2d
fyne.io/fyne/v2/internal/async.EnsureMain(0xc0003d14a0)
	/home/ati/go/pkg/mod/fyne.io/fyne/v2@v2.7.1/internal/async/goroutine.go:46 +0x3f
fyne.io/fyne/v2/internal/driver/glfw.(*gLDriver).CreateWindow(0xc0000d8210, {0x0, 0x0})
	/home/ati/go/pkg/mod/fyne.io/fyne/v2@v2.7.1/internal/driver/glfw/window.go:900 +0x9b
fyne.io/fyne/v2/app.(*fyneApp).NewWindow(0xc0001a6230?, {0x0?, 0x2?})
	/home/ati/go/pkg/mod/fyne.io/fyne/v2@v2.7.1/app/app.go:67 +0x22
main.main()
	/home/ati/projects/code/FrozenPea/main.go:123 +0x149
exit status 2
ALSA lib confmisc.c:165:(snd_config_get_card) Cannot get card index for 0
ALSA lib confmisc.c:165:(snd_config_get_card) Cannot get card index for 0
ALSA lib confmisc.c:165:(snd_config_get_card) Cannot get card index for 0
ALSA lib pcm_oss.c:397:(_snd_pcm_oss_open) Cannot open device /dev/dsp
ALSA lib pulse.c:242:(pulse_connect) PulseAudio: Unable to connect: Connection refused

ALSA lib confmisc.c:165:(snd_config_get_card) Cannot get card index for 0
ALSA lib confmisc.c:165:(snd_config_get_card) Cannot get card index for 0
ALSA lib confmisc.c:165:(snd_config_get_card) Cannot get card index for 0
2026/04/10 19:37:02 PlatformError: X11: The DISPLAY environment variable is missing
panic: NotInitialized: The GLFW library is not initialized

goroutine 1 [running, locked to thread]:
github.com/go-gl/glfw/v3.3/glfw.acceptError({0x0, 0x0, 0xc0000121b0?})
	/home/ati/go/pkg/mod/github.com/go-gl/glfw/v3.3/glfw@v0.0.0-20240506104042-037f3cc74f2a/error.go:177 +0x16f
github.com/go-gl/glfw/v3.3/glfw.panicError(...)
	/home/ati/go/pkg/mod/github.com/go-gl/glfw/v3.3/glfw@v0.0.0-20240506104042-037f3cc74f2a/error.go:188
github.com/go-gl/glfw/v3.3/glfw.CreateStandardCursor(0xc00011bd20?)
	/home/ati/go/pkg/mod/github.com/go-gl/glfw/v3.3/glfw@v0.0.0-20240506104042-037f3cc74f2a/input.go:512 +0x3a
fyne.io/fyne/v2/internal/driver/glfw.initCursors()
	/home/ati/go/pkg/mod/fyne.io/fyne/v2@v2.7.1/internal/driver/glfw/window_desktop.go:56 +0x1c
fyne.io/fyne/v2/internal/driver/glfw.(*gLDriver).initGLFW(0x0?)
	/home/ati/go/pkg/mod/fyne.io/fyne/v2@v2.7.1/internal/driver/glfw/loop_desktop.go:18 +0x3a
fyne.io/fyne/v2/internal/driver/glfw.(*gLDriver).init(...)
	/home/ati/go/pkg/mod/fyne.io/fyne/v2@v2.7.1/internal/driver/glfw/driver.go:45
fyne.io/fyne/v2/internal/driver/glfw.(*gLDriver).createWindow(0xc0000f6210, {0x0?, 0x6e5aec?}, 0x1)
	/home/ati/go/pkg/mod/fyne.io/fyne/v2@v2.7.1/internal/driver/glfw/window.go:940 +0x55
fyne.io/fyne/v2/internal/driver/glfw.(*gLDriver).CreateWindow.func1()
	/home/ati/go/pkg/mod/fyne.io/fyne/v2@v2.7.1/internal/driver/glfw/window.go:901 +0x2d
fyne.io/fyne/v2/internal/async.EnsureMain(0xc0000c53b0)
	/home/ati/go/pkg/mod/fyne.io/fyne/v2@v2.7.1/internal/async/goroutine.go:46 +0x3f
fyne.io/fyne/v2/internal/driver/glfw.(*gLDriver).CreateWindow(0xc0000f6210, {0x0, 0x0})
	/home/ati/go/pkg/mod/fyne.io/fyne/v2@v2.7.1/internal/driver/glfw/window.go:900 +0x9b
fyne.io/fyne/v2/app.(*fyneApp).NewWindow(0xc00020bab0?, {0x0?, 0x2?})
	/home/ati/go/pkg/mod/fyne.io/fyne/v2@v2.7.1/app/app.go:67 +0x22
main.main()
	/home/ati/projects/code/FrozenPea/main.go:123 +0x149
exit status 2
ALSA lib confmisc.c:165:(snd_config_get_card) Cannot get card index for 0
ALSA lib confmisc.c:165:(snd_config_get_card) Cannot get card index for 0
ALSA lib confmisc.c:165:(snd_config_get_card) Cannot get card index for 0
ALSA lib pcm_oss.c:397:(_snd_pcm_oss_open) Cannot open device /dev/dsp
ALSA lib pulse.c:242:(pulse_connect) PulseAudio: Unable to connect: Connection refused

ALSA lib confmisc.c:165:(snd_config_get_card) Cannot get card index for 0
ALSA lib confmisc.c:165:(snd_config_get_card) Cannot get card index for 0
ALSA lib confmisc.c:165:(snd_config_get_card) Cannot get card index for 0
2026/04/11 08:26:03 PlatformError: X11: The DISPLAY environment variable is missing
panic: NotInitialized: The GLFW library is not initialized

goroutine 1 [running, locked to thread]:
github.com/go-gl/glfw/v3.3/glfw.acceptError({0x0, 0x0, 0xc00021e618?})
	/home/ati/go/pkg/mod/github.com/go-gl/glfw/v3.3/glfw@v0.0.0-20240506104042-037f3cc74f2a/error.go:177 +0x16f
github.com/go-gl/glfw/v3.3/glfw.panicError(...)
	/home/ati/go/pkg/mod/github.com/go-gl/glfw/v3.3/glfw@v0.0.0-20240506104042-037f3cc74f2a/error.go:188
github.com/go-gl/glfw/v3.3/glfw.CreateStandardCursor(0xc000267d20?)
	/home/ati/go/pkg/mod/github.com/go-gl/glfw/v3.3/glfw@v0.0.0-20240506104042-037f3cc74f2a/input.go:512 +0x3a
fyne.io/fyne/v2/internal/driver/glfw.initCursors()
	/home/ati/go/pkg/mod/fyne.io/fyne/v2@v2.7.1/internal/driver/glfw/window_desktop.go:56 +0x1c
fyne.io/fyne/v2/internal/driver/glfw.(*gLDriver).initGLFW(0x0?)
	/home/ati/go/pkg/mod/fyne.io/fyne/v2@v2.7.1/internal/driver/glfw/loop_desktop.go:18 +0x3a
fyne.io/fyne/v2/internal/driver/glfw.(*gLDriver).init(...)
	/home/ati/go/pkg/mod/fyne.io/fyne/v2@v2.7.1/internal/driver/glfw/driver.go:45
fyne.io/fyne/v2/internal/driver/glfw.(*gLDriver).createWindow(0xc0003b4630, {0x0?, 0x6e5aec?}, 0x1)
	/home/ati/go/pkg/mod/fyne.io/fyne/v2@v2.7.1/internal/driver/glfw/window.go:940 +0x55
fyne.io/fyne/v2/internal/driver/glfw.(*gLDriver).CreateWindow.func1()
	/home/ati/go/pkg/mod/fyne.io/fyne/v2@v2.7.1/internal/driver/glfw/window.go:901 +0x2d
fyne.io/fyne/v2/internal/async.EnsureMain(0xc0003aba10)
	/home/ati/go/pkg/mod/fyne.io/fyne/v2@v2.7.1/internal/async/goroutine.go:46 +0x3f
fyne.io/fyne/v2/internal/driver/glfw.(*gLDriver).CreateWindow(0xc0003b4630, {0x0, 0x0})
	/home/ati/go/pkg/mod/fyne.io/fyne/v2@v2.7.1/internal/driver/glfw/window.go:900 +0x9b
fyne.io/fyne/v2/app.(*fyneApp).NewWindow(0xc0002a6460?, {0x0?, 0x2?})
	/home/ati/go/pkg/mod/fyne.io/fyne/v2@v2.7.1/app/app.go:67 +0x22
main.main()
	/home/ati/projects/code/FrozenPea/main.go:123 +0x149
exit status 2
Got X11 context, window: 4194361
XGB: conn.go:47: Could not get authority info: open /home/ati/.Xauthority: no such file or directory
XGB: conn.go:48: Trying connection without authority info...
Got X11 context, window: 4194384
XGB: conn.go:47: Could not get authority info: open /home/ati/.Xauthority: no such file or directory
XGB: conn.go:48: Trying connection without authority info...
Got X11 context, window: 4194407
XGB: conn.go:47: Could not get authority info: open /home/ati/.Xauthority: no such file or directory
XGB: conn.go:48: Trying connection without authority info...
X connection to :1 broken (explicit kill or server shutdown).
XGB: xgb.go:403: A read error is unrecoverable: EOF
XGB: xgb.go:403: A read error is unrecoverable: EOF
XGB: xgb.go:403: A read error is unrecoverable: EOF
panic: close of closed channel

goroutine 25 [running]:
github.com/BurntSushi/xgb.(*Conn).Close(...)
	/home/ati/go/pkg/mod/github.com/!burnt!sushi/xgb@v0.0.0-20210121224620-deaf085860bc/xgb.go:140
github.com/BurntSushi/xgb.(*Conn).readResponses(0xc001a9e160)
	/home/ati/go/pkg/mod/github.com/!burnt!sushi/xgb@v0.0.0-20210121224620-deaf085860bc/xgb.go:405 +0x246
created by github.com/BurntSushi/xgb.postNewConn in goroutine 1
	/home/ati/go/pkg/mod/github.com/!burnt!sushi/xgb@v0.0.0-20210121224620-deaf085860bc/xgb.go:133 +0x2b6
exit status 2
ALSA lib confmisc.c:165:(snd_config_get_card) Cannot get card index for 0
ALSA lib confmisc.c:165:(snd_config_get_card) Cannot get card index for 0
ALSA lib confmisc.c:165:(snd_config_get_card) Cannot get card index for 0
ALSA lib pcm_oss.c:397:(_snd_pcm_oss_open) Cannot open device /dev/dsp
ALSA lib pulse.c:242:(pulse_connect) PulseAudio: Unable to connect: Connection refused

ALSA lib confmisc.c:165:(snd_config_get_card) Cannot get card index for 0
ALSA lib confmisc.c:165:(snd_config_get_card) Cannot get card index for 0
ALSA lib confmisc.c:165:(snd_config_get_card) Cannot get card index for 0
2026/04/12 13:44:23 PlatformError: X11: The DISPLAY environment variable is missing
panic: NotInitialized: The GLFW library is not initialized

goroutine 1 [running, locked to thread]:
github.com/go-gl/glfw/v3.3/glfw.acceptError({0x0, 0x0, 0xc000142018?})
	/home/ati/go/pkg/mod/github.com/go-gl/glfw/v3.3/glfw@v0.0.0-20240506104042-037f3cc74f2a/error.go:177 +0x16f
github.com/go-gl/glfw/v3.3/glfw.panicError(...)
	/home/ati/go/pkg/mod/github.com/go-gl/glfw/v3.3/glfw@v0.0.0-20240506104042-037f3cc74f2a/error.go:188
github.com/go-gl/glfw/v3.3/glfw.CreateStandardCursor(0xc000287d20?)
	/home/ati/go/pkg/mod/github.com/go-gl/glfw/v3.3/glfw@v0.0.0-20240506104042-037f3cc74f2a/input.go:512 +0x3a
fyne.io/fyne/v2/internal/driver/glfw.initCursors()
	/home/ati/go/pkg/mod/fyne.io/fyne/v2@v2.7.1/internal/driver/glfw/window_desktop.go:56 +0x1c
fyne.io/fyne/v2/internal/driver/glfw.(*gLDriver).initGLFW(0x0?)
	/home/ati/go/pkg/mod/fyne.io/fyne/v2@v2.7.1/internal/driver/glfw/loop_desktop.go:18 +0x3a
fyne.io/fyne/v2/internal/driver/glfw.(*gLDriver).init(...)
	/home/ati/go/pkg/mod/fyne.io/fyne/v2@v2.7.1/internal/driver/glfw/driver.go:45
fyne.io/fyne/v2/internal/driver/glfw.(*gLDriver).createWindow(0xc0003d8840, {0x0?, 0x6e5aec?}, 0x1)
	/home/ati/go/pkg/mod/fyne.io/fyne/v2@v2.7.1/internal/driver/glfw/window.go:940 +0x55
fyne.io/fyne/v2/internal/driver/glfw.(*gLDriver).CreateWindow.func1()
	/home/ati/go/pkg/mod/fyne.io/fyne/v2@v2.7.1/internal/driver/glfw/window.go:901 +0x2d
fyne.io/fyne/v2/internal/async.EnsureMain(0xc000134030)
	/home/ati/go/pkg/mod/fyne.io/fyne/v2@v2.7.1/internal/async/goroutine.go:46 +0x3f
fyne.io/fyne/v2/internal/driver/glfw.(*gLDriver).CreateWindow(0xc0003d8840, {0x0, 0x0})
	/home/ati/go/pkg/mod/fyne.io/fyne/v2@v2.7.1/internal/driver/glfw/window.go:900 +0x9b
fyne.io/fyne/v2/app.(*fyneApp).NewWindow(0xc0001eeb60?, {0x0?, 0x2?})
	/home/ati/go/pkg/mod/fyne.io/fyne/v2@v2.7.1/app/app.go:67 +0x22
main.main()
	/home/ati/projects/code/FrozenPea/main.go:123 +0x149
exit status 2
Got X11 context, window: 4194361
XGB: conn.go:47: Could not get authority info: open /home/ati/.Xauthority: no such file or directory
XGB: conn.go:48: Trying connection without authority info...
XGB: xgb.go:403: A read error is unrecoverable: EOF
XGB: xgb.go:403: A read error is unrecoverable: EOF
X connection to :1 broken (explicit kill or server shutdown).
panic: close of closed channel

goroutine 55 [running]:
github.com/BurntSushi/xgb.(*Conn).Close(...)
	/home/ati/go/pkg/mod/github.com/!burnt!sushi/xgb@v0.0.0-20210121224620-deaf085860bc/xgb.go:140
github.com/BurntSushi/xgb.(*Conn).readResponses(0xc0001462c0)
	/home/ati/go/pkg/mod/github.com/!burnt!sushi/xgb@v0.0.0-20210121224620-deaf085860bc/xgb.go:405 +0x246
created by github.com/BurntSushi/xgb.postNewConn in goroutine 1
	/home/ati/go/pkg/mod/github.com/!burnt!sushi/xgb@v0.0.0-20210121224620-deaf085860bc/xgb.go:133 +0x2b6
exit status 2
ALSA lib confmisc.c:165:(snd_config_get_card) Cannot get card index for 0
ALSA lib confmisc.c:165:(snd_config_get_card) Cannot get card index for 0
ALSA lib confmisc.c:165:(snd_config_get_card) Cannot get card index for 0
ALSA lib pcm_oss.c:397:(_snd_pcm_oss_open) Cannot open device /dev/dsp
ALSA lib pulse.c:242:(pulse_connect) PulseAudio: Unable to connect: Connection refused

ALSA lib confmisc.c:165:(snd_config_get_card) Cannot get card index for 0
ALSA lib confmisc.c:165:(snd_config_get_card) Cannot get card index for 0
ALSA lib confmisc.c:165:(snd_config_get_card) Cannot get card index for 0
2026/04/13 22:32:59 PlatformError: X11: The DISPLAY environment variable is missing
panic: NotInitialized: The GLFW library is not initialized

goroutine 1 [running, locked to thread]:
github.com/go-gl/glfw/v3.3/glfw.acceptError({0x0, 0x0, 0xc0001a0720?})
	/home/ati/go/pkg/mod/github.com/go-gl/glfw/v3.3/glfw@v0.0.0-20240506104042-037f3cc74f2a/error.go:177 +0x16f
github.com/go-gl/glfw/v3.3/glfw.panicError(...)
	/home/ati/go/pkg/mod/github.com/go-gl/glfw/v3.3/glfw@v0.0.0-20240506104042-037f3cc74f2a/error.go:188
github.com/go-gl/glfw/v3.3/glfw.CreateStandardCursor(0xc00027fd20?)
	/home/ati/go/pkg/mod/github.com/go-gl/glfw/v3.3/glfw@v0.0.0-20240506104042-037f3cc74f2a/input.go:512 +0x3a
fyne.io/fyne/v2/internal/driver/glfw.initCursors()
	/home/ati/go/pkg/mod/fyne.io/fyne/v2@v2.7.1/internal/driver/glfw/window_desktop.go:56 +0x1c
fyne.io/fyne/v2/internal/driver/glfw.(*gLDriver).initGLFW(0x0?)
	/home/ati/go/pkg/mod/fyne.io/fyne/v2@v2.7.1/internal/driver/glfw/loop_desktop.go:18 +0x3a
fyne.io/fyne/v2/internal/driver/glfw.(*gLDriver).init(...)
	/home/ati/go/pkg/mod/fyne.io/fyne/v2@v2.7.1/internal/driver/glfw/driver.go:45
fyne.io/fyne/v2/internal/driver/glfw.(*gLDriver).createWindow(0xc000132000, {0x0?, 0x6e5aec?}, 0x1)
	/home/ati/go/pkg/mod/fyne.io/fyne/v2@v2.7.1/internal/driver/glfw/window.go:940 +0x55
fyne.io/fyne/v2/internal/driver/glfw.(*gLDriver).CreateWindow.func1()
	/home/ati/go/pkg/mod/fyne.io/fyne/v2@v2.7.1/internal/driver/glfw/window.go:901 +0x2d
fyne.io/fyne/v2/internal/async.EnsureMain(0xc0003d2270)
	/home/ati/go/pkg/mod/fyne.io/fyne/v2@v2.7.1/internal/async/goroutine.go:46 +0x3f
fyne.io/fyne/v2/internal/driver/glfw.(*gLDriver).CreateWindow(0xc000132000, {0x0, 0x0})
	/home/ati/go/pkg/mod/fyne.io/fyne/v2@v2.7.1/internal/driver/glfw/window.go:900 +0x9b
fyne.io/fyne/v2/app.(*fyneApp).NewWindow(0xc000138150?, {0x0?, 0x2?})
	/home/ati/go/pkg/mod/fyne.io/fyne/v2@v2.7.1/app/app.go:67 +0x22
main.main()
	/home/ati/projects/code/FrozenPea/main.go:123 +0x149
exit status 2
X connection to :1 broken (explicit kill or server shutdown).
exit status 1
ALSA lib confmisc.c:165:(snd_config_get_card) Cannot get card index for 0
ALSA lib confmisc.c:165:(snd_config_get_card) Cannot get card index for 0
ALSA lib confmisc.c:165:(snd_config_get_card) Cannot get card index for 0
ALSA lib pcm_oss.c:397:(_snd_pcm_oss_open) Cannot open device /dev/dsp
ALSA lib pulse.c:242:(pulse_connect) PulseAudio: Unable to connect: Connection refused

ALSA lib confmisc.c:165:(snd_config_get_card) Cannot get card index for 0
ALSA lib confmisc.c:165:(snd_config_get_card) Cannot get card index for 0
ALSA lib confmisc.c:165:(snd_config_get_card) Cannot get card index for 0
2026/04/14 19:37:07 PlatformError: X11: The DISPLAY environment variable is missing
panic: NotInitialized: The GLFW library is not initialized

goroutine 1 [running, locked to thread]:
github.com/go-gl/glfw/v3.3/glfw.acceptError({0x0, 0x0, 0xc0001e80c0?})
	/home/ati/go/pkg/mod/github.com/go-gl/glfw/v3.3/glfw@v0.0.0-20240506104042-037f3cc74f2a/error.go:177 +0x16f
github.com/go-gl/glfw/v3.3/glfw.panicError(...)
	/home/ati/go/pkg/mod/github.com/go-gl/glfw/v3.3/glfw@v0.0.0-20240506104042-037f3cc74f2a/error.go:188
github.com/go-gl/glfw/v3.3/glfw.CreateStandardCursor(0xc000217d20?)
	/home/ati/go/pkg/mod/github.com/go-gl/glfw/v3.3/glfw@v0.0.0-20240506104042-037f3cc74f2a/input.go:512 +0x3a
fyne.io/fyne/v2/internal/driver/glfw.initCursors()
	/home/ati/go/pkg/mod/fyne.io/fyne/v2@v2.7.1/internal/driver/glfw/window_desktop.go:56 +0x1c
fyne.io/fyne/v2/internal/driver/glfw.(*gLDriver).initGLFW(0x0?)
	/home/ati/go/pkg/mod/fyne.io/fyne/v2@v2.7.1/internal/driver/glfw/loop_desktop.go:18 +0x3a
fyne.io/fyne/v2/internal/driver/glfw.(*gLDriver).init(...)
	/home/ati/go/pkg/mod/fyne.io/fyne/v2@v2.7.1/internal/driver/glfw/driver.go:45
fyne.io/fyne/v2/internal/driver/glfw.(*gLDriver).createWindow(0xc000356630, {0x0?, 0x6e5aec?}, 0x1)
	/home/ati/go/pkg/mod/fyne.io/fyne/v2@v2.7.1/internal/driver/glfw/window.go:940 +0x55
fyne.io/fyne/v2/internal/driver/glfw.(*gLDriver).CreateWindow.func1()
	/home/ati/go/pkg/mod/fyne.io/fyne/v2@v2.7.1/internal/driver/glfw/window.go:901 +0x2d
fyne.io/fyne/v2/internal/async.EnsureMain(0xc0001827e0)
	/home/ati/go/pkg/mod/fyne.io/fyne/v2@v2.7.1/internal/async/goroutine.go:46 +0x3f
fyne.io/fyne/v2/internal/driver/glfw.(*gLDriver).CreateWindow(0xc000356630, {0x0, 0x0})
	/home/ati/go/pkg/mod/fyne.io/fyne/v2@v2.7.1/internal/driver/glfw/window.go:900 +0x9b
fyne.io/fyne/v2/app.(*fyneApp).NewWindow(0xc00024c460?, {0x0?, 0x2?})
	/home/ati/go/pkg/mod/fyne.io/fyne/v2@v2.7.1/app/app.go:67 +0x22
main.main()
	/home/ati/projects/code/FrozenPea/main.go:123 +0x149
exit status 2
ALSA lib confmisc.c:165:(snd_config_get_card) Cannot get card index for 0
ALSA lib confmisc.c:165:(snd_config_get_card) Cannot get card index for 0
ALSA lib confmisc.c:165:(snd_config_get_card) Cannot get card index for 0
ALSA lib pcm_oss.c:397:(_snd_pcm_oss_open) Cannot open device /dev/dsp
ALSA lib pulse.c:242:(pulse_connect) PulseAudio: Unable to connect: Connection refused

ALSA lib confmisc.c:165:(snd_config_get_card) Cannot get card index for 0
ALSA lib confmisc.c:165:(snd_config_get_card) Cannot get card index for 0
ALSA lib confmisc.c:165:(snd_config_get_card) Cannot get card index for 0
2026/04/15 19:47:14 PlatformError: X11: The DISPLAY environment variable is missing
panic: NotInitialized: The GLFW library is not initialized

goroutine 1 [running, locked to thread]:
github.com/go-gl/glfw/v3.3/glfw.acceptError({0x0, 0x0, 0xc00023a060?})
	/home/ati/go/pkg/mod/github.com/go-gl/glfw/v3.3/glfw@v0.0.0-20240506104042-037f3cc74f2a/error.go:177 +0x16f
github.com/go-gl/glfw/v3.3/glfw.panicError(...)
	/home/ati/go/pkg/mod/github.com/go-gl/glfw/v3.3/glfw@v0.0.0-20240506104042-037f3cc74f2a/error.go:188
github.com/go-gl/glfw/v3.3/glfw.CreateStandardCursor(0xc00027fd20?)
	/home/ati/go/pkg/mod/github.com/go-gl/glfw/v3.3/glfw@v0.0.0-20240506104042-037f3cc74f2a/input.go:512 +0x3a
fyne.io/fyne/v2/internal/driver/glfw.initCursors()
	/home/ati/go/pkg/mod/fyne.io/fyne/v2@v2.7.1/internal/driver/glfw/window_desktop.go:56 +0x1c
fyne.io/fyne/v2/internal/driver/glfw.(*gLDriver).initGLFW(0x0?)
	/home/ati/go/pkg/mod/fyne.io/fyne/v2@v2.7.1/internal/driver/glfw/loop_desktop.go:18 +0x3a
fyne.io/fyne/v2/internal/driver/glfw.(*gLDriver).init(...)
	/home/ati/go/pkg/mod/fyne.io/fyne/v2@v2.7.1/internal/driver/glfw/driver.go:45
fyne.io/fyne/v2/internal/driver/glfw.(*gLDriver).createWindow(0xc0003d4630, {0x0?, 0x6e5aec?}, 0x1)
	/home/ati/go/pkg/mod/fyne.io/fyne/v2@v2.7.1/internal/driver/glfw/window.go:940 +0x55
fyne.io/fyne/v2/internal/driver/glfw.(*gLDriver).CreateWindow.func1()
	/home/ati/go/pkg/mod/fyne.io/fyne/v2@v2.7.1/internal/driver/glfw/window.go:901 +0x2d
fyne.io/fyne/v2/internal/async.EnsureMain(0xc0002008d0)
	/home/ati/go/pkg/mod/fyne.io/fyne/v2@v2.7.1/internal/async/goroutine.go:46 +0x3f
fyne.io/fyne/v2/internal/driver/glfw.(*gLDriver).CreateWindow(0xc0003d4630, {0x0, 0x0})
	/home/ati/go/pkg/mod/fyne.io/fyne/v2@v2.7.1/internal/driver/glfw/window.go:900 +0x9b
fyne.io/fyne/v2/app.(*fyneApp).NewWindow(0xc0001d8d20?, {0x0?, 0x2?})
	/home/ati/go/pkg/mod/fyne.io/fyne/v2@v2.7.1/app/app.go:67 +0x22
main.main()
	/home/ati/projects/code/FrozenPea/main.go:123 +0x149
exit status 2
ALSA lib confmisc.c:165:(snd_config_get_card) Cannot get card index for 0
ALSA lib confmisc.c:165:(snd_config_get_card) Cannot get card index for 0
ALSA lib confmisc.c:165:(snd_config_get_card) Cannot get card index for 0
ALSA lib pcm_oss.c:397:(_snd_pcm_oss_open) Cannot open device /dev/dsp
ALSA lib pulse.c:242:(pulse_connect) PulseAudio: Unable to connect: Connection refused

ALSA lib confmisc.c:165:(snd_config_get_card) Cannot get card index for 0
ALSA lib confmisc.c:165:(snd_config_get_card) Cannot get card index for 0
ALSA lib confmisc.c:165:(snd_config_get_card) Cannot get card index for 0
2026/04/16 20:32:55 PlatformError: X11: The DISPLAY environment variable is missing
panic: NotInitialized: The GLFW library is not initialized

goroutine 1 [running, locked to thread]:
github.com/go-gl/glfw/v3.3/glfw.acceptError({0x0, 0x0, 0xc00048e018?})
	/home/ati/go/pkg/mod/github.com/go-gl/glfw/v3.3/glfw@v0.0.0-20240506104042-037f3cc74f2a/error.go:177 +0x16f
github.com/go-gl/glfw/v3.3/glfw.panicError(...)
	/home/ati/go/pkg/mod/github.com/go-gl/glfw/v3.3/glfw@v0.0.0-20240506104042-037f3cc74f2a/error.go:188
github.com/go-gl/glfw/v3.3/glfw.CreateStandardCursor(0xc0001edd20?)
	/home/ati/go/pkg/mod/github.com/go-gl/glfw/v3.3/glfw@v0.0.0-20240506104042-037f3cc74f2a/input.go:512 +0x3a
fyne.io/fyne/v2/internal/driver/glfw.initCursors()
	/home/ati/go/pkg/mod/fyne.io/fyne/v2@v2.7.1/internal/driver/glfw/window_desktop.go:56 +0x1c
fyne.io/fyne/v2/internal/driver/glfw.(*gLDriver).initGLFW(0x0?)
	/home/ati/go/pkg/mod/fyne.io/fyne/v2@v2.7.1/internal/driver/glfw/loop_desktop.go:18 +0x3a
fyne.io/fyne/v2/internal/driver/glfw.(*gLDriver).init(...)
	/home/ati/go/pkg/mod/fyne.io/fyne/v2@v2.7.1/internal/driver/glfw/driver.go:45
fyne.io/fyne/v2/internal/driver/glfw.(*gLDriver).createWindow(0xc00015a210, {0x0?, 0x6e5aec?}, 0x1)
	/home/ati/go/pkg/mod/fyne.io/fyne/v2@v2.7.1/internal/driver/glfw/window.go:940 +0x55
fyne.io/fyne/v2/internal/driver/glfw.(*gLDriver).CreateWindow.func1()
	/home/ati/go/pkg/mod/fyne.io/fyne/v2@v2.7.1/internal/driver/glfw/window.go:901 +0x2d
fyne.io/fyne/v2/internal/async.EnsureMain(0xc000494000)
	/home/ati/go/pkg/mod/fyne.io/fyne/v2@v2.7.1/internal/async/goroutine.go:46 +0x3f
fyne.io/fyne/v2/internal/driver/glfw.(*gLDriver).CreateWindow(0xc00015a210, {0x0, 0x0})
	/home/ati/go/pkg/mod/fyne.io/fyne/v2@v2.7.1/internal/driver/glfw/window.go:900 +0x9b
fyne.io/fyne/v2/app.(*fyneApp).NewWindow(0xc00012c310?, {0x0?, 0x2?})
	/home/ati/go/pkg/mod/fyne.io/fyne/v2@v2.7.1/app/app.go:67 +0x22
main.main()
	/home/ati/projects/code/FrozenPea/main.go:123 +0x149
exit status 2
ALSA lib confmisc.c:165:(snd_config_get_card) Cannot get card index for 0
ALSA lib confmisc.c:165:(snd_config_get_card) Cannot get card index for 0
ALSA lib confmisc.c:165:(snd_config_get_card) Cannot get card index for 0
ALSA lib pcm_oss.c:397:(_snd_pcm_oss_open) Cannot open device /dev/dsp
ALSA lib pulse.c:242:(pulse_connect) PulseAudio: Unable to connect: Connection refused

ALSA lib confmisc.c:165:(snd_config_get_card) Cannot get card index for 0
ALSA lib confmisc.c:165:(snd_config_get_card) Cannot get card index for 0
ALSA lib confmisc.c:165:(snd_config_get_card) Cannot get card index for 0
2026/04/17 19:48:22 PlatformError: X11: The DISPLAY environment variable is missing
panic: NotInitialized: The GLFW library is not initialized

goroutine 1 [running, locked to thread]:
github.com/go-gl/glfw/v3.3/glfw.acceptError({0x0, 0x0, 0xc0000120d8?})
	/home/ati/go/pkg/mod/github.com/go-gl/glfw/v3.3/glfw@v0.0.0-20240506104042-037f3cc74f2a/error.go:177 +0x16f
github.com/go-gl/glfw/v3.3/glfw.panicError(...)
	/home/ati/go/pkg/mod/github.com/go-gl/glfw/v3.3/glfw@v0.0.0-20240506104042-037f3cc74f2a/error.go:188
github.com/go-gl/glfw/v3.3/glfw.CreateStandardCursor(0xc000287d20?)
	/home/ati/go/pkg/mod/github.com/go-gl/glfw/v3.3/glfw@v0.0.0-20240506104042-037f3cc74f2a/input.go:512 +0x3a
fyne.io/fyne/v2/internal/driver/glfw.initCursors()
	/home/ati/go/pkg/mod/fyne.io/fyne/v2@v2.7.1/internal/driver/glfw/window_desktop.go:56 +0x1c
fyne.io/fyne/v2/internal/driver/glfw.(*gLDriver).initGLFW(0x0?)
	/home/ati/go/pkg/mod/fyne.io/fyne/v2@v2.7.1/internal/driver/glfw/loop_desktop.go:18 +0x3a
fyne.io/fyne/v2/internal/driver/glfw.(*gLDriver).init(...)
	/home/ati/go/pkg/mod/fyne.io/fyne/v2@v2.7.1/internal/driver/glfw/driver.go:45
fyne.io/fyne/v2/internal/driver/glfw.(*gLDriver).createWindow(0xc0000f6210, {0x0?, 0x6e5aec?}, 0x1)
	/home/ati/go/pkg/mod/fyne.io/fyne/v2@v2.7.1/internal/driver/glfw/window.go:940 +0x55
fyne.io/fyne/v2/internal/driver/glfw.(*gLDriver).CreateWindow.func1()
	/home/ati/go/pkg/mod/fyne.io/fyne/v2@v2.7.1/internal/driver/glfw/window.go:901 +0x2d
fyne.io/fyne/v2/internal/async.EnsureMain(0xc0000c48a0)
	/home/ati/go/pkg/mod/fyne.io/fyne/v2@v2.7.1/internal/async/goroutine.go:46 +0x3f
fyne.io/fyne/v2/internal/driver/glfw.(*gLDriver).CreateWindow(0xc0000f6210, {0x0, 0x0})
	/home/ati/go/pkg/mod/fyne.io/fyne/v2@v2.7.1/internal/driver/glfw/window.go:900 +0x9b
fyne.io/fyne/v2/app.(*fyneApp).NewWindow(0xc0000e6310?, {0x0?, 0x2?})
	/home/ati/go/pkg/mod/fyne.io/fyne/v2@v2.7.1/app/app.go:67 +0x22
main.main()
	/home/ati/projects/code/FrozenPea/main.go:123 +0x149
exit status 2
ALSA lib confmisc.c:165:(snd_config_get_card) Cannot get card index for 0
ALSA lib confmisc.c:165:(snd_config_get_card) Cannot get card index for 0
ALSA lib confmisc.c:165:(snd_config_get_card) Cannot get card index for 0
ALSA lib pcm_oss.c:397:(_snd_pcm_oss_open) Cannot open device /dev/dsp
ALSA lib pulse.c:242:(pulse_connect) PulseAudio: Unable to connect: Connection refused

ALSA lib confmisc.c:165:(snd_config_get_card) Cannot get card index for 0
ALSA lib confmisc.c:165:(snd_config_get_card) Cannot get card index for 0
ALSA lib confmisc.c:165:(snd_config_get_card) Cannot get card index for 0
2026/04/18 06:25:27 PlatformError: X11: The DISPLAY environment variable is missing
panic: NotInitialized: The GLFW library is not initialized

goroutine 1 [running, locked to thread]:
github.com/go-gl/glfw/v3.3/glfw.acceptError({0x0, 0x0, 0xc00012e150?})
	/home/ati/go/pkg/mod/github.com/go-gl/glfw/v3.3/glfw@v0.0.0-20240506104042-037f3cc74f2a/error.go:177 +0x16f
github.com/go-gl/glfw/v3.3/glfw.panicError(...)
	/home/ati/go/pkg/mod/github.com/go-gl/glfw/v3.3/glfw@v0.0.0-20240506104042-037f3cc74f2a/error.go:188
github.com/go-gl/glfw/v3.3/glfw.CreateStandardCursor(0xc000221d20?)
	/home/ati/go/pkg/mod/github.com/go-gl/glfw/v3.3/glfw@v0.0.0-20240506104042-037f3cc74f2a/input.go:512 +0x3a
fyne.io/fyne/v2/internal/driver/glfw.initCursors()
	/home/ati/go/pkg/mod/fyne.io/fyne/v2@v2.7.1/internal/driver/glfw/window_desktop.go:56 +0x1c
fyne.io/fyne/v2/internal/driver/glfw.(*gLDriver).initGLFW(0x0?)
	/home/ati/go/pkg/mod/fyne.io/fyne/v2@v2.7.1/internal/driver/glfw/loop_desktop.go:18 +0x3a
fyne.io/fyne/v2/internal/driver/glfw.(*gLDriver).init(...)
	/home/ati/go/pkg/mod/fyne.io/fyne/v2@v2.7.1/internal/driver/glfw/driver.go:45
fyne.io/fyne/v2/internal/driver/glfw.(*gLDriver).createWindow(0xc00015a210, {0x0?, 0x6e5aec?}, 0x1)
	/home/ati/go/pkg/mod/fyne.io/fyne/v2@v2.7.1/internal/driver/glfw/window.go:940 +0x55
fyne.io/fyne/v2/internal/driver/glfw.(*gLDriver).CreateWindow.func1()
	/home/ati/go/pkg/mod/fyne.io/fyne/v2@v2.7.1/internal/driver/glfw/window.go:901 +0x2d
fyne.io/fyne/v2/internal/async.EnsureMain(0xc000110a50)
	/home/ati/go/pkg/mod/fyne.io/fyne/v2@v2.7.1/internal/async/goroutine.go:46 +0x3f
fyne.io/fyne/v2/internal/driver/glfw.(*gLDriver).CreateWindow(0xc00015a210, {0x0, 0x0})
	/home/ati/go/pkg/mod/fyne.io/fyne/v2@v2.7.1/internal/driver/glfw/window.go:900 +0x9b
fyne.io/fyne/v2/app.(*fyneApp).NewWindow(0xc00012c380?, {0x0?, 0x2?})
	/home/ati/go/pkg/mod/fyne.io/fyne/v2@v2.7.1/app/app.go:67 +0x22
main.main()
	/home/ati/projects/code/FrozenPea/main.go:123 +0x149
exit status 2
Got X11 context, window: 4194361
XGB: conn.go:47: Could not get authority info: open /home/ati/.Xauthority: no such file or directory
XGB: conn.go:48: Trying connection without authority info...
Got X11 context, window: 4194384
XGB: conn.go:47: Could not get authority info: open /home/ati/.Xauthority: no such file or directory
XGB: conn.go:48: Trying connection without authority info...
XGB: xgb.go:403: A read error is unrecoverable: EOF
XGB: xgb.go:403: A read error is unrecoverable: EOF
XGB: xgb.go:403: A read error is unrecoverable: EOF
panic: close of closed channel

goroutine 115 [running]:
github.com/BurntSushi/xgb.(*Conn).Close(...)
	/home/ati/go/pkg/mod/github.com/!burnt!sushi/xgb@v0.0.0-20210121224620-deaf085860bc/xgb.go:140
github.com/BurntSushi/xgb.(*Conn).readResponses(0xc001210000)
	/home/ati/go/pkg/mod/github.com/!burnt!sushi/xgb@v0.0.0-20210121224620-deaf085860bc/xgb.go:405 +0x246
created by github.com/BurntSushi/xgb.postNewConn in goroutine 1
	/home/ati/go/pkg/mod/github.com/!burnt!sushi/xgb@v0.0.0-20210121224620-deaf085860bc/xgb.go:133 +0x2b6
exit status 2
ALSA lib confmisc.c:165:(snd_config_get_card) Cannot get card index for 0
ALSA lib confmisc.c:165:(snd_config_get_card) Cannot get card index for 0
ALSA lib confmisc.c:165:(snd_config_get_card) Cannot get card index for 0
ALSA lib pcm_oss.c:397:(_snd_pcm_oss_open) Cannot open device /dev/dsp
ALSA lib pulse.c:242:(pulse_connect) PulseAudio: Unable to connect: Connection refused

ALSA lib confmisc.c:165:(snd_config_get_card) Cannot get card index for 0
ALSA lib confmisc.c:165:(snd_config_get_card) Cannot get card index for 0
ALSA lib confmisc.c:165:(snd_config_get_card) Cannot get card index for 0
2026/04/19 20:48:21 PlatformError: X11: The DISPLAY environment variable is missing
panic: NotInitialized: The GLFW library is not initialized

goroutine 1 [running, locked to thread]:
github.com/go-gl/glfw/v3.3/glfw.acceptError({0x0, 0x0, 0xc0000120d8?})
	/home/ati/go/pkg/mod/github.com/go-gl/glfw/v3.3/glfw@v0.0.0-20240506104042-037f3cc74f2a/error.go:177 +0x16f
github.com/go-gl/glfw/v3.3/glfw.panicError(...)
	/home/ati/go/pkg/mod/github.com/go-gl/glfw/v3.3/glfw@v0.0.0-20240506104042-037f3cc74f2a/error.go:188
github.com/go-gl/glfw/v3.3/glfw.CreateStandardCursor(0xc000221d20?)
	/home/ati/go/pkg/mod/github.com/go-gl/glfw/v3.3/glfw@v0.0.0-20240506104042-037f3cc74f2a/input.go:512 +0x3a
fyne.io/fyne/v2/internal/driver/glfw.initCursors()
	/home/ati/go/pkg/mod/fyne.io/fyne/v2@v2.7.1/internal/driver/glfw/window_desktop.go:56 +0x1c
fyne.io/fyne/v2/internal/driver/glfw.(*gLDriver).initGLFW(0x0?)
	/home/ati/go/pkg/mod/fyne.io/fyne/v2@v2.7.1/internal/driver/glfw/loop_desktop.go:18 +0x3a
fyne.io/fyne/v2/internal/driver/glfw.(*gLDriver).init(...)
	/home/ati/go/pkg/mod/fyne.io/fyne/v2@v2.7.1/internal/driver/glfw/driver.go:45
fyne.io/fyne/v2/internal/driver/glfw.(*gLDriver).createWindow(0xc0003e0630, {0x0?, 0x6e5aec?}, 0x1)
	/home/ati/go/pkg/mod/fyne.io/fyne/v2@v2.7.1/internal/driver/glfw/window.go:940 +0x55
fyne.io/fyne/v2/internal/driver/glfw.(*gLDriver).CreateWindow.func1()
	/home/ati/go/pkg/mod/fyne.io/fyne/v2@v2.7.1/internal/driver/glfw/window.go:901 +0x2d
fyne.io/fyne/v2/internal/async.EnsureMain(0xc0000baae0)
	/home/ati/go/pkg/mod/fyne.io/fyne/v2@v2.7.1/internal/async/goroutine.go:46 +0x3f
fyne.io/fyne/v2/internal/driver/glfw.(*gLDriver).CreateWindow(0xc0003e0630, {0x0, 0x0})
	/home/ati/go/pkg/mod/fyne.io/fyne/v2@v2.7.1/internal/driver/glfw/window.go:900 +0x9b
fyne.io/fyne/v2/app.(*fyneApp).NewWindow(0xc000260d20?, {0x0?, 0x2?})
	/home/ati/go/pkg/mod/fyne.io/fyne/v2@v2.7.1/app/app.go:67 +0x22
main.main()
	/home/ati/projects/code/FrozenPea/main.go:123 +0x149
exit status 2
ALSA lib confmisc.c:165:(snd_config_get_card) Cannot get card index for 0
ALSA lib confmisc.c:165:(snd_config_get_card) Cannot get card index for 0
ALSA lib confmisc.c:165:(snd_config_get_card) Cannot get card index for 0
ALSA lib pcm_oss.c:397:(_snd_pcm_oss_open) Cannot open device /dev/dsp
ALSA lib pulse.c:242:(pulse_connect) PulseAudio: Unable to connect: Connection refused

ALSA lib confmisc.c:165:(snd_config_get_card) Cannot get card index for 0
ALSA lib confmisc.c:165:(snd_config_get_card) Cannot get card index for 0
ALSA lib confmisc.c:165:(snd_config_get_card) Cannot get card index for 0
2026/04/20 22:59:33 PlatformError: X11: The DISPLAY environment variable is missing
panic: NotInitialized: The GLFW library is not initialized

goroutine 1 [running, locked to thread]:
github.com/go-gl/glfw/v3.3/glfw.acceptError({0x0, 0x0, 0xc000012060?})
	/home/ati/go/pkg/mod/github.com/go-gl/glfw/v3.3/glfw@v0.0.0-20240506104042-037f3cc74f2a/error.go:177 +0x16f
github.com/go-gl/glfw/v3.3/glfw.panicError(...)
	/home/ati/go/pkg/mod/github.com/go-gl/glfw/v3.3/glfw@v0.0.0-20240506104042-037f3cc74f2a/error.go:188
github.com/go-gl/glfw/v3.3/glfw.CreateStandardCursor(0xc000251d20?)
	/home/ati/go/pkg/mod/github.com/go-gl/glfw/v3.3/glfw@v0.0.0-20240506104042-037f3cc74f2a/input.go:512 +0x3a
fyne.io/fyne/v2/internal/driver/glfw.initCursors()
	/home/ati/go/pkg/mod/fyne.io/fyne/v2@v2.7.1/internal/driver/glfw/window_desktop.go:56 +0x1c
fyne.io/fyne/v2/internal/driver/glfw.(*gLDriver).initGLFW(0x0?)
	/home/ati/go/pkg/mod/fyne.io/fyne/v2@v2.7.1/internal/driver/glfw/loop_desktop.go:18 +0x3a
fyne.io/fyne/v2/internal/driver/glfw.(*gLDriver).init(...)
	/home/ati/go/pkg/mod/fyne.io/fyne/v2@v2.7.1/internal/driver/glfw/driver.go:45
fyne.io/fyne/v2/internal/driver/glfw.(*gLDriver).createWindow(0xc00015a210, {0x0?, 0x6e5aec?}, 0x1)
	/home/ati/go/pkg/mod/fyne.io/fyne/v2@v2.7.1/internal/driver/glfw/window.go:940 +0x55
fyne.io/fyne/v2/internal/driver/glfw.(*gLDriver).CreateWindow.func1()
	/home/ati/go/pkg/mod/fyne.io/fyne/v2@v2.7.1/internal/driver/glfw/window.go:901 +0x2d
fyne.io/fyne/v2/internal/async.EnsureMain(0xc0000c4780)
	/home/ati/go/pkg/mod/fyne.io/fyne/v2@v2.7.1/internal/async/goroutine.go:46 +0x3f
fyne.io/fyne/v2/internal/driver/glfw.(*gLDriver).CreateWindow(0xc00015a210, {0x0, 0x0})
	/home/ati/go/pkg/mod/fyne.io/fyne/v2@v2.7.1/internal/driver/glfw/window.go:900 +0x9b
fyne.io/fyne/v2/app.(*fyneApp).NewWindow(0xc00012c380?, {0x0?, 0x2?})
	/home/ati/go/pkg/mod/fyne.io/fyne/v2@v2.7.1/app/app.go:67 +0x22
main.main()
	/home/ati/projects/code/FrozenPea/main.go:123 +0x149
exit status 2
ALSA lib confmisc.c:165:(snd_config_get_card) Cannot get card index for 0
ALSA lib confmisc.c:165:(snd_config_get_card) Cannot get card index for 0
ALSA lib confmisc.c:165:(snd_config_get_card) Cannot get card index for 0
ALSA lib pcm_oss.c:397:(_snd_pcm_oss_open) Cannot open device /dev/dsp
ALSA lib pulse.c:242:(pulse_connect) PulseAudio: Unable to connect: Connection refused

ALSA lib confmisc.c:165:(snd_config_get_card) Cannot get card index for 0
ALSA lib confmisc.c:165:(snd_config_get_card) Cannot get card index for 0
ALSA lib confmisc.c:165:(snd_config_get_card) Cannot get card index for 0
2026/04/21 20:19:41 PlatformError: X11: The DISPLAY environment variable is missing
panic: NotInitialized: The GLFW library is not initialized

goroutine 1 [running, locked to thread]:
github.com/go-gl/glfw/v3.3/glfw.acceptError({0x0, 0x0, 0xc000386060?})
	/home/ati/go/pkg/mod/github.com/go-gl/glfw/v3.3/glfw@v0.0.0-20240506104042-037f3cc74f2a/error.go:177 +0x16f
github.com/go-gl/glfw/v3.3/glfw.panicError(...)
	/home/ati/go/pkg/mod/github.com/go-gl/glfw/v3.3/glfw@v0.0.0-20240506104042-037f3cc74f2a/error.go:188
github.com/go-gl/glfw/v3.3/glfw.CreateStandardCursor(0xc0001edd20?)
	/home/ati/go/pkg/mod/github.com/go-gl/glfw/v3.3/glfw@v0.0.0-20240506104042-037f3cc74f2a/input.go:512 +0x3a
fyne.io/fyne/v2/internal/driver/glfw.initCursors()
	/home/ati/go/pkg/mod/fyne.io/fyne/v2@v2.7.1/internal/driver/glfw/window_desktop.go:56 +0x1c
fyne.io/fyne/v2/internal/driver/glfw.(*gLDriver).initGLFW(0x0?)
	/home/ati/go/pkg/mod/fyne.io/fyne/v2@v2.7.1/internal/driver/glfw/loop_desktop.go:18 +0x3a
fyne.io/fyne/v2/internal/driver/glfw.(*gLDriver).init(...)
	/home/ati/go/pkg/mod/fyne.io/fyne/v2@v2.7.1/internal/driver/glfw/driver.go:45
fyne.io/fyne/v2/internal/driver/glfw.(*gLDriver).createWindow(0xc00015c210, {0x0?, 0x6e5aec?}, 0x1)
	/home/ati/go/pkg/mod/fyne.io/fyne/v2@v2.7.1/internal/driver/glfw/window.go:940 +0x55
fyne.io/fyne/v2/internal/driver/glfw.(*gLDriver).CreateWindow.func1()
	/home/ati/go/pkg/mod/fyne.io/fyne/v2@v2.7.1/internal/driver/glfw/window.go:901 +0x2d
fyne.io/fyne/v2/internal/async.EnsureMain(0xc0003881e0)
	/home/ati/go/pkg/mod/fyne.io/fyne/v2@v2.7.1/internal/async/goroutine.go:46 +0x3f
fyne.io/fyne/v2/internal/driver/glfw.(*gLDriver).CreateWindow(0xc00015c210, {0x0, 0x0})
	/home/ati/go/pkg/mod/fyne.io/fyne/v2@v2.7.1/internal/driver/glfw/window.go:900 +0x9b
fyne.io/fyne/v2/app.(*fyneApp).NewWindow(0xc00012e310?, {0x0?, 0x2?})
	/home/ati/go/pkg/mod/fyne.io/fyne/v2@v2.7.1/app/app.go:67 +0x22
main.main()
	/home/ati/projects/code/FrozenPea/main.go:123 +0x149
exit status 2
ALSA lib confmisc.c:165:(snd_config_get_card) Cannot get card index for 0
ALSA lib confmisc.c:165:(snd_config_get_card) Cannot get card index for 0
ALSA lib confmisc.c:165:(snd_config_get_card) Cannot get card index for 0
ALSA lib pcm_oss.c:397:(_snd_pcm_oss_open) Cannot open device /dev/dsp
ALSA lib pulse.c:242:(pulse_connect) PulseAudio: Unable to connect: Connection refused

ALSA lib confmisc.c:165:(snd_config_get_card) Cannot get card index for 0
ALSA lib confmisc.c:165:(snd_config_get_card) Cannot get card index for 0
ALSA lib confmisc.c:165:(snd_config_get_card) Cannot get card index for 0
2026/04/22 19:39:12 PlatformError: X11: The DISPLAY environment variable is missing
panic: NotInitialized: The GLFW library is not initialized

goroutine 1 [running, locked to thread]:
github.com/go-gl/glfw/v3.3/glfw.acceptError({0x0, 0x0, 0xc0000120c0?})
	/home/ati/go/pkg/mod/github.com/go-gl/glfw/v3.3/glfw@v0.0.0-20240506104042-037f3cc74f2a/error.go:177 +0x16f
github.com/go-gl/glfw/v3.3/glfw.panicError(...)
	/home/ati/go/pkg/mod/github.com/go-gl/glfw/v3.3/glfw@v0.0.0-20240506104042-037f3cc74f2a/error.go:188
github.com/go-gl/glfw/v3.3/glfw.CreateStandardCursor(0xc00016dd20?)
	/home/ati/go/pkg/mod/github.com/go-gl/glfw/v3.3/glfw@v0.0.0-20240506104042-037f3cc74f2a/input.go:512 +0x3a
fyne.io/fyne/v2/internal/driver/glfw.initCursors()
	/home/ati/go/pkg/mod/fyne.io/fyne/v2@v2.7.1/internal/driver/glfw/window_desktop.go:56 +0x1c
fyne.io/fyne/v2/internal/driver/glfw.(*gLDriver).initGLFW(0x0?)
	/home/ati/go/pkg/mod/fyne.io/fyne/v2@v2.7.1/internal/driver/glfw/loop_desktop.go:18 +0x3a
fyne.io/fyne/v2/internal/driver/glfw.(*gLDriver).init(...)
	/home/ati/go/pkg/mod/fyne.io/fyne/v2@v2.7.1/internal/driver/glfw/driver.go:45
fyne.io/fyne/v2/internal/driver/glfw.(*gLDriver).createWindow(0xc0002e0000, {0x0?, 0x6e5aec?}, 0x1)
	/home/ati/go/pkg/mod/fyne.io/fyne/v2@v2.7.1/internal/driver/glfw/window.go:940 +0x55
fyne.io/fyne/v2/internal/driver/glfw.(*gLDriver).CreateWindow.func1()
	/home/ati/go/pkg/mod/fyne.io/fyne/v2@v2.7.1/internal/driver/glfw/window.go:901 +0x2d
fyne.io/fyne/v2/internal/async.EnsureMain(0xc0000c4660)
	/home/ati/go/pkg/mod/fyne.io/fyne/v2@v2.7.1/internal/async/goroutine.go:46 +0x3f
fyne.io/fyne/v2/internal/driver/glfw.(*gLDriver).CreateWindow(0xc0002e0000, {0x0, 0x0})
	/home/ati/go/pkg/mod/fyne.io/fyne/v2@v2.7.1/internal/driver/glfw/window.go:900 +0x9b
fyne.io/fyne/v2/app.(*fyneApp).NewWindow(0xc00026c2a0?, {0x0?, 0x2?})
	/home/ati/go/pkg/mod/fyne.io/fyne/v2@v2.7.1/app/app.go:67 +0x22
main.main()
	/home/ati/projects/code/FrozenPea/main.go:123 +0x149
exit status 2
ALSA lib confmisc.c:165:(snd_config_get_card) Cannot get card index for 0
ALSA lib confmisc.c:165:(snd_config_get_card) Cannot get card index for 0
ALSA lib confmisc.c:165:(snd_config_get_card) Cannot get card index for 0
ALSA lib pcm_oss.c:397:(_snd_pcm_oss_open) Cannot open device /dev/dsp
ALSA lib pulse.c:242:(pulse_connect) PulseAudio: Unable to connect: Connection refused

ALSA lib confmisc.c:165:(snd_config_get_card) Cannot get card index for 0
ALSA lib confmisc.c:165:(snd_config_get_card) Cannot get card index for 0
ALSA lib confmisc.c:165:(snd_config_get_card) Cannot get card index for 0
2026/04/23 18:11:49 PlatformError: X11: The DISPLAY environment variable is missing
panic: NotInitialized: The GLFW library is not initialized

goroutine 1 [running, locked to thread]:
github.com/go-gl/glfw/v3.3/glfw.acceptError({0x0, 0x0, 0xc0000120c0?})
	/home/ati/go/pkg/mod/github.com/go-gl/glfw/v3.3/glfw@v0.0.0-20240506104042-037f3cc74f2a/error.go:177 +0x16f
github.com/go-gl/glfw/v3.3/glfw.panicError(...)
	/home/ati/go/pkg/mod/github.com/go-gl/glfw/v3.3/glfw@v0.0.0-20240506104042-037f3cc74f2a/error.go:188
github.com/go-gl/glfw/v3.3/glfw.CreateStandardCursor(0xc0002e7d20?)
	/home/ati/go/pkg/mod/github.com/go-gl/glfw/v3.3/glfw@v0.0.0-20240506104042-037f3cc74f2a/input.go:512 +0x3a
fyne.io/fyne/v2/internal/driver/glfw.initCursors()
	/home/ati/go/pkg/mod/fyne.io/fyne/v2@v2.7.1/internal/driver/glfw/window_desktop.go:56 +0x1c
fyne.io/fyne/v2/internal/driver/glfw.(*gLDriver).initGLFW(0x0?)
	/home/ati/go/pkg/mod/fyne.io/fyne/v2@v2.7.1/internal/driver/glfw/loop_desktop.go:18 +0x3a
fyne.io/fyne/v2/internal/driver/glfw.(*gLDriver).init(...)
	/home/ati/go/pkg/mod/fyne.io/fyne/v2@v2.7.1/internal/driver/glfw/driver.go:45
fyne.io/fyne/v2/internal/driver/glfw.(*gLDriver).createWindow(0xc00023e000, {0x0?, 0x6e5aec?}, 0x1)
	/home/ati/go/pkg/mod/fyne.io/fyne/v2@v2.7.1/internal/driver/glfw/window.go:940 +0x55
fyne.io/fyne/v2/internal/driver/glfw.(*gLDriver).CreateWindow.func1()
	/home/ati/go/pkg/mod/fyne.io/fyne/v2@v2.7.1/internal/driver/glfw/window.go:901 +0x2d
fyne.io/fyne/v2/internal/async.EnsureMain(0xc0000ba540)
	/home/ati/go/pkg/mod/fyne.io/fyne/v2@v2.7.1/internal/async/goroutine.go:46 +0x3f
fyne.io/fyne/v2/internal/driver/glfw.(*gLDriver).CreateWindow(0xc00023e000, {0x0, 0x0})
	/home/ati/go/pkg/mod/fyne.io/fyne/v2@v2.7.1/internal/driver/glfw/window.go:900 +0x9b
fyne.io/fyne/v2/app.(*fyneApp).NewWindow(0xc0002141c0?, {0x0?, 0x2?})
	/home/ati/go/pkg/mod/fyne.io/fyne/v2@v2.7.1/app/app.go:67 +0x22
main.main()
	/home/ati/projects/code/FrozenPea/main.go:123 +0x149
exit status 2
Got X11 context, window: 4194364
XGB: conn.go:47: Could not get authority info: open /home/ati/.Xauthority: no such file or directory
XGB: conn.go:48: Trying connection without authority info...
XGB: xgb.go:403: A read error is unrecoverable: EOF
XGB: xgb.go:403: A read error is unrecoverable: EOF
XGB: xgb.go:367: A write error is unrecoverable: write unix @->/tmp/.X11-unix/X1: write: broken pipe
panic: close of closed channel

goroutine 71 [running]:
github.com/BurntSushi/xgb.(*Conn).Close(...)
	/home/ati/go/pkg/mod/github.com/!burnt!sushi/xgb@v0.0.0-20210121224620-deaf085860bc/xgb.go:140
github.com/BurntSushi/xgb.(*Conn).readResponses(0xc000bfa160)
	/home/ati/go/pkg/mod/github.com/!burnt!sushi/xgb@v0.0.0-20210121224620-deaf085860bc/xgb.go:405 +0x246
created by github.com/BurntSushi/xgb.postNewConn in goroutine 1
	/home/ati/go/pkg/mod/github.com/!burnt!sushi/xgb@v0.0.0-20210121224620-deaf085860bc/xgb.go:133 +0x2b6
exit status 2
ALSA lib confmisc.c:165:(snd_config_get_card) Cannot get card index for 0
ALSA lib confmisc.c:165:(snd_config_get_card) Cannot get card index for 0
ALSA lib confmisc.c:165:(snd_config_get_card) Cannot get card index for 0
ALSA lib pcm_oss.c:397:(_snd_pcm_oss_open) Cannot open device /dev/dsp
ALSA lib pulse.c:242:(pulse_connect) PulseAudio: Unable to connect: Connection refused

ALSA lib confmisc.c:165:(snd_config_get_card) Cannot get card index for 0
ALSA lib confmisc.c:165:(snd_config_get_card) Cannot get card index for 0
ALSA lib confmisc.c:165:(snd_config_get_card) Cannot get card index for 0
2026/04/24 19:32:29 PlatformError: X11: The DISPLAY environment variable is missing
panic: NotInitialized: The GLFW library is not initialized

goroutine 1 [running, locked to thread]:
github.com/go-gl/glfw/v3.3/glfw.acceptError({0x0, 0x0, 0xc000012648?})
	/home/ati/go/pkg/mod/github.com/go-gl/glfw/v3.3/glfw@v0.0.0-20240506104042-037f3cc74f2a/error.go:177 +0x16f
github.com/go-gl/glfw/v3.3/glfw.panicError(...)
	/home/ati/go/pkg/mod/github.com/go-gl/glfw/v3.3/glfw@v0.0.0-20240506104042-037f3cc74f2a/error.go:188
github.com/go-gl/glfw/v3.3/glfw.CreateStandardCursor(0xc0001a7d20?)
	/home/ati/go/pkg/mod/github.com/go-gl/glfw/v3.3/glfw@v0.0.0-20240506104042-037f3cc74f2a/input.go:512 +0x3a
fyne.io/fyne/v2/internal/driver/glfw.initCursors()
	/home/ati/go/pkg/mod/fyne.io/fyne/v2@v2.7.1/internal/driver/glfw/window_desktop.go:56 +0x1c
fyne.io/fyne/v2/internal/driver/glfw.(*gLDriver).initGLFW(0x0?)
	/home/ati/go/pkg/mod/fyne.io/fyne/v2@v2.7.1/internal/driver/glfw/loop_desktop.go:18 +0x3a
fyne.io/fyne/v2/internal/driver/glfw.(*gLDriver).init(...)
	/home/ati/go/pkg/mod/fyne.io/fyne/v2@v2.7.1/internal/driver/glfw/driver.go:45
fyne.io/fyne/v2/internal/driver/glfw.(*gLDriver).createWindow(0xc000150210, {0x0?, 0x6e5aec?}, 0x1)
	/home/ati/go/pkg/mod/fyne.io/fyne/v2@v2.7.1/internal/driver/glfw/window.go:940 +0x55
fyne.io/fyne/v2/internal/driver/glfw.(*gLDriver).CreateWindow.func1()
	/home/ati/go/pkg/mod/fyne.io/fyne/v2@v2.7.1/internal/driver/glfw/window.go:901 +0x2d
fyne.io/fyne/v2/internal/async.EnsureMain(0xc000352ff0)
	/home/ati/go/pkg/mod/fyne.io/fyne/v2@v2.7.1/internal/async/goroutine.go:46 +0x3f
fyne.io/fyne/v2/internal/driver/glfw.(*gLDriver).CreateWindow(0xc000150210, {0x0, 0x0})
	/home/ati/go/pkg/mod/fyne.io/fyne/v2@v2.7.1/internal/driver/glfw/window.go:900 +0x9b
fyne.io/fyne/v2/app.(*fyneApp).NewWindow(0xc00011a310?, {0x0?, 0x2?})
	/home/ati/go/pkg/mod/fyne.io/fyne/v2@v2.7.1/app/app.go:67 +0x22
main.main()
	/home/ati/projects/code/FrozenPea/main.go:123 +0x149
exit status 2
ALSA lib confmisc.c:165:(snd_config_get_card) Cannot get card index for 0
ALSA lib confmisc.c:165:(snd_config_get_card) Cannot get card index for 0
ALSA lib confmisc.c:165:(snd_config_get_card) Cannot get card index for 0
ALSA lib pcm_oss.c:397:(_snd_pcm_oss_open) Cannot open device /dev/dsp
ALSA lib pulse.c:242:(pulse_connect) PulseAudio: Unable to connect: Connection refused

ALSA lib confmisc.c:165:(snd_config_get_card) Cannot get card index for 0
ALSA lib confmisc.c:165:(snd_config_get_card) Cannot get card index for 0
ALSA lib confmisc.c:165:(snd_config_get_card) Cannot get card index for 0
2026/04/25 08:58:36 PlatformError: X11: The DISPLAY environment variable is missing
panic: NotInitialized: The GLFW library is not initialized

goroutine 1 [running, locked to thread]:
github.com/go-gl/glfw/v3.3/glfw.acceptError({0x0, 0x0, 0xc00012e1b0?})
	/home/ati/go/pkg/mod/github.com/go-gl/glfw/v3.3/glfw@v0.0.0-20240506104042-037f3cc74f2a/error.go:177 +0x16f
github.com/go-gl/glfw/v3.3/glfw.panicError(...)
	/home/ati/go/pkg/mod/github.com/go-gl/glfw/v3.3/glfw@v0.0.0-20240506104042-037f3cc74f2a/error.go:188
github.com/go-gl/glfw/v3.3/glfw.CreateStandardCursor(0xc000245d20?)
	/home/ati/go/pkg/mod/github.com/go-gl/glfw/v3.3/glfw@v0.0.0-20240506104042-037f3cc74f2a/input.go:512 +0x3a
fyne.io/fyne/v2/internal/driver/glfw.initCursors()
	/home/ati/go/pkg/mod/fyne.io/fyne/v2@v2.7.1/internal/driver/glfw/window_desktop.go:56 +0x1c
fyne.io/fyne/v2/internal/driver/glfw.(*gLDriver).initGLFW(0x0?)
	/home/ati/go/pkg/mod/fyne.io/fyne/v2@v2.7.1/internal/driver/glfw/loop_desktop.go:18 +0x3a
fyne.io/fyne/v2/internal/driver/glfw.(*gLDriver).init(...)
	/home/ati/go/pkg/mod/fyne.io/fyne/v2@v2.7.1/internal/driver/glfw/driver.go:45
fyne.io/fyne/v2/internal/driver/glfw.(*gLDriver).createWindow(0xc00015a210, {0x0?, 0x6e5aec?}, 0x1)
	/home/ati/go/pkg/mod/fyne.io/fyne/v2@v2.7.1/internal/driver/glfw/window.go:940 +0x55
fyne.io/fyne/v2/internal/driver/glfw.(*gLDriver).CreateWindow.func1()
	/home/ati/go/pkg/mod/fyne.io/fyne/v2@v2.7.1/internal/driver/glfw/window.go:901 +0x2d
fyne.io/fyne/v2/internal/async.EnsureMain(0xc000111590)
	/home/ati/go/pkg/mod/fyne.io/fyne/v2@v2.7.1/internal/async/goroutine.go:46 +0x3f
fyne.io/fyne/v2/internal/driver/glfw.(*gLDriver).CreateWindow(0xc00015a210, {0x0, 0x0})
	/home/ati/go/pkg/mod/fyne.io/fyne/v2@v2.7.1/internal/driver/glfw/window.go:900 +0x9b
fyne.io/fyne/v2/app.(*fyneApp).NewWindow(0xc00012c380?, {0x0?, 0x2?})
	/home/ati/go/pkg/mod/fyne.io/fyne/v2@v2.7.1/app/app.go:67 +0x22
main.main()
	/home/ati/projects/code/FrozenPea/main.go:123 +0x149
exit status 2
Got X11 context, window: 4194364
XGB: conn.go:47: Could not get authority info: open /home/ati/.Xauthority: no such file or directory
XGB: conn.go:48: Trying connection without authority info...
Got X11 context, window: 4194387
XGB: conn.go:47: Could not get authority info: open /home/ati/.Xauthority: no such file or directory
XGB: conn.go:48: Trying connection without authority info...
XGB: xgb.go:403: A read error is unrecoverable: EOF
XGB: xgb.go:403: A read error is unrecoverable: EOF
panic: close of closed channel

goroutine 40 [running]:
github.com/BurntSushi/xgb.(*Conn).Close(...)
	/home/ati/go/pkg/mod/github.com/!burnt!sushi/xgb@v0.0.0-20210121224620-deaf085860bc/xgb.go:140
github.com/BurntSushi/xgb.(*Conn).readResponses(0xc000336840)
	/home/ati/go/pkg/mod/github.com/!burnt!sushi/xgb@v0.0.0-20210121224620-deaf085860bc/xgb.go:405 +0x246
created by github.com/BurntSushi/xgb.postNewConn in goroutine 1
	/home/ati/go/pkg/mod/github.com/!burnt!sushi/xgb@v0.0.0-20210121224620-deaf085860bc/xgb.go:133 +0x2b6
exit status 2
ALSA lib confmisc.c:165:(snd_config_get_card) Cannot get card index for 0
ALSA lib confmisc.c:165:(snd_config_get_card) Cannot get card index for 0
ALSA lib confmisc.c:165:(snd_config_get_card) Cannot get card index for 0
ALSA lib pcm_oss.c:397:(_snd_pcm_oss_open) Cannot open device /dev/dsp
ALSA lib pulse.c:242:(pulse_connect) PulseAudio: Unable to connect: Connection refused

ALSA lib confmisc.c:165:(snd_config_get_card) Cannot get card index for 0
ALSA lib confmisc.c:165:(snd_config_get_card) Cannot get card index for 0
ALSA lib confmisc.c:165:(snd_config_get_card) Cannot get card index for 0
2026/04/26 09:57:19 PlatformError: X11: The DISPLAY environment variable is missing
panic: NotInitialized: The GLFW library is not initialized

goroutine 1 [running, locked to thread]:
github.com/go-gl/glfw/v3.3/glfw.acceptError({0x0, 0x0, 0xc000150060?})
	/home/ati/go/pkg/mod/github.com/go-gl/glfw/v3.3/glfw@v0.0.0-20240506104042-037f3cc74f2a/error.go:177 +0x16f
github.com/go-gl/glfw/v3.3/glfw.panicError(...)
	/home/ati/go/pkg/mod/github.com/go-gl/glfw/v3.3/glfw@v0.0.0-20240506104042-037f3cc74f2a/error.go:188
github.com/go-gl/glfw/v3.3/glfw.CreateStandardCursor(0xc0001d3d20?)
	/home/ati/go/pkg/mod/github.com/go-gl/glfw/v3.3/glfw@v0.0.0-20240506104042-037f3cc74f2a/input.go:512 +0x3a
fyne.io/fyne/v2/internal/driver/glfw.initCursors()
	/home/ati/go/pkg/mod/fyne.io/fyne/v2@v2.7.1/internal/driver/glfw/window_desktop.go:56 +0x1c
fyne.io/fyne/v2/internal/driver/glfw.(*gLDriver).initGLFW(0x0?)
	/home/ati/go/pkg/mod/fyne.io/fyne/v2@v2.7.1/internal/driver/glfw/loop_desktop.go:18 +0x3a
fyne.io/fyne/v2/internal/driver/glfw.(*gLDriver).init(...)
	/home/ati/go/pkg/mod/fyne.io/fyne/v2@v2.7.1/internal/driver/glfw/driver.go:45
fyne.io/fyne/v2/internal/driver/glfw.(*gLDriver).createWindow(0xc0002b2000, {0x0?, 0x6e5aec?}, 0x1)
	/home/ati/go/pkg/mod/fyne.io/fyne/v2@v2.7.1/internal/driver/glfw/window.go:940 +0x55
fyne.io/fyne/v2/internal/driver/glfw.(*gLDriver).CreateWindow.func1()
	/home/ati/go/pkg/mod/fyne.io/fyne/v2@v2.7.1/internal/driver/glfw/window.go:901 +0x2d
fyne.io/fyne/v2/internal/async.EnsureMain(0xc000117920)
	/home/ati/go/pkg/mod/fyne.io/fyne/v2@v2.7.1/internal/async/goroutine.go:46 +0x3f
fyne.io/fyne/v2/internal/driver/glfw.(*gLDriver).CreateWindow(0xc0002b2000, {0x0, 0x0})
	/home/ati/go/pkg/mod/fyne.io/fyne/v2@v2.7.1/internal/driver/glfw/window.go:900 +0x9b
fyne.io/fyne/v2/app.(*fyneApp).NewWindow(0xc0002581c0?, {0x0?, 0x2?})
	/home/ati/go/pkg/mod/fyne.io/fyne/v2@v2.7.1/app/app.go:67 +0x22
main.main()
	/home/ati/projects/code/FrozenPea/main.go:123 +0x149
exit status 2
Got X11 context, window: 4194361
XGB: conn.go:47: Could not get authority info: open /home/ati/.Xauthority: no such file or directory
XGB: conn.go:48: Trying connection without authority info...
XGB: xgb.go:403: A read error is unrecoverable: EOF
XGB: xgb.go:403: A read error is unrecoverable: EOF
XGB: xgb.go:367: A write error is unrecoverable: write unix @->/tmp/.X11-unix/X1: write: broken pipe
panic: close of closed channel

goroutine 101 [running]:
github.com/BurntSushi/xgb.(*Conn).Close(...)
	/home/ati/go/pkg/mod/github.com/!burnt!sushi/xgb@v0.0.0-20210121224620-deaf085860bc/xgb.go:140
github.com/BurntSushi/xgb.(*Conn).readResponses(0xc00041c160)
	/home/ati/go/pkg/mod/github.com/!burnt!sushi/xgb@v0.0.0-20210121224620-deaf085860bc/xgb.go:405 +0x246
created by github.com/BurntSushi/xgb.postNewConn in goroutine 1
	/home/ati/go/pkg/mod/github.com/!burnt!sushi/xgb@v0.0.0-20210121224620-deaf085860bc/xgb.go:133 +0x2b6
exit status 2
ALSA lib confmisc.c:165:(snd_config_get_card) Cannot get card index for 0
ALSA lib confmisc.c:165:(snd_config_get_card) Cannot get card index for 0
ALSA lib confmisc.c:165:(snd_config_get_card) Cannot get card index for 0
ALSA lib pcm_oss.c:397:(_snd_pcm_oss_open) Cannot open device /dev/dsp
ALSA lib pulse.c:242:(pulse_connect) PulseAudio: Unable to connect: Connection refused

ALSA lib confmisc.c:165:(snd_config_get_card) Cannot get card index for 0
ALSA lib confmisc.c:165:(snd_config_get_card) Cannot get card index for 0
ALSA lib confmisc.c:165:(snd_config_get_card) Cannot get card index for 0
2026/04/27 23:06:16 PlatformError: X11: The DISPLAY environment variable is missing
panic: NotInitialized: The GLFW library is not initialized

goroutine 1 [running, locked to thread]:
github.com/go-gl/glfw/v3.3/glfw.acceptError({0x0, 0x0, 0xc000130168?})
	/home/ati/go/pkg/mod/github.com/go-gl/glfw/v3.3/glfw@v0.0.0-20240506104042-037f3cc74f2a/error.go:177 +0x16f
github.com/go-gl/glfw/v3.3/glfw.panicError(...)
	/home/ati/go/pkg/mod/github.com/go-gl/glfw/v3.3/glfw@v0.0.0-20240506104042-037f3cc74f2a/error.go:188
github.com/go-gl/glfw/v3.3/glfw.CreateStandardCursor(0xc000219d20?)
	/home/ati/go/pkg/mod/github.com/go-gl/glfw/v3.3/glfw@v0.0.0-20240506104042-037f3cc74f2a/input.go:512 +0x3a
fyne.io/fyne/v2/internal/driver/glfw.initCursors()
	/home/ati/go/pkg/mod/fyne.io/fyne/v2@v2.7.1/internal/driver/glfw/window_desktop.go:56 +0x1c
fyne.io/fyne/v2/internal/driver/glfw.(*gLDriver).initGLFW(0x0?)
	/home/ati/go/pkg/mod/fyne.io/fyne/v2@v2.7.1/internal/driver/glfw/loop_desktop.go:18 +0x3a
fyne.io/fyne/v2/internal/driver/glfw.(*gLDriver).init(...)
	/home/ati/go/pkg/mod/fyne.io/fyne/v2@v2.7.1/internal/driver/glfw/driver.go:45
fyne.io/fyne/v2/internal/driver/glfw.(*gLDriver).createWindow(0xc00015c210, {0x0?, 0x6e5aec?}, 0x1)
	/home/ati/go/pkg/mod/fyne.io/fyne/v2@v2.7.1/internal/driver/glfw/window.go:940 +0x55
fyne.io/fyne/v2/internal/driver/glfw.(*gLDriver).CreateWindow.func1()
	/home/ati/go/pkg/mod/fyne.io/fyne/v2@v2.7.1/internal/driver/glfw/window.go:901 +0x2d
fyne.io/fyne/v2/internal/async.EnsureMain(0xc000112b70)
	/home/ati/go/pkg/mod/fyne.io/fyne/v2@v2.7.1/internal/async/goroutine.go:46 +0x3f
fyne.io/fyne/v2/internal/driver/glfw.(*gLDriver).CreateWindow(0xc00015c210, {0x0, 0x0})
	/home/ati/go/pkg/mod/fyne.io/fyne/v2@v2.7.1/internal/driver/glfw/window.go:900 +0x9b
fyne.io/fyne/v2/app.(*fyneApp).NewWindow(0xc00012e380?, {0x0?, 0x2?})
	/home/ati/go/pkg/mod/fyne.io/fyne/v2@v2.7.1/app/app.go:67 +0x22
main.main()
	/home/ati/projects/code/FrozenPea/main.go:123 +0x149
exit status 2
ALSA lib confmisc.c:165:(snd_config_get_card) Cannot get card index for 0
ALSA lib confmisc.c:165:(snd_config_get_card) Cannot get card index for 0
ALSA lib confmisc.c:165:(snd_config_get_card) Cannot get card index for 0
ALSA lib pcm_oss.c:397:(_snd_pcm_oss_open) Cannot open device /dev/dsp
ALSA lib pulse.c:242:(pulse_connect) PulseAudio: Unable to connect: Connection refused

ALSA lib confmisc.c:165:(snd_config_get_card) Cannot get card index for 0
ALSA lib confmisc.c:165:(snd_config_get_card) Cannot get card index for 0
ALSA lib confmisc.c:165:(snd_config_get_card) Cannot get card index for 0
2026/04/28 18:06:47 PlatformError: X11: The DISPLAY environment variable is missing
panic: NotInitialized: The GLFW library is not initialized

goroutine 1 [running, locked to thread]:
github.com/go-gl/glfw/v3.3/glfw.acceptError({0x0, 0x0, 0xc000012198?})
	/home/ati/go/pkg/mod/github.com/go-gl/glfw/v3.3/glfw@v0.0.0-20240506104042-037f3cc74f2a/error.go:177 +0x16f
github.com/go-gl/glfw/v3.3/glfw.panicError(...)
	/home/ati/go/pkg/mod/github.com/go-gl/glfw/v3.3/glfw@v0.0.0-20240506104042-037f3cc74f2a/error.go:188
github.com/go-gl/glfw/v3.3/glfw.CreateStandardCursor(0xc000155d20?)
	/home/ati/go/pkg/mod/github.com/go-gl/glfw/v3.3/glfw@v0.0.0-20240506104042-037f3cc74f2a/input.go:512 +0x3a
fyne.io/fyne/v2/internal/driver/glfw.initCursors()
	/home/ati/go/pkg/mod/fyne.io/fyne/v2@v2.7.1/internal/driver/glfw/window_desktop.go:56 +0x1c
fyne.io/fyne/v2/internal/driver/glfw.(*gLDriver).initGLFW(0x0?)
	/home/ati/go/pkg/mod/fyne.io/fyne/v2@v2.7.1/internal/driver/glfw/loop_desktop.go:18 +0x3a
fyne.io/fyne/v2/internal/driver/glfw.(*gLDriver).init(...)
	/home/ati/go/pkg/mod/fyne.io/fyne/v2@v2.7.1/internal/driver/glfw/driver.go:45
fyne.io/fyne/v2/internal/driver/glfw.(*gLDriver).createWindow(0xc00032a630, {0x0?, 0x6e5aec?}, 0x1)
	/home/ati/go/pkg/mod/fyne.io/fyne/v2@v2.7.1/internal/driver/glfw/window.go:940 +0x55
fyne.io/fyne/v2/internal/driver/glfw.(*gLDriver).CreateWindow.func1()
	/home/ati/go/pkg/mod/fyne.io/fyne/v2@v2.7.1/internal/driver/glfw/window.go:901 +0x2d
fyne.io/fyne/v2/internal/async.EnsureMain(0xc0000c5080)
	/home/ati/go/pkg/mod/fyne.io/fyne/v2@v2.7.1/internal/async/goroutine.go:46 +0x3f
fyne.io/fyne/v2/internal/driver/glfw.(*gLDriver).CreateWindow(0xc00032a630, {0x0, 0x0})
	/home/ati/go/pkg/mod/fyne.io/fyne/v2@v2.7.1/internal/driver/glfw/window.go:900 +0x9b
fyne.io/fyne/v2/app.(*fyneApp).NewWindow(0xc000216380?, {0x0?, 0x2?})
	/home/ati/go/pkg/mod/fyne.io/fyne/v2@v2.7.1/app/app.go:67 +0x22
main.main()
	/home/ati/projects/code/FrozenPea/main.go:123 +0x149
exit status 2
ALSA lib confmisc.c:165:(snd_config_get_card) Cannot get card index for 0
ALSA lib confmisc.c:165:(snd_config_get_card) Cannot get card index for 0
ALSA lib confmisc.c:165:(snd_config_get_card) Cannot get card index for 0
ALSA lib pcm_oss.c:397:(_snd_pcm_oss_open) Cannot open device /dev/dsp
ALSA lib pulse.c:242:(pulse_connect) PulseAudio: Unable to connect: Connection refused

ALSA lib confmisc.c:165:(snd_config_get_card) Cannot get card index for 0
ALSA lib confmisc.c:165:(snd_config_get_card) Cannot get card index for 0
ALSA lib confmisc.c:165:(snd_config_get_card) Cannot get card index for 0
2026/04/29 20:05:20 PlatformError: X11: The DISPLAY environment variable is missing
panic: NotInitialized: The GLFW library is not initialized

goroutine 1 [running, locked to thread]:
github.com/go-gl/glfw/v3.3/glfw.acceptError({0x0, 0x0, 0xc000422018?})
	/home/ati/go/pkg/mod/github.com/go-gl/glfw/v3.3/glfw@v0.0.0-20240506104042-037f3cc74f2a/error.go:177 +0x16f
github.com/go-gl/glfw/v3.3/glfw.panicError(...)
	/home/ati/go/pkg/mod/github.com/go-gl/glfw/v3.3/glfw@v0.0.0-20240506104042-037f3cc74f2a/error.go:188
github.com/go-gl/glfw/v3.3/glfw.CreateStandardCursor(0xc0001f5d20?)
	/home/ati/go/pkg/mod/github.com/go-gl/glfw/v3.3/glfw@v0.0.0-20240506104042-037f3cc74f2a/input.go:512 +0x3a
fyne.io/fyne/v2/internal/driver/glfw.initCursors()
	/home/ati/go/pkg/mod/fyne.io/fyne/v2@v2.7.1/internal/driver/glfw/window_desktop.go:56 +0x1c
fyne.io/fyne/v2/internal/driver/glfw.(*gLDriver).initGLFW(0x0?)
	/home/ati/go/pkg/mod/fyne.io/fyne/v2@v2.7.1/internal/driver/glfw/loop_desktop.go:18 +0x3a
fyne.io/fyne/v2/internal/driver/glfw.(*gLDriver).init(...)
	/home/ati/go/pkg/mod/fyne.io/fyne/v2@v2.7.1/internal/driver/glfw/driver.go:45
fyne.io/fyne/v2/internal/driver/glfw.(*gLDriver).createWindow(0xc0003b6000, {0x0?, 0x6e5aec?}, 0x1)
	/home/ati/go/pkg/mod/fyne.io/fyne/v2@v2.7.1/internal/driver/glfw/window.go:940 +0x55
fyne.io/fyne/v2/internal/driver/glfw.(*gLDriver).CreateWindow.func1()
	/home/ati/go/pkg/mod/fyne.io/fyne/v2@v2.7.1/internal/driver/glfw/window.go:901 +0x2d
fyne.io/fyne/v2/internal/async.EnsureMain(0xc000428000)
	/home/ati/go/pkg/mod/fyne.io/fyne/v2@v2.7.1/internal/async/goroutine.go:46 +0x3f
fyne.io/fyne/v2/internal/driver/glfw.(*gLDriver).CreateWindow(0xc0003b6000, {0x0, 0x0})
	/home/ati/go/pkg/mod/fyne.io/fyne/v2@v2.7.1/internal/driver/glfw/window.go:900 +0x9b
fyne.io/fyne/v2/app.(*fyneApp).NewWindow(0xc0003b8150?, {0x0?, 0x2?})
	/home/ati/go/pkg/mod/fyne.io/fyne/v2@v2.7.1/app/app.go:67 +0x22
main.main()
	/home/ati/projects/code/FrozenPea/main.go:123 +0x149
exit status 2
ALSA lib confmisc.c:165:(snd_config_get_card) Cannot get card index for 0
ALSA lib confmisc.c:165:(snd_config_get_card) Cannot get card index for 0
ALSA lib confmisc.c:165:(snd_config_get_card) Cannot get card index for 0
ALSA lib pcm_oss.c:397:(_snd_pcm_oss_open) Cannot open device /dev/dsp
ALSA lib pulse.c:242:(pulse_connect) PulseAudio: Unable to connect: Connection refused

ALSA lib confmisc.c:165:(snd_config_get_card) Cannot get card index for 0
ALSA lib confmisc.c:165:(snd_config_get_card) Cannot get card index for 0
ALSA lib confmisc.c:165:(snd_config_get_card) Cannot get card index for 0
2026/04/30 20:11:27 PlatformError: X11: The DISPLAY environment variable is missing
panic: NotInitialized: The GLFW library is not initialized

goroutine 1 [running, locked to thread]:
github.com/go-gl/glfw/v3.3/glfw.acceptError({0x0, 0x0, 0xc00048e018?})
	/home/ati/go/pkg/mod/github.com/go-gl/glfw/v3.3/glfw@v0.0.0-20240506104042-037f3cc74f2a/error.go:177 +0x16f
github.com/go-gl/glfw/v3.3/glfw.panicError(...)
	/home/ati/go/pkg/mod/github.com/go-gl/glfw/v3.3/glfw@v0.0.0-20240506104042-037f3cc74f2a/error.go:188
github.com/go-gl/glfw/v3.3/glfw.CreateStandardCursor(0xc000251d20?)
	/home/ati/go/pkg/mod/github.com/go-gl/glfw/v3.3/glfw@v0.0.0-20240506104042-037f3cc74f2a/input.go:512 +0x3a
fyne.io/fyne/v2/internal/driver/glfw.initCursors()
	/home/ati/go/pkg/mod/fyne.io/fyne/v2@v2.7.1/internal/driver/glfw/window_desktop.go:56 +0x1c
fyne.io/fyne/v2/internal/driver/glfw.(*gLDriver).initGLFW(0x0?)
	/home/ati/go/pkg/mod/fyne.io/fyne/v2@v2.7.1/internal/driver/glfw/loop_desktop.go:18 +0x3a
fyne.io/fyne/v2/internal/driver/glfw.(*gLDriver).init(...)
	/home/ati/go/pkg/mod/fyne.io/fyne/v2@v2.7.1/internal/driver/glfw/driver.go:45
fyne.io/fyne/v2/internal/driver/glfw.(*gLDriver).createWindow(0xc00015a210, {0x0?, 0x6e5aec?}, 0x1)
	/home/ati/go/pkg/mod/fyne.io/fyne/v2@v2.7.1/internal/driver/glfw/window.go:940 +0x55
fyne.io/fyne/v2/internal/driver/glfw.(*gLDriver).CreateWindow.func1()
	/home/ati/go/pkg/mod/fyne.io/fyne/v2@v2.7.1/internal/driver/glfw/window.go:901 +0x2d
fyne.io/fyne/v2/internal/async.EnsureMain(0xc000494000)
	/home/ati/go/pkg/mod/fyne.io/fyne/v2@v2.7.1/internal/async/goroutine.go:46 +0x3f
fyne.io/fyne/v2/internal/driver/glfw.(*gLDriver).CreateWindow(0xc00015a210, {0x0, 0x0})
	/home/ati/go/pkg/mod/fyne.io/fyne/v2@v2.7.1/internal/driver/glfw/window.go:900 +0x9b
fyne.io/fyne/v2/app.(*fyneApp).NewWindow(0xc00012c380?, {0x0?, 0x2?})
	/home/ati/go/pkg/mod/fyne.io/fyne/v2@v2.7.1/app/app.go:67 +0x22
main.main()
	/home/ati/projects/code/FrozenPea/main.go:123 +0x149
exit status 2
ALSA lib confmisc.c:165:(snd_config_get_card) Cannot get card index for 0
ALSA lib confmisc.c:165:(snd_config_get_card) Cannot get card index for 0
ALSA lib confmisc.c:165:(snd_config_get_card) Cannot get card index for 0
ALSA lib pcm_oss.c:397:(_snd_pcm_oss_open) Cannot open device /dev/dsp
ALSA lib pulse.c:242:(pulse_connect) PulseAudio: Unable to connect: Connection refused

ALSA lib confmisc.c:165:(snd_config_get_card) Cannot get card index for 0
ALSA lib confmisc.c:165:(snd_config_get_card) Cannot get card index for 0
ALSA lib confmisc.c:165:(snd_config_get_card) Cannot get card index for 0
2026/04/30 20:13:21 PlatformError: X11: The DISPLAY environment variable is missing
panic: NotInitialized: The GLFW library is not initialized

goroutine 1 [running, locked to thread]:
github.com/go-gl/glfw/v3.3/glfw.acceptError({0x0, 0x0, 0xc000210588?})
	/home/ati/go/pkg/mod/github.com/go-gl/glfw/v3.3/glfw@v0.0.0-20240506104042-037f3cc74f2a/error.go:177 +0x16f
github.com/go-gl/glfw/v3.3/glfw.panicError(...)
	/home/ati/go/pkg/mod/github.com/go-gl/glfw/v3.3/glfw@v0.0.0-20240506104042-037f3cc74f2a/error.go:188
github.com/go-gl/glfw/v3.3/glfw.CreateStandardCursor(0xc000263d20?)
	/home/ati/go/pkg/mod/github.com/go-gl/glfw/v3.3/glfw@v0.0.0-20240506104042-037f3cc74f2a/input.go:512 +0x3a
fyne.io/fyne/v2/internal/driver/glfw.initCursors()
	/home/ati/go/pkg/mod/fyne.io/fyne/v2@v2.7.1/internal/driver/glfw/window_desktop.go:56 +0x1c
fyne.io/fyne/v2/internal/driver/glfw.(*gLDriver).initGLFW(0x0?)
	/home/ati/go/pkg/mod/fyne.io/fyne/v2@v2.7.1/internal/driver/glfw/loop_desktop.go:18 +0x3a
fyne.io/fyne/v2/internal/driver/glfw.(*gLDriver).init(...)
	/home/ati/go/pkg/mod/fyne.io/fyne/v2@v2.7.1/internal/driver/glfw/driver.go:45
fyne.io/fyne/v2/internal/driver/glfw.(*gLDriver).createWindow(0xc00015a210, {0x0?, 0x6e5aec?}, 0x1)
	/home/ati/go/pkg/mod/fyne.io/fyne/v2@v2.7.1/internal/driver/glfw/window.go:940 +0x55
fyne.io/fyne/v2/internal/driver/glfw.(*gLDriver).CreateWindow.func1()
	/home/ati/go/pkg/mod/fyne.io/fyne/v2@v2.7.1/internal/driver/glfw/window.go:901 +0x2d
fyne.io/fyne/v2/internal/async.EnsureMain(0xc000203c20)
	/home/ati/go/pkg/mod/fyne.io/fyne/v2@v2.7.1/internal/async/goroutine.go:46 +0x3f
fyne.io/fyne/v2/internal/driver/glfw.(*gLDriver).CreateWindow(0xc00015a210, {0x0, 0x0})
	/home/ati/go/pkg/mod/fyne.io/fyne/v2@v2.7.1/internal/driver/glfw/window.go:900 +0x9b
fyne.io/fyne/v2/app.(*fyneApp).NewWindow(0xc00012c310?, {0x0?, 0x2?})
	/home/ati/go/pkg/mod/fyne.io/fyne/v2@v2.7.1/app/app.go:67 +0x22
main.main()
	/home/ati/projects/code/FrozenPea/main.go:123 +0x149
exit status 2
ALSA lib confmisc.c:165:(snd_config_get_card) Cannot get card index for 0
ALSA lib confmisc.c:165:(snd_config_get_card) Cannot get card index for 0
ALSA lib confmisc.c:165:(snd_config_get_card) Cannot get card index for 0
ALSA lib pcm_oss.c:397:(_snd_pcm_oss_open) Cannot open device /dev/dsp
ALSA lib pulse.c:242:(pulse_connect) PulseAudio: Unable to connect: Connection refused

ALSA lib confmisc.c:165:(snd_config_get_card) Cannot get card index for 0
ALSA lib confmisc.c:165:(snd_config_get_card) Cannot get card index for 0
ALSA lib confmisc.c:165:(snd_config_get_card) Cannot get card index for 0
2026/05/01 10:56:26 PlatformError: X11: The DISPLAY environment variable is missing
panic: NotInitialized: The GLFW library is not initialized

goroutine 1 [running, locked to thread]:
github.com/go-gl/glfw/v3.3/glfw.acceptError({0x0, 0x0, 0xc000012288?})
	/home/ati/go/pkg/mod/github.com/go-gl/glfw/v3.3/glfw@v0.0.0-20240506104042-037f3cc74f2a/error.go:177 +0x16f
github.com/go-gl/glfw/v3.3/glfw.panicError(...)
	/home/ati/go/pkg/mod/github.com/go-gl/glfw/v3.3/glfw@v0.0.0-20240506104042-037f3cc74f2a/error.go:188
github.com/go-gl/glfw/v3.3/glfw.CreateStandardCursor(0xc000239d20?)
	/home/ati/go/pkg/mod/github.com/go-gl/glfw/v3.3/glfw@v0.0.0-20240506104042-037f3cc74f2a/input.go:512 +0x3a
fyne.io/fyne/v2/internal/driver/glfw.initCursors()
	/home/ati/go/pkg/mod/fyne.io/fyne/v2@v2.7.1/internal/driver/glfw/window_desktop.go:56 +0x1c
fyne.io/fyne/v2/internal/driver/glfw.(*gLDriver).initGLFW(0x0?)
	/home/ati/go/pkg/mod/fyne.io/fyne/v2@v2.7.1/internal/driver/glfw/loop_desktop.go:18 +0x3a
fyne.io/fyne/v2/internal/driver/glfw.(*gLDriver).init(...)
	/home/ati/go/pkg/mod/fyne.io/fyne/v2@v2.7.1/internal/driver/glfw/driver.go:45
fyne.io/fyne/v2/internal/driver/glfw.(*gLDriver).createWindow(0xc000320630, {0x0?, 0x6e5aec?}, 0x1)
	/home/ati/go/pkg/mod/fyne.io/fyne/v2@v2.7.1/internal/driver/glfw/window.go:940 +0x55
fyne.io/fyne/v2/internal/driver/glfw.(*gLDriver).CreateWindow.func1()
	/home/ati/go/pkg/mod/fyne.io/fyne/v2@v2.7.1/internal/driver/glfw/window.go:901 +0x2d
fyne.io/fyne/v2/internal/async.EnsureMain(0xc000326750)
	/home/ati/go/pkg/mod/fyne.io/fyne/v2@v2.7.1/internal/async/goroutine.go:46 +0x3f
fyne.io/fyne/v2/internal/driver/glfw.(*gLDriver).CreateWindow(0xc000320630, {0x0, 0x0})
	/home/ati/go/pkg/mod/fyne.io/fyne/v2@v2.7.1/internal/driver/glfw/window.go:900 +0x9b
fyne.io/fyne/v2/app.(*fyneApp).NewWindow(0xc0001a2310?, {0x0?, 0x2?})
	/home/ati/go/pkg/mod/fyne.io/fyne/v2@v2.7.1/app/app.go:67 +0x22
main.main()
	/home/ati/projects/code/FrozenPea/main.go:123 +0x149
exit status 2
Got X11 context, window: 4194361
XGB: conn.go:47: Could not get authority info: open /home/ati/.Xauthority: no such file or directory
XGB: conn.go:48: Trying connection without authority info...
Got X11 context, window: 4194384
XGB: conn.go:47: Could not get authority info: open /home/ati/.Xauthority: no such file or directory
XGB: conn.go:48: Trying connection without authority info...
XGB: xgb.go:403: A read error is unrecoverable: EOF
XGB: xgb.go:403: A read error is unrecoverable: EOF
XGB: xgb.go:403: A read error is unrecoverable: EOF
panic: close of closed channel

goroutine 42 [running]:
github.com/BurntSushi/xgb.(*Conn).Close(...)
	/home/ati/go/pkg/mod/github.com/!burnt!sushi/xgb@v0.0.0-20210121224620-deaf085860bc/xgb.go:140
github.com/BurntSushi/xgb.(*Conn).readResponses(0xc000b90210)
	/home/ati/go/pkg/mod/github.com/!burnt!sushi/xgb@v0.0.0-20210121224620-deaf085860bc/xgb.go:405 +0x246
created by github.com/BurntSushi/xgb.postNewConn in goroutine 1
	/home/ati/go/pkg/mod/github.com/!burnt!sushi/xgb@v0.0.0-20210121224620-deaf085860bc/xgb.go:133 +0x2b6
exit status 2
ALSA lib confmisc.c:165:(snd_config_get_card) Cannot get card index for 0
ALSA lib confmisc.c:165:(snd_config_get_card) Cannot get card index for 0
ALSA lib confmisc.c:165:(snd_config_get_card) Cannot get card index for 0
ALSA lib pcm_oss.c:397:(_snd_pcm_oss_open) Cannot open device /dev/dsp
ALSA lib pulse.c:242:(pulse_connect) PulseAudio: Unable to connect: Connection refused

ALSA lib confmisc.c:165:(snd_config_get_card) Cannot get card index for 0
ALSA lib confmisc.c:165:(snd_config_get_card) Cannot get card index for 0
ALSA lib confmisc.c:165:(snd_config_get_card) Cannot get card index for 0
2026/05/02 09:06:57 PlatformError: X11: The DISPLAY environment variable is missing
panic: NotInitialized: The GLFW library is not initialized

goroutine 1 [running, locked to thread]:
github.com/go-gl/glfw/v3.3/glfw.acceptError({0x0, 0x0, 0xc000120180?})
	/home/ati/go/pkg/mod/github.com/go-gl/glfw/v3.3/glfw@v0.0.0-20240506104042-037f3cc74f2a/error.go:177 +0x16f
github.com/go-gl/glfw/v3.3/glfw.panicError(...)
	/home/ati/go/pkg/mod/github.com/go-gl/glfw/v3.3/glfw@v0.0.0-20240506104042-037f3cc74f2a/error.go:188
github.com/go-gl/glfw/v3.3/glfw.CreateStandardCursor(0xc000245d20?)
	/home/ati/go/pkg/mod/github.com/go-gl/glfw/v3.3/glfw@v0.0.0-20240506104042-037f3cc74f2a/input.go:512 +0x3a
fyne.io/fyne/v2/internal/driver/glfw.initCursors()
	/home/ati/go/pkg/mod/fyne.io/fyne/v2@v2.7.1/internal/driver/glfw/window_desktop.go:56 +0x1c
fyne.io/fyne/v2/internal/driver/glfw.(*gLDriver).initGLFW(0x0?)
	/home/ati/go/pkg/mod/fyne.io/fyne/v2@v2.7.1/internal/driver/glfw/loop_desktop.go:18 +0x3a
fyne.io/fyne/v2/internal/driver/glfw.(*gLDriver).init(...)
	/home/ati/go/pkg/mod/fyne.io/fyne/v2@v2.7.1/internal/driver/glfw/driver.go:45
fyne.io/fyne/v2/internal/driver/glfw.(*gLDriver).createWindow(0xc00043a000, {0x0?, 0x6e5aec?}, 0x1)
	/home/ati/go/pkg/mod/fyne.io/fyne/v2@v2.7.1/internal/driver/glfw/window.go:940 +0x55
fyne.io/fyne/v2/internal/driver/glfw.(*gLDriver).CreateWindow.func1()
	/home/ati/go/pkg/mod/fyne.io/fyne/v2@v2.7.1/internal/driver/glfw/window.go:901 +0x2d
fyne.io/fyne/v2/internal/async.EnsureMain(0xc00011ef30)
	/home/ati/go/pkg/mod/fyne.io/fyne/v2@v2.7.1/internal/async/goroutine.go:46 +0x3f
fyne.io/fyne/v2/internal/driver/glfw.(*gLDriver).CreateWindow(0xc00043a000, {0x0, 0x0})
	/home/ati/go/pkg/mod/fyne.io/fyne/v2@v2.7.1/internal/driver/glfw/window.go:900 +0x9b
fyne.io/fyne/v2/app.(*fyneApp).NewWindow(0xc00043c150?, {0x0?, 0x2?})
	/home/ati/go/pkg/mod/fyne.io/fyne/v2@v2.7.1/app/app.go:67 +0x22
main.main()
	/home/ati/projects/code/FrozenPea/main.go:123 +0x149
exit status 2
Got X11 context, window: 4194361
XGB: conn.go:47: Could not get authority info: open /home/ati/.Xauthority: no such file or directory
XGB: conn.go:48: Trying connection without authority info...
